label,error_rate
0,0.011055276381909548
1,0.06582840236686391
