label,error_rate
0,0.010050251256281407
1,0.03772189349112426
