label,error_rate
0,0.009547738693467337
1,0.03550295857988166
