label,error_rate
0,0.009045226130653266
1,0.07026627218934911
