feature_condition,weight
path_len <= 1.00,-0.4809583518541565
subdomain_depth <= 0.00,-0.4678664674767669
double_slash_in_path <= 0.00,-0.19991708537118008
query_len <= 0.00,-0.0671325382701138
has_at <= 0.00,-0.05959122050148584
23.00 < url_len <= 37.00,0.05669570862259668
suspicious_token_present <= 0.00,-0.04208533040143976
14.00 < host_len <= 20.00,-0.04100218470284628
3.59 < shannon_entropy_url <= 3.84,-0.033712068584109
pct_encoded <= 0.00,-0.014614470220879224
