feature_condition,weight
n_hyphens > 1.00,-0.007586087006478044
path_len <= 1.00,-0.007406426608854552
subdomain_depth <= 0.00,-0.0046640832668175276
double_slash_in_path <= 0.00,-0.004437256512635856
23.00 < url_len <= 37.00,0.002640617042866924
n_digits <= 0.00,-0.002308912172283308
suspicious_token_present <= 0.00,-0.001998234475255269
pct_encoded <= 0.00,-0.0018347552499171004
14.00 < host_len <= 20.00,-0.0016646212282854659
query_len <= 0.00,-0.0013907699310740005
