accuracy,macro_f1,roc_auc,pr_auc,fpr_at_tpr_0_95,confusion_matrix,model,fit_time_s,model_size_kb,infer_ms_per_1k
0.9796529024536206,0.9787955638411627,0.9948537064018317,0.9948991889450225,0.004020100502512563,"[[1973, 17], [51, 1301]]",xgb,8.9391,577.27,3.95
0.9661879114302813,0.9645660303747352,0.9857018078558473,0.9874770961695627,0.020603015075376884,"[[1972, 18], [95, 1257]]",linear_svm,0.5725,4.12,1.88
0.966786355475763,0.9652394939663729,0.9865090987481787,0.9876788736214333,0.023618090452261306,"[[1968, 22], [89, 1263]]",lr,3.1679,1.45,0.37
0.978755236385398,0.9778957608715599,0.9935119383901757,0.9935847930374632,0.005527638190954774,"[[1965, 25], [46, 1306]]",lgbm,134.339,2056.61,27.6
0.9799521244763615,0.9791204369607636,0.9950256088132973,0.9949873279337332,0.005025125628140704,"[[1971, 19], [48, 1304]]",rf,6.6449,6921.73,19.41
0.978755236385398,0.9778683815914764,0.99412762778389,0.9927844973312843,0.006030150753768844,"[[1970, 20], [51, 1301]]",dt,0.6359,8.06,0.64
