feature_condition,weight
path_len <= 1.00,-0.371064830651798
subdomain_depth <= 0.00,-0.33499977249318413
n_special <= 0.00,-0.10643861481308392
23.00 < url_len <= 37.00,0.08763216121598351
shannon_entropy_url > 4.14,0.07618553817968966
double_slash_in_path <= 0.00,-0.07272227619731053
query_len <= 0.00,-0.06477248398081677
pct_encoded <= 0.00,-0.06306299353880812
0.00 < n_hyphens <= 1.00,0.027049204071209594
n_digits <= 0.00,-0.023412843031590993
