{
  "instance_idx": 29,
  "base_value": 0.5224053270520022,
  "shap_sum": 0.12713308191466746,
  "prediction": 0.6495384089666696
}