{
  "instance_idx": 13,
  "base_value": 0.1169210895895958,
  "shap_sum": 0.4444292485713959,
  "prediction": 0.5613503456115723
}