{
  "instance_idx": 13,
  "base_value": 3.517873520797267,
  "shap_sum": -2.4799401671964536,
  "prediction": 1.0379333536008133
}