{
  "instance_idx": 21,
  "base_value": 0.5002011675607446,
  "shap_sum": 0.14475226319077367,
  "prediction": 0.6449534307515183
}