label,error_rate
0,0.0065211938801103585
1,0.022265246853823813
