label,error_rate
0,0.008276899924755455
1,0.02202323330106486
