feature_condition,weight
subdomain_depth <= 0.00,-0.30317793214911604
path_len <= 1.00,-0.2545261941764516
28.00 < url_len <= 76.00,0.10777400244190986
n_special <= 0.00,-0.06844840022867876
double_slash_in_path <= 0.00,0.06589032496261038
is_shortener <= 0.00,-0.05916912278692182
query_len <= 0.00,-0.05217951844508015
host_len > 19.00,0.03928996051040636
3.65 < shannon_entropy_url <= 3.94,-0.035451775646326865
pct_encoded <= 0.00,0.018582304923882922
