feature_condition,weight
n_hyphens > 1.00,-0.004982620368429967
subdomain_depth <= 0.00,-0.004328042960858686
has_at <= 0.00,-0.0022162932012710535
suspicious_token_present <= 0.00,-0.002191147463180098
query_len <= 0.00,-0.0020214170954600628
is_shortener <= 0.00,-0.0008445088712317105
pct_encoded <= 0.00,0.0008417342905467518
n_special <= 0.00,-0.0008023898947463868
3.94 < shannon_entropy_url <= 4.85,-0.0005616715987709643
path_len <= 1.00,-0.00042045371461608055
