accuracy,macro_f1,roc_auc,pr_auc,fpr_at_tpr_0_95,confusion_matrix,model,fit_time_s,model_size_kb,infer_ms_per_1k
0.9854661904175391,0.9854648142551454,0.9972129896510222,0.99796442385441,0.0,"[[3961, 26], [92, 4040]]",xgb,14.5581,563.79,2.97
0.9798004680379357,0.9798004530226836,0.9911471418120509,0.9944993076037943,0.0005016302984700275,"[[3974, 13], [151, 3981]]",linear_svm,0.8747,4.12,0.77
0.9793077965266659,0.9793075676855858,0.9924593080949677,0.9950685676175945,0.0007524454477050414,"[[3962, 25], [143, 3989]]",lr,3.2185,1.45,0.16
0.9853430225397216,0.9853412212742452,0.996679612904573,0.9976381049707104,0.00025081514923501377,"[[3955, 32], [87, 4045]]",lgbm,171.709,2057.16,16.74
0.9847271831506343,0.9847254292602925,0.9973600673631704,0.9979795587481364,0.0005016302984700275,"[[3954, 33], [91, 4041]]",rf,11.0709,10372.04,9.55
0.983865008005912,0.9838631974609914,0.9952930579562669,0.9956735784539261,0.0015048908954100827,"[[3951, 36], [95, 4037]]",dt,0.8165,21.81,0.34
