{
  "instance_idx": 21,
  "base_value": 2.9075677941147675,
  "shap_sum": -2.0778204289081885,
  "prediction": 0.829747365206579
}