feature,mean_abs_shap,rank
subdomain_depth,3.6483541322293713,1
url_len,2.726621690998987,2
path_len,2.675722225234752,3
shannon_entropy_url,0.8259954485391211,4
host_len,0.7546039955135211,5
n_hyphens,0.3859027490177231,6
n_digits,0.3429302140231725,7
query_len,0.13646293513828842,8
suspicious_token_present,0.11117973453039816,9
n_special,0.03708534505640552,10
has_ip,0.0,11
pct_encoded,0.0,12
has_at,0.0,13
double_slash_in_path,0.0,14
is_shortener,0.0,15
