feature_condition,weight
pct_encoded <= 0.00,0.015522323639344634
path_len <= 1.00,0.0056118199040777915
n_special <= 0.00,-0.0043288234830216425
3.78 < shannon_entropy_url <= 4.07,-0.004313756079585372
subdomain_depth <= 0.00,-0.00428587824011736
n_hyphens > 0.00,-0.0040476008502286515
has_at <= 0.00,-0.0033652610990899303
query_len <= 0.00,0.0032004460989060947
suspicious_token_present <= 0.00,-0.002026980007325759
23.00 < url_len <= 34.00,-0.0009014727750432562
