{
  "instance_idx": 22,
  "base_value": 3.96456535797461,
  "shap_sum": -3.5655218329940035,
  "prediction": 0.39904352498060636
}