{
  "instance_idx": 151,
  "base_value": 0.14393220841884613,
  "shap_sum": 0.7163733839988708,
  "prediction": 0.8603056073188782
}