{
  "instance_idx": 22,
  "base_value": 0.5300675305442428,
  "shap_sum": 0.036681765437576286,
  "prediction": 0.5667492959818191
}