label,error_rate
0,0.0026455026455026454
1,0.03130267276667469
