label,error_rate
0,0.001889644746787604
1,0.03202504213821334
