label,error_rate
0,0.0003779289493575208
1,0.06356850469540092
