label,error_rate
0,0.0023935500125976316
1,0.05104743558873104
