label,error_rate
0,0.0025195263290501385
1,0.030339513604623163
