feature_condition,weight
path_len <= 1.00,-0.5007292117585636
subdomain_depth <= 0.00,-0.48881465337483565
n_special <= 0.00,-0.1617502072972669
query_len <= 0.00,-0.09353938829622244
host_len > 20.00,0.07901214942312057
pct_encoded <= 0.00,-0.04045502745102681
has_at <= 0.00,-0.03279626893866987
suspicious_token_present <= 0.00,0.02891422874320017
3.58 < shannon_entropy_url <= 3.78,-0.027652934938678517
n_hyphens > 0.00,0.017577140988251933
