feature_condition,weight
subdomain_depth <= 0.00,-0.25082264811156674
path_len <= 1.00,-0.22578174438104226
28.00 < url_len <= 76.00,0.13291403720010808
double_slash_in_path <= 0.00,-0.13227610292849729
host_len > 19.00,0.09789360036185582
query_len <= 0.00,-0.06631526747857652
suspicious_token_present <= 0.00,-0.05344855829623748
has_at <= 0.00,0.03871330208707894
pct_encoded <= 0.00,-0.022726734850447464
n_special <= 0.00,-0.02230468380129034
