feature_condition,weight
subdomain_depth <= 0.00,-0.5397625039280569
path_len <= 1.00,-0.49282887230459427
double_slash_in_path <= 0.00,-0.19500398921029158
23.00 < url_len <= 34.00,-0.14866467413236545
n_digits <= 0.00,0.12360212803905662
query_len <= 0.00,-0.10604294130763896
host_len > 20.00,0.1027266673729971
n_special <= 0.00,-0.08534095911123149
suspicious_token_present <= 0.00,-0.0517241926392846
pct_encoded <= 0.00,-0.04752174636942253
