accuracy,macro_f1,roc_auc,pr_auc,fpr_at_tpr_0_95,confusion_matrix,model,fit_time_s,model_size_kb,infer_ms_per_1k
0.9877594905301464,0.9863356489509165,0.9957661431839593,0.9950932881005541,0.0,"[[7923, 15], [133, 4020]]",xgb,25.8065,547.05,2.91
0.9779174592672235,0.9751329289570853,0.9837476598223277,0.987023794096641,0.001763668430335097,"[[7935, 3], [264, 3889]]",linear_svm,1.7235,4.12,0.65
0.9808948804896204,0.9785758364851406,0.9873313872373646,0.9884043326562642,0.0026455026455026454,"[[7919, 19], [212, 3941]]",lr,4.7022,1.45,0.16
0.9879249028202796,0.9865186947848616,0.9940012462342848,0.99360424444647,0.0,"[[7925, 13], [133, 4020]]",lgbm,264.496,2057.46,16.34
0.9879249028202796,0.9865299223821922,0.995845951440301,0.9953904942181682,0.0,"[[7918, 20], [126, 4027]]",rf,18.6944,19444.7,10.84
0.9872632536597469,0.9857731978108433,0.9957834334561427,0.9939906128525322,0.0007558578987150416,"[[7925, 13], [141, 4012]]",dt,1.2931,6.81,0.32
