accuracy,macro_f1,roc_auc,pr_auc,fpr_at_tpr_0_95,confusion_matrix,model,fit_time_s,model_size_kb,infer_ms_per_1k
0.9877594905301464,0.9863356489509165,0.9957661431839593,0.9950932881005541,0.0,"[[7923, 15], [133, 4020]]",xgb,33.1498,547.05,2.89
0.9779174592672235,0.9751329289570853,0.9837476598223277,0.987023794096641,0.001763668430335097,"[[7935, 3], [264, 3889]]",linear_svm,1.8501,4.12,0.61
0.9808948804896204,0.9785758364851406,0.9873313872373646,0.9884043326562642,0.0026455026455026454,"[[7919, 19], [212, 3941]]",lr,4.2813,1.45,0.13
0.9879249028202796,0.9865186947848616,0.9940012462342848,0.99360424444647,0.0,"[[7925, 13], [133, 4020]]",lgbm,198.6339,2057.46,16.03
0.9875113720949467,0.9860661351839968,0.9957662493522972,0.9953708181034565,0.0,"[[7917, 21], [130, 4023]]",rf,17.8433,13141.42,7.47
0.9872632536597469,0.9857731978108433,0.9957834334561427,0.9939906128525322,0.0007558578987150416,"[[7925, 13], [141, 4012]]",dt,1.4421,6.81,0.28
