{
  "instance_idx": 150,
  "base_value": 0.021738454699516296,
  "shap_sum": 1.327250361442566,
  "prediction": 1.3489887714385986
}