url_len,host_len,path_len,query_len,n_digits,n_hyphens,n_special,subdomain_depth,has_ip,has_at,pct_encoded,double_slash_in_path,shannon_entropy_url,is_shortener,suspicious_token_present,label
22,13,1,0,0,0,0,0,0,0,0,0,3.5383105,0,0,0
21,12,1,0,0,0,0,0,0,0,0,0,3.7489948,0,0,0
23,14,1,0,0,0,0,0,0,0,0,0,3.9690015,0,0,0
16,7,1,0,0,0,0,0,0,0,0,0,3.5778196,0,0,0
20,11,1,0,0,0,0,0,0,0,0,0,3.6464393,0,0,0
18,9,1,0,0,0,0,0,0,0,0,0,3.530493,0,0,0
22,13,1,0,0,0,0,0,0,0,0,0,3.7544417,0,0,0
19,10,1,0,0,0,0,0,0,0,0,0,3.5766177,0,0,0
20,11,1,0,0,0,0,0,0,0,0,0,3.5037017,0,0,0
19,10,1,0,0,0,0,0,0,0,0,0,3.497156,0,0,0
25,16,1,0,0,1,0,0,0,0,0,0,3.6732697,0,0,0
17,8,1,0,0,0,0,0,0,0,0,0,3.6901164,0,0,0
23,14,1,0,0,0,0,0,0,0,0,0,3.696625,0,0,0
19,10,1,0,0,0,0,0,0,0,0,0,3.5766177,0,0,0
19,10,1,0,0,0,0,0,0,0,0,0,3.4316235,0,0,0
28,19,1,0,0,0,0,0,0,0,0,0,3.824863,0,0,0
30,21,1,0,0,0,0,0,0,0,0,0,3.7898982,0,0,0
26,17,1,0,0,0,0,0,0,0,0,0,3.9500637,0,1,0
22,13,1,0,0,0,0,0,0,0,0,0,3.845351,0,0,0
22,13,1,0,0,1,0,0,0,0,0,0,3.7201288,0,0,0
18,9,1,0,0,0,0,0,0,0,0,0,3.7946534,0,0,0
17,8,1,0,0,0,0,0,0,0,0,0,3.6901164,0,0,0
19,10,1,0,0,0,0,0,0,0,0,0,3.64215,0,0,0
21,12,1,0,0,1,0,0,0,0,0,0,3.4632804,0,0,0
21,12,1,0,0,0,0,0,0,0,0,0,3.2728043,0,0,0
19,10,1,0,0,0,0,0,0,0,0,0,3.4713545,0,0,0
22,13,1,0,0,0,0,0,0,0,0,0,3.5383105,0,0,0
22,13,1,0,0,1,0,0,0,0,0,0,3.5383105,0,0,0
20,11,1,0,0,0,0,0,0,0,0,0,3.6841838,0,0,0
19,10,1,0,0,0,0,0,0,0,0,0,3.6818807,0,0,0
30,21,1,0,0,0,0,0,0,0,0,0,3.9898982,0,0,0
27,18,1,0,0,0,0,0,0,0,0,0,3.810081,0,0,0
18,9,1,0,0,0,0,0,0,0,0,0,3.4193819,0,0,0
15,6,1,0,0,0,0,0,0,0,0,0,3.4565647,0,0,0
22,13,1,0,0,0,0,0,0,0,0,0,3.6069367,0,0,0
16,7,1,0,0,0,0,0,0,0,0,0,3.2806392,0,0,0
26,17,1,0,0,0,0,0,0,0,0,0,3.7962177,0,0,0
15,6,1,0,0,0,0,0,0,0,0,0,3.189898,1,0,0
18,9,1,0,0,0,0,0,0,0,0,0,3.5724313,0,0,0
16,7,1,0,0,0,0,0,0,0,0,0,3.3278196,0,0,0
19,10,1,0,0,0,0,0,0,0,0,0,3.64215,0,0,0
19,10,1,0,0,0,0,0,0,0,0,0,3.3660913,0,0,0
17,8,1,0,1,0,0,0,0,0,0,0,3.5280643,0,0,0
18,9,1,0,0,0,0,0,0,0,0,0,3.5724313,0,0,0
14,5,1,0,0,0,0,0,0,0,0,0,3.324863,0,0,0
17,8,1,0,0,0,0,0,0,0,0,0,3.4104173,0,0,0
18,9,1,0,0,0,0,0,0,0,0,0,3.530493,0,0,0
22,13,1,0,0,1,0,0,0,0,0,0,3.6292198,0,0,0
18,9,1,0,0,0,0,0,0,0,0,0,3.530493,0,0,0
15,6,1,0,0,0,0,0,0,0,0,0,3.3232315,0,0,0
17,8,1,0,0,0,0,0,0,0,0,0,3.2927701,0,0,0
19,10,1,0,0,0,0,0,0,0,0,0,3.5368867,0,0,0
18,9,1,0,0,0,0,0,0,0,0,0,3.5724313,0,0,0
25,16,1,0,0,1,0,0,0,0,0,0,3.4830742,0,0,0
29,20,1,0,0,1,0,0,0,0,0,0,4.0212684,0,0,0
18,9,1,0,0,0,0,0,0,0,0,0,3.7946534,0,0,0
27,18,1,0,0,1,0,0,0,0,0,0,4.134336,0,0,0
25,16,1,0,0,0,0,0,0,0,0,0,3.863465,0,0,0
21,12,1,0,0,0,0,0,0,0,0,0,3.88018,0,0,0
14,5,1,0,0,0,0,0,0,0,0,0,3.324863,0,0,0
20,11,1,0,0,0,0,0,0,0,0,0,3.4464393,0,0,0
26,17,1,0,0,0,0,0,0,0,0,0,3.9021747,0,0,0
18,9,1,0,0,0,0,0,0,0,0,0,3.5724313,0,0,0
29,20,1,0,0,0,0,0,0,0,0,0,3.9952378,0,0,0
19,10,1,0,0,0,0,0,0,0,0,0,3.64215,0,0,0
18,9,1,0,0,0,0,0,0,0,0,0,3.6835423,0,0,0
15,6,1,0,0,0,0,0,0,0,0,0,3.4565647,0,0,0
20,11,1,0,1,0,0,0,0,0,0,0,3.8464394,0,0,0
16,7,1,0,1,0,0,0,0,0,0,0,3.5778196,0,0,0
23,14,1,0,0,1,0,0,0,0,0,0,3.8164027,0,0,0
22,13,1,0,0,0,0,0,0,0,0,0,3.4251184,0,0,0
18,9,1,0,0,0,0,0,0,0,0,0,3.530493,0,0,0
28,19,1,0,0,1,0,0,0,0,0,0,3.8868394,0,0,0
17,8,1,0,0,0,0,0,0,0,0,0,3.6901164,0,0,0
21,12,1,0,0,0,0,0,0,0,0,0,3.4632804,0,0,0
28,19,1,0,0,1,0,0,0,0,0,0,3.8154106,0,0,0
19,10,1,0,0,0,0,0,0,0,0,0,3.5766177,0,0,0
20,11,1,0,0,1,0,0,0,0,0,0,3.7464395,0,0,0
19,10,1,0,0,0,0,0,0,0,0,0,3.5766177,0,0,0
19,10,1,0,0,0,0,0,0,0,0,0,3.64215,0,0,0
16,7,1,0,0,0,0,0,0,0,0,0,3.2028196,0,0,0
21,12,1,0,0,0,0,0,0,0,0,0,3.5225716,0,0,0
20,11,1,0,0,0,0,0,0,0,0,0,3.4464393,0,0,0
18,9,1,0,0,0,0,0,0,0,0,0,3.6835423,0,0,0
19,10,1,0,0,0,0,0,0,0,0,0,3.5368867,0,0,0
19,10,1,0,0,0,0,0,0,0,0,0,3.497156,0,0,0
17,8,1,0,0,0,0,0,0,0,0,0,3.4104173,0,0,0
18,9,1,0,0,0,0,0,0,0,0,0,3.7946534,0,0,0
24,15,1,0,0,0,0,0,0,0,0,0,3.438722,0,0,0
21,12,1,0,0,0,0,0,0,0,0,0,3.7489948,0,0,0
20,11,1,0,0,0,0,0,0,0,0,0,3.6464393,0,0,0
35,26,1,0,0,2,0,0,0,0,0,0,4.0500135,0,0,0
19,10,1,0,0,0,0,0,0,0,0,0,3.5766177,0,0,0
24,15,1,0,1,0,0,0,0,0,0,0,3.7406015,0,0,0
16,7,1,0,0,0,0,0,0,0,0,0,3.4528196,0,0,0
18,9,1,0,0,0,0,0,0,0,0,0,3.308271,0,0,0
17,8,1,0,0,0,0,0,0,0,0,0,3.3371754,0,0,0
24,15,1,0,0,1,0,0,0,0,0,0,3.709148,0,0,0
22,13,1,0,0,0,0,0,0,0,0,0,3.697846,0,0,0
25,16,1,0,0,1,0,0,0,0,0,0,3.8136606,0,0,0
20,11,1,0,0,0,0,0,0,0,0,0,3.6464393,0,0,0
19,10,1,0,0,0,0,0,0,0,0,0,3.787144,0,0,0
22,13,1,0,0,0,0,0,0,0,0,0,3.7544417,0,0,0
27,18,1,0,0,0,0,0,0,0,0,0,3.9023116,0,0,0
23,14,1,0,0,0,0,0,0,0,0,0,3.7622674,0,0,0
18,9,1,0,0,1,0,0,0,0,0,0,3.530493,0,0,0
30,21,1,0,0,1,0,0,0,0,0,0,3.7777472,0,0,0
15,6,1,0,0,0,0,0,0,0,0,0,3.3232315,0,0,0
20,11,1,0,0,0,0,0,0,0,0,0,3.8841836,0,0,0
24,15,1,0,0,0,0,0,0,0,0,0,3.8239348,0,0,0
23,14,1,0,0,0,0,0,0,0,0,0,3.7622674,0,0,0
16,7,1,0,0,0,0,0,0,0,0,0,3.4528196,0,0,0
24,15,1,0,0,0,0,0,0,0,0,0,3.938722,0,0,0
17,8,1,0,0,0,0,0,0,0,0,0,3.4548223,0,0,0
20,11,1,0,0,0,0,0,0,0,0,0,3.5841837,0,0,0
20,11,1,0,0,0,0,0,0,0,0,0,3.3841836,0,0,0
21,12,1,0,0,0,0,0,0,0,0,0,3.88018,0,0,0
19,10,1,0,0,0,0,0,0,0,0,0,3.64215,0,0,0
20,11,1,0,0,0,0,0,0,0,0,0,3.508695,0,0,0
23,14,1,0,0,0,0,0,0,0,0,0,3.6753109,0,0,0
16,7,1,0,0,0,0,0,0,0,0,0,3.3278196,0,0,0
17,8,1,0,0,0,0,0,0,0,0,0,3.5724695,0,0,0
19,10,1,0,0,0,0,0,0,0,0,0,3.6818807,0,0,0
15,6,1,0,1,0,0,0,0,0,0,0,3.4565647,0,0,0
28,19,1,0,0,0,0,0,0,0,0,0,3.458268,0,0,0
24,15,1,0,0,0,0,0,0,0,0,0,3.7720551,0,0,0
20,11,1,0,0,0,0,0,0,0,0,0,3.7464395,0,0,0
21,12,1,0,0,0,0,0,0,0,0,0,3.6537566,0,0,0
21,12,1,0,0,1,0,0,0,0,0,0,3.6178098,0,0,0
25,16,1,0,0,0,0,0,0,0,0,0,4.2136607,0,1,0
19,10,1,0,0,0,0,0,0,0,0,0,3.8924072,0,0,0
19,10,1,0,0,0,0,0,0,0,0,0,3.5368867,0,0,0
19,10,1,0,0,0,0,0,0,0,0,0,3.6818807,0,0,0
15,6,1,0,0,0,0,0,0,0,0,0,3.1395721,0,0,0
28,19,1,0,0,0,0,0,0,0,0,0,3.94076,0,0,0
19,10,1,0,0,1,0,0,0,0,0,0,3.5368867,0,0,0
20,11,1,0,0,0,0,0,0,0,0,0,3.5841837,0,0,0
18,9,1,0,0,0,0,0,0,0,0,0,3.1496735,0,0,0
18,9,1,0,0,0,0,0,0,0,0,0,3.6835423,0,0,0
18,9,1,0,0,0,0,0,0,0,0,0,3.1496735,0,0,0
20,11,1,0,0,0,0,0,0,0,0,0,3.6841838,0,0,0
16,7,1,0,0,0,0,0,0,0,0,0,3.3278196,0,0,0
24,15,1,0,0,0,0,0,0,0,0,0,3.7406015,0,0,0
18,9,1,0,0,0,0,0,0,0,0,0,3.4613202,0,0,0
19,10,1,0,0,0,0,0,0,0,0,0,3.3918927,0,0,0
22,13,1,0,0,0,0,0,0,0,0,0,3.5039976,0,0,0
18,9,1,0,0,0,0,0,0,0,0,0,3.6835423,0,0,0
21,12,1,0,0,0,0,0,0,0,0,0,3.784942,0,0,0
21,12,1,0,0,1,0,0,0,0,0,0,3.88018,0,0,0
18,9,1,0,0,0,0,0,0,0,0,0,3.6835423,0,0,0
22,13,1,0,0,0,0,0,0,0,0,0,3.7201288,0,0,0
30,21,1,0,0,0,0,0,0,0,0,0,3.6314018,0,0,0
19,10,1,0,0,0,0,0,0,0,0,0,3.4316235,0,0,0
26,17,1,0,0,0,0,0,0,0,0,0,3.6902604,0,0,0
20,11,1,0,0,0,0,0,0,0,0,0,3.6464393,0,0,0
18,9,1,0,0,0,0,0,0,0,0,0,3.530493,0,0,0
17,8,1,0,0,0,0,0,0,0,0,0,3.5724695,0,0,0
17,8,1,0,0,0,0,0,0,0,0,0,3.6901164,0,0,0
21,12,1,0,0,0,0,0,0,0,0,0,3.6537566,0,0,0
16,7,1,0,0,0,0,0,0,0,0,0,3.4056392,0,0,0
20,11,1,0,0,0,0,0,0,0,0,0,3.7841837,0,0,0
17,8,1,0,0,0,0,0,0,0,0,0,3.5724695,0,0,0
25,16,1,0,0,0,0,0,0,0,0,0,3.4936607,0,0,0
19,10,1,0,0,0,0,0,0,0,0,0,3.5368867,0,0,0
20,11,1,0,0,0,0,0,0,0,0,0,3.4841838,0,0,0
19,10,1,0,0,0,0,0,0,0,0,0,3.6818807,0,0,0
29,20,1,0,0,1,0,0,0,0,0,0,3.9228287,0,0,0
23,14,1,0,0,0,0,0,0,0,0,0,3.5883543,0,0,0
22,13,1,0,0,0,0,0,0,0,0,0,3.93626,0,0,0
20,11,1,0,0,0,0,0,0,0,0,0,3.4464393,0,0,0
20,11,1,0,0,1,0,0,0,0,0,0,3.4841838,0,0,0
18,9,1,0,0,0,0,0,0,0,0,0,3.530493,0,0,0
23,14,1,0,0,0,0,0,0,0,0,0,3.6753109,0,0,0
20,11,1,0,0,0,0,0,0,0,0,0,3.7841837,0,0,0
16,7,1,0,0,0,0,0,0,0,0,0,3.4528196,0,0,0
15,6,1,0,0,0,0,0,0,0,0,0,3.189898,0,0,0
16,7,1,0,0,0,0,0,0,0,0,0,3.2806392,0,0,0
19,10,1,0,0,0,0,0,0,0,0,0,3.5766177,0,0,0
20,11,1,0,0,0,0,0,0,0,0,0,3.6841838,0,0,0
24,15,1,0,0,0,0,0,0,0,0,0,3.569774,0,0,0
17,8,1,0,0,0,0,0,0,0,0,0,3.5724695,0,0,0
16,7,1,0,0,0,0,0,0,0,0,0,3.4528196,0,0,0
24,15,1,0,0,0,0,0,0,0,0,0,3.709148,0,0,0
25,16,1,0,0,0,0,0,0,0,0,0,3.5590796,0,0,0
27,18,1,0,0,0,0,0,0,0,0,0,4.0043445,0,0,0
21,12,1,0,0,0,0,0,0,0,0,0,3.784942,0,0,0
22,13,1,0,0,0,0,0,0,0,0,0,3.5383105,0,0,0
18,9,1,0,0,0,0,0,0,0,0,0,3.5724313,0,0,0
19,10,1,0,1,0,0,0,0,0,0,0,3.4713545,0,0,0
17,8,1,0,1,0,0,0,0,0,0,0,3.4104173,0,0,0
22,13,1,0,0,0,0,0,0,0,0,0,3.6635327,0,0,0
22,13,1,0,0,0,0,0,0,0,0,0,3.7544417,0,0,0
25,16,1,0,0,1,0,0,0,0,0,0,3.9132698,0,0,0
18,9,1,0,0,0,0,0,0,0,0,0,3.308271,0,0,0
23,14,1,0,0,0,0,0,0,0,0,0,3.8492239,0,0,0
19,10,1,0,0,0,0,0,0,0,0,0,3.5368867,0,0,0
20,11,1,0,0,0,0,0,0,0,0,0,3.8841836,0,0,0
24,15,1,0,0,0,0,0,0,0,0,0,3.8239348,0,0,0
18,9,1,0,0,0,0,0,0,0,0,0,3.4193819,0,0,0
23,14,1,0,0,0,0,0,0,0,0,0,3.9361804,0,0,0
20,11,1,0,0,0,0,0,0,0,0,0,3.5841837,0,0,0
45,36,1,0,7,0,0,0,0,0,0,0,4.3835354,0,0,0
24,15,1,0,0,0,0,0,0,0,0,0,3.6368423,0,0,0
15,6,1,0,0,0,0,0,0,0,0,0,3.3232315,0,0,0
23,14,1,0,0,0,0,0,0,0,0,0,3.7294462,0,0,0
18,9,1,0,0,0,0,0,0,0,0,0,3.1552215,0,0,0
18,9,1,0,0,0,0,0,0,0,0,0,3.4193819,0,0,0
21,12,1,0,0,0,0,0,0,0,0,0,3.4992275,0,0,0
19,10,1,0,0,0,0,0,0,0,0,0,3.5368867,0,0,0
20,11,1,0,0,0,0,0,0,0,0,0,3.5464394,0,0,0
16,7,1,0,0,0,0,0,0,0,0,0,2.9834585,0,0,0
21,12,1,0,0,0,0,0,0,0,0,0,3.7489948,0,0,0
25,16,1,0,0,0,0,0,0,0,0,0,3.7532697,0,0,0
18,9,1,0,0,0,0,0,0,0,0,0,3.530493,0,0,0
24,15,1,0,0,0,0,0,0,0,0,0,4.1053886,0,0,0
18,9,1,0,1,0,0,0,0,0,0,0,3.6416042,0,0,0
15,6,1,0,0,0,0,0,0,0,0,0,3.4565647,0,0,0
20,11,1,0,0,0,0,0,0,0,0,0,3.6464393,0,0,0
25,16,1,0,0,0,0,0,0,0,0,0,3.7034652,0,0,0
15,6,1,0,0,0,0,0,0,0,0,0,3.3232315,0,0,0
19,10,1,0,0,0,0,0,0,0,0,0,3.7474132,0,0,0
19,10,1,0,0,0,0,0,0,0,0,0,3.8924072,0,0,0
14,5,1,0,0,0,0,0,0,0,0,0,3.324863,0,0,0
20,11,1,0,0,0,0,0,0,0,0,0,3.7464395,0,0,0
22,13,1,0,0,0,0,0,0,0,0,0,3.788755,0,0,0
18,9,1,0,0,0,0,0,0,0,0,0,3.6835423,0,0,0
25,16,1,0,0,0,0,0,0,0,0,0,3.863465,0,0,0
24,15,1,0,0,1,0,0,0,0,0,0,4.022055,0,0,0
15,6,1,0,0,0,0,0,0,0,0,0,3.189898,0,0,0
16,7,1,0,0,0,0,0,0,0,0,0,3.4528196,0,0,0
18,9,1,0,0,0,0,0,0,0,0,0,3.530493,0,0,0
22,13,1,0,0,0,0,0,0,0,0,0,3.3564925,0,0,0
21,12,1,0,0,0,0,0,0,0,0,0,3.784942,0,0,0
18,9,1,0,0,0,0,0,0,0,0,0,3.7946534,0,0,0
27,18,1,0,0,1,0,0,0,0,0,0,3.986188,0,0,0
20,11,1,0,0,0,0,0,0,0,0,0,3.5841837,0,0,0
27,18,1,0,0,0,0,0,0,0,0,0,3.708048,0,0,0
19,10,1,0,0,0,0,0,0,0,0,0,3.3660913,0,0,0
16,7,1,0,0,0,0,0,0,0,0,0,3.4528196,0,0,0
20,11,1,0,0,0,0,0,0,0,0,0,3.7841837,0,0,0
22,13,1,0,0,0,0,0,0,0,0,0,3.6635327,0,0,0
24,15,1,0,0,0,0,0,0,0,0,0,3.9701755,0,0,0
20,11,1,0,0,0,0,0,0,0,0,0,3.6464393,0,0,0
16,7,1,0,0,0,0,0,0,0,0,0,3.4528196,0,0,0
17,8,1,0,0,0,0,0,0,0,0,0,3.4104173,0,0,0
21,12,1,0,0,0,0,0,0,0,0,0,3.5225716,0,0,0
21,12,1,0,0,0,0,0,0,0,0,0,3.7489948,0,0,0
16,7,1,0,0,0,0,0,0,0,0,0,3.4528196,0,0,0
19,10,1,0,0,0,0,0,0,0,0,0,3.64215,0,0,0
21,12,1,0,0,0,0,0,0,0,0,0,3.6178098,0,0,0
22,13,1,0,0,0,0,0,0,0,0,0,3.6069367,0,0,0
22,13,1,0,0,0,0,0,0,0,0,0,3.7544417,0,0,0
23,14,1,0,0,0,0,0,0,0,0,0,3.6424897,0,0,0
15,6,1,0,0,0,0,0,0,0,0,0,3.4565647,0,0,0
19,10,1,0,0,1,0,0,0,0,0,0,3.4316235,0,0,0
33,24,1,0,0,0,0,0,0,0,0,0,3.8848588,0,0,0
18,9,1,0,0,0,0,0,0,0,0,0,3.6835423,0,0,0
20,11,1,0,0,0,0,0,0,0,0,0,3.4841838,0,0,0
26,17,1,0,0,0,0,0,0,0,0,0,4.0269866,0,0,0
17,8,1,0,0,0,0,0,0,0,0,0,3.4548223,0,0,0
24,15,1,0,0,1,0,0,0,0,0,0,4.0535088,0,0,0
15,6,1,0,0,0,0,0,0,0,0,0,3.3232315,0,0,0
20,11,1,0,0,0,0,0,0,0,0,0,3.5464394,0,0,0
24,15,1,0,0,0,0,0,0,0,0,0,3.7720551,0,0,0
19,10,1,0,0,0,0,0,0,0,0,0,3.8924072,0,0,0
21,12,1,0,0,0,0,0,0,0,0,0,3.7489948,0,0,0
21,12,1,0,0,0,0,0,0,0,0,0,3.7489948,0,0,0
17,8,1,0,0,0,0,0,0,0,0,0,3.3371754,0,0,0
15,6,1,0,0,0,0,0,0,0,0,0,3.3232315,0,0,0
22,13,1,0,1,0,0,0,0,0,0,0,3.845351,0,0,0
25,16,1,0,0,1,0,0,0,0,0,0,3.8936608,0,0,0
20,11,1,0,0,1,0,0,0,0,0,0,3.7464395,0,0,0
37,28,1,0,0,2,0,0,0,0,0,0,4.2833815,0,0,0
22,13,1,0,0,0,0,0,0,0,0,0,3.879664,0,0,0
16,7,1,0,0,0,0,0,0,0,0,0,3.3278196,0,0,0
21,12,1,0,0,0,0,0,0,0,0,0,3.4992275,0,0,0
21,12,1,0,0,0,0,0,0,0,0,0,3.784942,0,0,0
15,6,1,0,0,0,0,0,0,0,0,0,3.3232315,0,0,0
21,12,1,0,0,0,0,0,0,0,0,0,3.7489948,0,0,0
18,9,1,0,0,0,0,0,0,0,0,0,3.4613202,0,0,0
21,12,1,0,0,0,0,0,0,0,0,0,3.7489948,0,0,0
28,19,1,0,0,0,0,0,0,0,0,0,3.8388045,0,0,0
23,14,1,0,0,0,0,0,0,0,0,0,3.8492239,0,0,0
19,10,1,0,0,0,0,0,0,0,0,0,3.6818807,0,0,0
18,9,1,0,0,1,0,0,0,0,0,0,3.5724313,0,0,0
14,5,1,0,0,0,0,0,0,0,0,0,3.324863,0,0,0
26,17,1,0,0,0,0,0,0,0,0,0,3.7381494,0,0,0
18,9,1,0,0,0,0,0,0,0,0,0,3.7946534,0,0,0
24,15,1,0,0,0,0,0,0,0,0,0,3.8035088,0,0,0
27,18,1,0,0,0,0,0,0,0,0,0,3.986188,0,0,0
19,10,1,0,0,0,0,0,0,0,0,0,3.787144,0,0,0
19,10,1,0,0,1,0,0,0,0,0,0,3.5368867,0,0,0
17,8,1,0,0,0,0,0,0,0,0,0,3.4104173,0,0,0
23,14,1,0,0,0,0,0,0,0,0,0,3.6753109,0,0,0
21,12,1,0,0,0,0,0,0,0,0,0,3.6537566,0,0,0
20,11,1,0,0,0,0,0,0,0,0,0,3.7841837,0,0,0
18,9,1,0,0,0,0,0,0,0,0,0,3.530493,0,0,0
19,10,1,0,0,0,0,0,0,0,0,0,3.8924072,0,0,0
26,17,1,0,0,1,0,0,0,0,0,0,3.9979527,0,0,0
24,15,1,0,0,0,0,0,0,0,0,0,3.7720551,0,0,0
19,10,1,0,0,0,0,0,0,0,0,0,3.64215,0,0,0
21,12,1,0,0,0,0,0,0,0,0,0,3.88018,0,0,0
20,11,1,0,0,0,0,0,0,0,0,0,3.7841837,0,0,0
23,14,1,0,0,0,0,0,0,0,0,0,3.8164027,0,0,0
21,12,1,0,0,0,0,0,0,0,0,0,3.6537566,0,0,0
15,6,1,0,0,0,0,0,0,0,0,0,3.1395721,0,0,0
18,9,1,0,0,0,0,0,0,0,0,0,3.6835423,0,0,0
21,12,1,0,0,0,0,0,0,0,0,0,3.975418,0,0,0
27,18,1,0,0,0,0,0,0,0,0,0,3.9023116,0,0,0
20,11,1,0,0,0,0,0,0,0,0,0,3.508695,0,0,0
18,9,1,0,0,0,0,0,0,0,0,0,3.530493,0,0,0
20,11,1,0,0,0,0,0,0,0,0,0,3.7841837,0,0,0
21,12,1,0,0,0,0,0,0,0,0,0,3.2913928,0,0,0
18,9,1,0,0,0,0,0,0,0,0,0,3.6835423,0,0,0
18,9,1,0,0,0,0,0,0,0,0,0,3.6835423,0,0,0
30,21,1,0,0,0,0,0,0,0,0,0,3.8892465,0,0,0
21,12,1,0,0,0,0,0,0,0,0,0,3.8442328,0,0,0
20,11,1,0,0,0,0,0,0,0,0,0,3.6464393,0,0,0
20,11,1,0,0,0,0,0,0,0,0,0,3.6841838,0,0,0
17,8,1,0,0,0,0,0,0,0,0,0,3.5280643,0,0,0
23,14,1,0,0,0,0,0,0,0,0,0,3.5883543,0,0,0
17,8,1,0,0,0,0,0,0,0,0,0,3.4104173,0,0,0
15,6,1,0,0,0,0,0,0,0,0,0,3.189898,0,0,0
16,7,1,0,0,0,0,0,0,0,0,0,3.4056392,0,0,0
22,13,1,0,0,0,0,0,0,0,0,0,3.7544417,0,0,0
19,10,1,0,0,0,0,0,0,0,0,0,3.5766177,0,0,0
18,9,1,0,2,0,0,0,0,0,0,0,3.6835423,0,0,0
23,14,1,0,0,1,0,0,0,0,0,0,3.7294462,0,0,0
19,10,1,0,0,0,0,0,0,0,0,0,3.6818807,0,0,0
16,7,1,0,0,0,0,0,0,0,0,0,3.3278196,0,0,0
21,12,1,0,0,1,0,0,0,0,0,0,3.6178098,0,0,0
20,11,1,0,0,0,0,0,0,0,0,0,3.408695,0,0,0
20,11,1,0,0,0,0,0,0,0,0,0,3.4464393,0,0,0
19,10,1,0,0,0,0,0,0,0,0,0,3.787144,0,0,0
21,12,1,0,0,0,0,0,0,0,0,0,3.88018,0,0,0
22,13,1,0,0,0,0,0,0,0,0,0,3.0449128,0,0,0
20,11,1,0,0,0,0,0,0,0,0,0,3.8841836,0,0,0
26,17,1,0,0,1,0,0,0,0,0,0,3.7671835,0,0,0
21,12,1,0,0,1,0,0,0,0,0,0,3.6178098,0,0,0
33,24,1,0,0,0,0,0,0,0,0,0,3.8212266,0,0,0
18,9,1,0,0,0,0,0,0,0,0,0,3.7946534,0,0,0
20,11,1,0,0,0,0,0,0,0,0,0,3.7841837,0,0,0
21,12,1,0,0,0,0,0,0,0,0,0,3.6897037,0,0,0
23,14,1,0,0,0,0,0,0,0,0,0,3.7622674,0,0,0
20,11,1,0,0,0,0,0,0,0,0,0,3.8841836,0,0,0
21,12,1,0,0,0,0,0,0,0,0,0,3.6537566,0,0,0
21,12,1,0,0,0,0,0,0,0,0,0,3.5225716,0,0,0
20,11,1,0,0,0,0,0,0,0,0,0,3.6464393,0,0,0
20,11,1,0,0,0,0,0,0,0,0,0,3.508695,0,0,0
23,14,1,0,0,0,0,0,0,0,0,0,3.6096685,0,0,0
21,12,1,0,0,0,0,0,0,0,0,0,3.6537566,0,0,0
27,18,1,0,0,1,0,0,0,0,0,0,3.8561964,0,0,0
16,7,1,0,0,0,0,0,0,0,0,0,3.4056392,0,0,0
16,7,1,0,0,0,0,0,0,0,0,0,3.1556392,0,0,0
22,13,1,0,0,0,0,0,0,0,0,0,3.7544417,0,0,0
21,12,1,0,0,1,0,0,0,0,0,0,3.4866245,0,0,0
22,13,1,0,0,0,0,0,0,0,0,0,3.845351,0,0,0
22,13,1,0,0,0,0,0,0,0,0,0,3.845351,0,0,0
19,10,1,0,0,0,0,0,0,0,0,0,3.6818807,0,0,0
23,14,1,0,0,0,0,0,0,0,0,0,3.708132,0,0,0
22,13,1,0,0,0,0,0,0,0,0,0,3.6635327,0,0,0
20,11,1,0,0,0,0,0,0,0,0,0,3.7841837,0,0,0
19,10,1,0,0,0,0,0,0,0,0,0,3.7474132,0,0,0
17,8,1,0,0,0,0,0,0,0,0,0,3.6901164,0,0,0
20,11,1,0,0,0,0,0,0,0,0,0,3.8841836,0,0,0
26,17,1,0,0,1,0,0,0,0,0,0,3.9210296,0,0,0
16,7,1,0,0,0,0,0,0,0,0,0,3.4528196,0,0,0
18,9,1,0,0,0,0,0,0,0,0,0,3.4613202,0,0,0
23,14,1,0,0,0,0,0,0,0,0,0,3.8492239,0,0,0
17,8,1,0,0,0,0,0,0,0,0,0,3.5280643,0,0,0
25,16,1,0,0,0,0,0,0,0,0,0,3.8332696,0,0,0
22,13,1,0,0,0,0,0,0,0,0,0,3.4817145,0,0,0
16,7,1,0,1,0,0,0,0,0,0,0,3.4528196,0,0,0
16,7,1,0,0,0,0,0,0,0,0,0,2.977217,0,0,0
29,20,1,0,0,0,0,0,0,0,0,0,3.8833375,0,0,0
23,14,1,0,0,0,0,0,0,0,0,0,3.551191,0,0,0
22,13,1,0,0,0,0,0,0,0,0,0,3.7544417,0,0,0
29,20,1,0,0,0,0,0,0,0,0,0,3.8664331,0,0,0
19,10,1,0,0,0,0,0,0,0,0,0,3.64215,0,0,0
16,7,1,0,0,0,0,0,0,0,0,0,3.2028196,0,0,0
20,11,1,0,0,0,0,0,0,0,0,0,3.6464393,0,0,0
19,10,1,0,0,0,0,0,0,0,0,0,3.4316235,0,0,0
15,6,1,0,0,0,0,0,0,0,0,0,3.1395721,0,0,0
26,17,1,0,0,1,0,0,0,0,0,0,3.6283512,0,0,0
18,9,1,0,0,0,0,0,0,0,0,0,3.6835423,0,0,0
15,6,1,0,0,0,0,0,0,0,0,0,3.2729056,0,0,0
24,15,1,0,0,0,0,0,0,0,0,0,3.7201755,0,0,0
21,12,1,0,0,0,0,0,0,0,0,0,3.784942,0,0,0
18,9,1,0,0,0,0,0,0,0,0,0,3.2663326,0,0,0
17,8,1,0,0,0,0,0,0,0,0,0,3.2927701,0,0,0
20,11,1,0,0,0,0,0,0,0,0,0,3.6841838,0,0,0
18,9,1,0,0,0,0,0,0,0,0,0,3.6835423,0,0,0
17,8,1,0,0,0,0,0,0,0,0,0,3.2927701,0,0,0
17,8,1,0,0,0,0,0,0,0,0,0,3.4104173,0,0,0
17,8,1,0,0,0,0,0,0,0,0,0,3.4104173,0,0,0
20,11,1,0,3,0,0,0,0,0,0,0,3.8841836,0,0,0
22,13,1,0,0,0,0,0,0,0,0,0,3.4817145,0,0,0
24,15,1,0,0,0,0,0,0,0,0,0,3.3035088,0,0,0
24,15,1,0,0,0,0,0,0,0,0,0,3.688722,0,0,0
19,10,1,0,0,0,0,0,0,0,0,0,3.3263605,0,0,0
20,11,1,0,0,0,0,0,0,0,0,0,3.5841837,0,0,0
21,12,1,0,0,0,0,0,0,0,0,0,3.5585186,0,0,0
23,14,1,0,0,0,0,0,0,0,0,0,3.7622674,0,0,0
22,13,1,0,0,0,0,0,0,0,0,0,3.845351,0,0,0
19,10,1,0,0,0,0,0,0,0,0,0,3.5766177,0,0,0
18,9,1,0,0,0,0,0,0,0,0,0,3.530493,0,0,0
17,8,1,0,0,0,0,0,0,0,0,0,3.4548223,0,0,0
21,12,1,0,0,1,0,0,0,0,0,0,3.7489948,0,0,0
16,7,1,0,3,0,0,0,0,0,0,0,3.5778196,0,0,0
20,11,1,0,0,0,0,0,0,0,0,0,3.7464395,0,0,0
16,7,1,0,0,0,0,0,0,0,0,0,3.3278196,0,0,0
20,11,1,0,0,1,0,0,0,0,0,0,3.7841837,0,0,0
22,13,1,0,0,0,0,0,0,0,0,0,3.845351,0,0,0
18,9,1,0,0,0,0,0,0,0,0,0,3.6835423,0,0,0
22,13,1,0,0,0,0,0,0,0,0,0,3.5949066,0,0,0
22,13,1,0,0,0,0,0,0,0,0,0,3.6635327,0,0,0
21,12,1,0,0,0,0,0,0,0,0,0,3.88018,0,0,0
19,10,1,0,0,0,0,0,0,0,0,0,3.1813664,0,0,0
20,11,1,0,0,0,0,0,0,0,0,0,3.6464393,0,0,0
21,12,1,0,0,0,0,0,0,0,0,0,3.88018,0,0,0
21,12,1,0,0,0,0,0,0,0,0,0,3.6537566,0,0,0
18,9,1,0,0,0,0,0,0,0,0,0,3.5724313,0,0,0
23,14,1,0,0,0,0,0,0,0,0,0,3.7622674,0,0,0
21,12,1,0,0,0,0,0,0,0,0,0,3.6897037,0,0,0
24,15,1,0,0,0,0,0,0,0,0,0,3.7201755,0,0,0
24,15,1,0,0,0,0,0,0,0,0,0,3.9072683,0,0,0
21,12,1,0,0,0,0,0,0,0,0,0,3.6897037,0,0,0
16,7,1,0,0,0,0,0,0,0,0,0,3.3278196,0,0,0
17,8,1,0,0,0,0,0,0,0,0,0,3.5724695,0,0,0
20,11,1,0,0,0,0,0,0,0,0,0,3.6841838,0,0,0
13,4,1,0,0,0,0,0,0,0,0,0,3.180833,0,0,0
20,11,1,0,0,0,0,0,0,0,0,0,3.5464394,0,0,0
18,9,1,0,0,0,0,0,0,0,0,0,3.6835423,0,0,0
16,7,1,0,0,0,0,0,0,0,0,0,3.4528196,0,0,0
18,9,1,0,0,0,0,0,0,0,0,0,3.4193819,0,0,0
17,8,1,0,0,0,0,0,0,0,0,0,3.6901164,0,0,0
24,15,1,0,0,0,0,0,0,0,0,0,3.7406015,0,0,0
28,19,1,0,0,1,0,0,0,0,0,0,3.8868394,0,0,0
17,8,1,0,0,0,0,0,0,0,0,0,3.6901164,0,0,0
24,15,1,0,0,0,0,0,0,0,0,0,3.8868423,0,0,0
22,13,1,0,0,0,0,0,0,0,0,0,3.93626,0,0,0
16,7,1,0,0,0,0,0,0,0,0,0,3.4056392,0,0,0
14,5,1,0,0,0,0,0,0,0,0,0,2.985228,0,0,0
19,10,1,0,0,0,0,0,0,0,0,0,3.64215,0,0,0
21,12,1,0,0,0,0,0,0,0,0,0,3.88018,0,0,0
20,11,1,0,0,0,0,0,0,0,0,0,3.6464393,0,0,0
25,16,1,0,0,0,0,0,0,0,0,0,3.5590796,0,0,0
18,9,1,0,0,0,0,0,0,0,0,0,3.530493,0,0,0
17,8,1,0,0,0,0,0,0,0,0,0,3.4548223,0,0,0
24,15,1,0,0,0,0,0,0,0,0,0,3.6053886,0,0,0
15,6,1,0,0,0,0,0,0,0,0,0,3.4565647,0,0,0
19,10,1,0,0,0,0,0,0,0,0,0,3.787144,0,0,0
17,8,1,0,0,0,0,0,0,0,0,0,3.4548223,0,0,0
21,12,1,0,0,0,0,0,0,0,0,0,3.6178098,0,0,0
18,9,1,0,0,0,0,0,0,0,0,0,3.4193819,0,0,0
17,8,1,0,0,0,0,0,0,0,0,0,3.4104173,0,0,0
20,11,1,0,0,0,0,0,0,0,0,0,3.3037016,0,0,0
33,24,1,0,0,0,0,0,0,0,0,0,3.8997142,0,0,0
22,13,1,0,0,0,0,0,0,0,0,0,3.7544417,0,0,0
17,8,1,0,0,0,0,0,0,0,0,0,3.4104173,0,0,0
20,11,1,0,0,0,0,0,0,0,0,0,3.4841838,0,0,0
21,12,1,0,0,0,0,0,0,0,0,0,3.88018,0,0,0
24,15,1,0,0,0,0,0,0,0,0,0,3.7406015,0,0,0
17,8,1,0,0,0,0,0,0,0,0,0,3.5280643,0,0,0
20,11,1,0,0,0,0,0,0,0,0,0,3.6841838,0,0,0
20,11,1,0,0,0,0,0,0,0,0,0,3.508695,0,0,0
21,12,1,0,0,0,0,0,0,0,0,0,3.8442328,0,0,0
19,10,1,0,0,0,0,0,0,0,0,0,3.3660913,0,0,0
20,11,1,0,0,0,0,0,0,0,0,0,3.6841838,0,0,0
18,9,1,0,0,0,0,0,0,0,0,0,3.5724313,0,0,0
24,15,1,0,0,0,0,0,0,0,0,0,3.8239348,0,0,0
17,8,1,0,0,0,0,0,0,0,0,0,3.6901164,0,0,0
23,14,1,0,0,0,0,0,0,0,0,0,3.7622674,0,0,0
22,13,1,0,0,0,0,0,0,0,0,0,3.5726237,0,0,0
15,6,1,0,0,0,0,0,0,0,0,0,3.006239,0,0,0
20,11,1,0,0,0,0,0,0,0,0,0,3.7841837,0,0,0
31,22,1,0,0,0,0,0,0,0,0,0,4.1714654,0,0,0
27,18,1,0,0,1,0,0,0,0,0,0,3.9265716,0,0,0
23,14,1,0,0,0,0,0,0,0,0,0,3.8492239,0,0,0
17,8,1,0,0,0,0,0,0,0,0,0,3.4104173,0,0,0
17,8,1,0,0,0,0,0,0,0,0,0,3.5724695,0,0,0
23,14,1,0,0,0,0,0,0,0,0,0,3.5555332,0,0,0
21,12,1,0,0,0,0,0,0,0,0,0,3.784942,0,0,0
21,12,1,0,0,0,0,0,0,0,0,0,3.88018,0,0,0
15,6,1,0,1,0,0,0,0,0,0,0,3.4565647,0,0,0
18,9,1,0,0,0,0,0,0,0,0,0,3.7946534,0,0,0
16,7,1,0,0,0,0,0,0,0,0,0,3.3278196,0,0,0
20,11,1,0,0,0,0,0,0,0,0,0,3.7464395,0,0,0
18,9,1,0,0,0,0,0,0,0,0,0,3.7946534,0,0,0
14,5,1,0,0,0,0,0,0,0,0,0,2.985228,0,0,0
22,13,1,0,0,1,0,0,0,0,0,0,4.061482,0,0,0
18,9,1,0,0,0,0,0,0,0,0,0,3.6835423,0,0,0
27,18,1,0,0,1,0,0,0,0,0,0,3.9265716,0,0,0
20,11,1,0,0,0,0,0,0,0,0,0,3.8841836,0,0,0
21,12,1,0,0,0,0,0,0,0,0,0,3.784942,0,0,0
17,8,1,0,0,0,0,0,0,0,0,0,3.6901164,0,0,0
22,13,1,0,0,0,0,0,0,0,0,0,3.6069367,0,0,0
19,10,1,0,0,1,0,0,0,0,0,0,3.6818807,0,0,0
21,12,1,0,0,0,0,0,0,0,0,0,3.88018,0,0,0
21,12,1,0,0,0,0,0,0,0,0,0,3.784942,0,0,0
16,7,1,0,0,0,0,0,0,0,0,0,3.4528196,0,0,0
22,13,1,0,0,0,0,0,0,0,0,0,3.9705732,0,0,0
18,9,1,0,0,0,0,0,0,0,0,0,3.530493,0,0,0
21,12,1,0,0,0,0,0,0,0,0,0,3.4992275,0,0,0
20,11,1,0,1,0,0,0,0,0,0,0,3.6464393,0,0,0
22,13,1,0,0,0,0,0,0,0,0,0,3.5726237,0,0,0
23,14,1,0,0,0,0,0,0,0,0,0,3.882045,0,0,0
19,10,1,0,0,0,0,0,0,0,0,0,3.6818807,0,0,0
23,14,1,0,0,0,0,0,0,0,0,0,3.9361804,0,0,0
19,10,1,0,0,0,0,0,0,0,0,0,3.4316235,0,0,0
16,7,1,0,0,0,0,0,0,0,0,0,3.1084585,0,0,0
19,10,1,0,0,0,0,0,0,0,0,0,3.6818807,0,0,0
24,15,1,0,0,0,0,0,0,0,0,0,3.4549868,0,0,0
23,14,1,0,0,0,0,0,0,0,0,0,3.7294462,0,0,0
20,11,1,0,0,0,0,0,0,0,0,0,3.8841836,0,0,0
19,10,1,0,0,0,0,0,0,0,0,0,3.787144,0,0,0
24,15,1,0,0,0,0,0,0,0,0,0,4.1368423,0,0,0
19,10,1,0,0,0,0,0,0,0,0,0,3.6818807,0,0,0
18,9,1,0,0,0,0,0,0,0,0,0,3.6835423,0,0,0
21,12,1,0,2,0,0,0,0,0,0,0,3.5585186,0,0,0
15,6,1,0,0,0,0,0,0,0,0,0,3.3232315,0,0,0
22,13,1,0,0,0,0,0,0,0,0,0,3.6635327,0,0,0
20,11,1,0,0,0,0,0,0,0,0,0,3.8841836,0,0,0
21,12,1,0,0,0,0,0,0,0,0,0,3.5585186,0,0,0
26,17,1,0,0,0,0,0,0,0,0,0,4.0269866,0,0,0
24,15,1,0,0,0,0,0,0,0,0,0,3.9072683,0,0,0
23,14,1,0,0,0,0,0,0,0,0,0,3.7622674,0,0,0
14,5,1,0,0,0,0,0,0,0,0,0,3.324863,0,0,0
19,10,1,0,0,0,0,0,0,0,0,0,3.4316235,0,0,0
23,14,1,0,0,0,0,0,0,0,0,0,3.7622674,0,0,0
20,11,1,0,0,0,0,0,0,0,0,0,3.7841837,0,0,0
21,12,1,0,0,0,0,0,0,0,0,0,3.4992275,0,0,0
19,10,1,0,0,0,0,0,0,0,0,0,3.7474132,0,0,0
20,11,1,0,0,0,0,0,0,0,0,0,3.3841836,0,0,0
21,12,1,0,0,0,0,0,0,0,0,0,3.6178098,0,0,0
19,10,1,0,0,0,0,0,0,0,0,0,3.6818807,0,0,0
23,14,1,0,0,0,0,0,0,0,0,0,3.9690015,0,1,0
22,13,1,0,0,0,0,0,0,0,0,0,3.7544417,0,0,0
21,12,1,0,0,0,0,0,0,0,0,0,3.88018,0,0,0
25,16,1,0,0,1,0,0,0,0,0,0,3.6430743,0,0,0
25,16,1,0,0,0,0,0,0,0,0,0,3.7834651,0,0,0
22,13,1,0,0,2,0,0,0,0,0,0,3.6292198,0,1,0
20,11,1,0,0,0,0,0,0,0,0,0,3.5841837,0,0,0
20,11,1,0,0,0,0,0,0,0,0,0,3.7841837,0,0,0
25,16,1,0,0,0,0,0,0,0,0,0,3.8936608,0,0,0
19,10,1,0,0,0,0,0,0,0,0,0,3.787144,0,0,0
18,9,1,0,0,0,0,0,0,0,0,0,3.5724313,0,0,0
23,14,1,0,0,0,0,0,0,0,0,0,3.708132,0,0,0
19,10,1,0,0,0,0,0,0,0,0,0,3.5368867,0,0,0
20,11,1,0,3,0,0,0,0,0,0,0,3.9841838,0,0,0
23,14,1,0,0,0,0,0,0,0,0,0,3.9361804,0,0,0
19,10,1,0,0,0,0,0,0,0,0,0,3.64215,0,0,0
16,7,1,0,0,0,0,0,0,0,0,0,3.3278196,0,0,0
24,15,1,0,0,0,0,0,0,0,0,0,3.2527056,0,0,0
20,11,1,0,2,0,0,0,0,0,0,0,3.6464393,0,0,0
18,9,1,0,0,0,0,0,0,0,0,0,3.5724313,0,0,0
20,11,1,0,0,0,0,0,0,0,0,0,3.6464393,0,0,0
21,12,1,0,0,0,0,0,0,0,0,0,3.6897037,0,0,0
19,10,1,0,0,0,0,0,0,0,0,0,3.6818807,0,0,0
23,14,1,0,0,0,0,0,0,0,0,0,3.7950885,0,0,0
23,14,1,0,0,0,0,0,0,0,0,0,3.7950885,0,0,0
17,8,1,0,0,1,0,0,0,0,0,0,3.5280643,0,0,0
20,11,1,0,0,0,0,0,0,0,0,0,3.8464394,0,0,0
20,11,1,0,0,0,0,0,0,0,0,0,3.6841838,0,0,0
18,9,1,0,0,0,0,0,0,0,0,0,3.5724313,0,0,0
18,9,1,0,0,1,0,0,0,0,0,0,3.5724313,0,0,0
24,15,1,0,0,0,0,0,0,0,0,0,3.4906015,0,0,0
16,7,1,0,0,0,0,0,0,0,0,0,3.0778196,0,0,0
25,16,1,0,0,0,0,0,0,0,0,0,3.9434652,0,0,0
21,12,1,0,0,0,0,0,0,0,0,0,3.88018,0,0,0
16,7,1,0,0,0,0,0,0,0,0,0,3.4056392,0,0,0
19,10,1,0,0,0,0,0,0,0,0,0,3.4713545,0,0,0
17,8,1,0,0,0,0,0,0,0,0,0,3.5280643,0,0,0
19,10,1,0,0,0,0,0,0,0,0,0,3.64215,0,0,0
19,10,1,0,0,0,0,0,0,0,0,0,3.6818807,0,0,0
23,14,1,0,0,0,0,0,0,0,0,0,3.6753109,0,0,0
18,9,1,0,0,0,0,0,0,0,0,0,3.4613202,0,0,0
20,11,1,0,0,0,0,0,0,0,0,0,3.6464393,0,0,0
18,9,1,0,0,0,0,0,0,0,0,0,3.530493,0,0,0
17,8,1,0,0,0,0,0,0,0,0,0,3.2927701,0,0,0
15,6,1,0,0,0,0,0,0,0,0,0,3.3232315,0,0,0
24,15,1,0,0,0,0,0,0,0,0,0,3.709148,0,0,0
16,7,1,0,0,0,0,0,0,0,0,0,3.2806392,0,0,0
25,16,1,0,0,0,0,0,0,0,0,0,3.863465,0,0,0
27,18,1,0,0,0,0,0,0,0,0,0,4.0323033,0,0,0
23,14,1,0,0,0,0,0,0,0,0,0,3.8492239,0,0,0
17,8,1,0,2,0,0,0,0,0,0,0,3.4548223,0,0,0
28,19,1,0,0,0,0,0,0,0,0,0,3.9137995,0,0,0
23,14,1,0,0,0,0,0,0,0,0,0,3.6096685,0,0,0
22,13,1,0,0,0,0,0,0,0,0,0,3.6635327,0,0,0
22,13,1,0,0,0,0,0,0,0,0,0,3.6069367,0,0,0
30,21,1,0,0,2,0,0,0,0,0,0,3.9647353,0,0,0
17,8,1,0,0,0,0,0,0,0,0,0,3.2195282,0,0,0
16,7,1,0,3,0,0,0,0,0,0,0,3.4528196,0,0,0
20,11,1,0,0,0,0,0,0,0,0,0,3.7841837,0,0,0
22,13,1,0,0,0,0,0,0,0,0,0,3.7544417,0,0,0
23,14,1,0,0,0,0,0,0,0,0,0,3.9690015,0,0,0
24,15,1,0,0,0,0,0,0,0,0,0,4.1368423,0,0,0
17,8,1,0,0,0,0,0,0,0,0,0,3.4548223,0,0,0
23,14,1,0,0,0,0,0,0,0,0,0,3.7950885,0,0,0
19,10,1,0,0,0,0,0,0,0,0,0,3.6818807,0,0,0
19,10,1,0,0,0,0,0,0,0,0,0,3.5368867,0,0,0
18,9,1,0,0,0,0,0,0,0,0,0,3.6835423,0,0,0
20,11,1,0,0,0,0,0,0,0,0,0,3.8841836,0,0,0
16,7,1,0,0,0,0,0,0,0,0,0,3.5778196,0,0,0
19,10,1,0,0,0,0,0,0,0,0,0,3.64215,0,0,0
18,9,1,0,0,0,0,0,0,0,0,0,3.4193819,0,0,0
19,10,1,0,0,0,0,0,0,0,0,0,3.2468987,0,0,0
21,12,1,0,0,0,0,0,0,0,0,0,3.6537566,0,0,0
26,17,1,0,0,1,0,0,0,0,0,0,3.9500637,0,0,0
31,22,1,0,0,0,0,0,0,0,0,0,4.0022683,0,0,0
22,13,1,0,0,0,0,0,0,0,0,0,3.6635327,0,0,0
16,7,1,0,0,0,0,0,0,0,0,0,3.3278196,0,0,0
18,9,1,0,0,1,0,0,0,0,0,0,3.7946534,0,0,0
16,7,1,0,0,0,0,0,0,0,0,0,3.2806392,0,0,0
21,12,1,0,0,0,0,0,0,0,0,0,3.7489948,0,0,0
15,6,1,0,3,0,0,0,0,0,0,0,3.4565647,0,0,0
23,14,1,0,0,0,0,0,0,0,0,0,3.7294462,0,0,0
19,10,1,0,0,0,0,0,0,0,0,0,3.6818807,0,0,0
19,10,1,0,0,0,0,0,0,0,0,0,3.8924072,0,0,0
21,12,1,0,0,0,0,0,0,0,0,0,3.5944657,0,0,0
18,9,1,0,0,0,0,0,0,0,0,0,3.6835423,0,0,0
23,14,1,0,0,1,0,0,0,0,0,0,3.8164027,0,0,0
19,10,1,0,0,0,0,0,0,0,0,0,3.4316235,0,0,0
23,14,1,0,0,0,0,0,0,0,0,0,3.882045,0,0,0
23,14,1,0,0,0,0,0,0,0,0,0,3.882045,0,0,0
20,11,1,0,0,0,0,0,0,0,0,0,3.6841838,0,0,0
16,7,1,0,0,0,0,0,0,0,0,0,3.4528196,0,0,0
22,13,1,0,0,0,0,0,0,0,0,0,3.6635327,0,0,0
21,12,1,0,0,0,0,0,0,0,0,0,3.784942,0,0,0
17,8,1,0,0,0,0,0,0,0,0,0,3.3371754,0,0,0
25,16,1,0,0,0,0,0,0,0,0,0,3.9434652,0,0,0
27,18,1,0,0,0,0,0,0,0,0,0,3.810081,0,0,0
19,10,1,0,0,0,0,0,0,0,0,0,3.6818807,0,0,0
22,13,1,0,0,1,0,0,0,0,0,0,3.7544417,0,0,0
20,11,1,0,0,0,0,0,0,0,0,0,3.7841837,0,0,0
23,14,1,0,0,0,0,0,0,0,0,0,3.7622674,0,0,0
19,10,1,0,0,0,0,0,0,0,0,0,3.787144,0,0,0
21,12,1,0,0,0,0,0,0,0,0,0,3.784942,0,0,0
24,15,1,0,0,0,0,0,0,0,0,0,3.7201755,0,0,0
19,10,1,0,0,0,0,0,0,0,0,0,3.6818807,0,0,0
17,8,1,0,0,0,0,0,0,0,0,0,3.5724695,0,0,0
26,17,1,0,0,0,0,0,0,0,0,0,4.0269866,0,0,0
19,10,1,0,0,0,0,0,0,0,0,0,3.787144,0,0,0
21,12,1,0,0,0,0,0,0,0,0,0,3.4632804,0,0,0
24,15,1,0,0,0,0,0,0,0,0,0,3.4031072,0,0,0
26,17,1,0,0,0,0,0,0,0,0,0,4.0269866,0,1,0
18,9,1,0,0,0,0,0,0,0,0,0,3.5724313,0,0,0
22,13,1,0,0,0,0,0,0,0,0,0,3.697846,0,0,0
31,22,1,0,0,0,0,0,0,0,0,0,3.9535656,0,0,0
23,14,1,0,0,0,0,0,0,0,0,0,3.6753109,0,0,0
17,8,1,0,0,0,0,0,0,0,0,0,3.2927701,0,0,0
20,11,1,0,0,0,0,0,0,0,0,0,3.5464394,0,0,0
23,14,1,0,0,0,0,0,0,0,0,0,3.5555332,0,0,0
19,10,1,0,0,0,0,0,0,0,0,0,3.5766177,0,0,0
24,15,1,0,0,0,0,0,0,0,0,0,3.7720551,0,0,0
26,17,1,0,2,3,0,0,0,0,0,0,4.10391,0,0,0
18,9,1,0,0,0,0,0,0,0,0,0,3.308271,0,0,0
16,7,1,0,0,0,0,0,0,0,0,0,3.0778196,0,0,0
19,10,1,0,0,0,0,0,0,0,0,0,3.4713545,0,0,0
15,6,1,0,0,0,0,0,0,0,0,0,3.2729056,0,0,0
21,12,1,0,0,0,0,0,0,0,0,0,3.5944657,0,0,0
23,14,1,0,0,0,0,0,0,0,0,0,4.0559583,0,0,0
21,12,1,0,0,0,0,0,0,0,0,0,3.6537566,0,0,0
20,11,1,0,0,0,0,0,0,0,0,0,3.6464393,0,0,0
25,16,1,0,0,1,0,0,0,0,0,0,3.9132698,0,0,0
20,11,1,0,1,0,0,0,0,0,0,0,3.6464393,0,0,0
22,13,1,0,0,0,0,0,0,0,0,0,3.845351,0,0,0
21,12,1,0,0,0,0,0,0,0,0,0,3.8442328,0,0,0
16,7,1,0,0,0,0,0,0,0,0,0,3.5778196,0,0,0
27,18,1,0,0,1,0,0,0,0,0,0,4.106377,0,0,0
23,14,1,0,0,0,0,0,0,0,0,0,3.5013978,0,0,0
18,9,1,0,0,0,0,0,0,0,0,0,3.5724313,0,0,0
15,6,1,0,0,0,0,0,0,0,0,0,3.189898,0,0,0
27,18,1,0,1,0,0,0,0,0,0,0,3.810081,0,0,0
21,12,1,0,0,0,0,0,0,0,0,0,3.7489948,0,0,0
17,8,1,0,0,0,0,0,0,0,0,0,3.1751232,0,0,0
16,7,1,0,0,0,0,0,0,0,0,0,3.2806392,0,0,0
19,10,1,0,0,0,0,0,0,0,0,0,3.5766177,0,0,0
18,9,1,0,0,0,0,0,0,0,0,0,3.5724313,0,0,0
23,14,1,0,0,0,0,0,0,0,0,0,3.6753109,0,0,0
17,8,1,0,0,0,0,0,0,0,0,0,3.4548223,0,0,0
16,7,1,0,0,0,0,0,0,0,0,0,2.977217,0,0,0
20,11,1,0,0,0,0,0,0,0,0,0,3.7464395,0,0,0
22,13,1,0,0,0,0,0,0,0,0,0,3.9705732,0,1,0
26,17,1,0,0,0,0,0,0,0,0,0,3.6133373,0,0,0
19,10,1,0,0,0,0,0,0,0,0,0,3.5368867,0,0,0
24,15,1,0,0,0,0,0,0,0,0,0,3.688722,0,0,0
18,9,1,0,0,0,0,0,0,0,0,0,3.4613202,0,0,0
23,14,1,0,0,0,0,0,0,0,0,0,3.6424897,0,0,0
20,11,1,0,0,0,0,0,0,0,0,0,3.6464393,0,0,0
18,9,1,0,0,0,0,0,0,0,0,0,3.7946534,0,0,0
24,15,1,0,0,0,0,0,0,0,0,0,3.938722,0,0,0
20,11,1,0,0,0,0,0,0,0,0,0,3.6464393,0,0,0
17,8,1,0,0,0,0,0,0,0,0,0,3.5280643,0,0,0
19,10,1,0,0,0,0,0,0,0,0,0,3.2608283,0,0,0
26,17,1,0,0,0,0,0,0,0,0,0,3.6283512,0,0,0
24,15,1,0,0,0,0,0,0,0,0,0,3.7201755,0,0,0
17,8,1,0,0,0,0,0,0,0,0,0,3.5724695,0,0,0
21,12,1,0,0,0,0,0,0,0,0,0,3.8442328,0,0,0
25,16,1,0,0,0,0,0,0,0,0,0,3.6732697,0,0,0
16,7,1,0,0,0,0,0,0,0,0,0,3.3278196,0,0,0
23,14,1,0,0,0,0,0,0,0,0,0,3.708132,0,0,0
17,8,1,0,0,0,0,0,0,0,0,0,3.4548223,0,0,0
24,15,1,0,0,0,0,0,0,0,0,0,3.9701755,0,0,0
19,10,1,0,0,0,0,0,0,0,0,0,3.787144,0,0,0
22,13,1,0,0,0,0,0,0,0,0,0,3.788755,0,0,0
21,12,1,0,0,0,0,0,0,0,0,0,3.4273336,0,0,0
16,7,1,0,0,0,0,0,0,0,0,0,3.4528196,0,0,0
19,10,1,0,0,0,0,0,0,0,0,0,3.5766177,0,0,0
18,9,1,0,0,0,0,0,0,0,0,0,3.5724313,0,0,0
19,10,1,0,0,0,0,0,0,0,0,0,3.6818807,0,0,0
21,12,1,0,0,0,0,0,0,0,0,0,3.3087513,0,0,0
19,10,1,0,0,0,0,0,0,0,0,0,3.3918927,0,0,0
18,9,1,0,0,0,0,0,0,0,0,0,3.308271,0,0,0
20,11,1,0,0,0,0,0,0,0,0,0,3.408695,0,0,0
25,16,1,0,0,1,0,0,0,0,0,0,3.7034652,0,0,0
17,8,1,0,0,0,0,0,0,0,0,0,3.5724695,0,0,0
22,13,1,0,0,0,0,0,0,0,0,0,3.7544417,0,0,0
21,12,1,0,0,0,0,0,0,0,0,0,3.8442328,0,0,0
28,19,1,0,0,0,0,0,0,0,0,0,4.039149,0,0,0
22,13,1,0,0,1,0,0,0,0,0,0,3.7201288,0,0,0
27,18,1,0,0,0,0,0,0,0,0,0,3.736007,0,0,0
20,11,1,0,0,0,0,0,0,0,0,0,3.7841837,0,0,0
20,11,1,0,0,0,0,0,0,0,0,0,3.6841838,0,0,0
37,28,1,0,0,0,0,0,0,0,0,0,3.8516471,0,0,0
18,9,1,0,0,0,0,0,0,0,0,0,3.4613202,0,0,0
20,11,1,0,0,0,0,0,0,0,0,0,3.7841837,0,0,0
21,12,1,0,0,0,0,0,0,0,0,0,3.5585186,0,0,0
19,10,1,0,0,0,0,0,0,0,0,0,3.5368867,0,0,0
20,11,1,0,0,0,0,0,0,0,0,0,3.8841836,0,0,0
28,19,1,0,0,0,0,0,0,0,0,0,3.96772,0,0,0
20,11,1,0,0,0,0,0,0,0,0,0,3.8464394,0,0,0
22,13,1,0,0,0,0,0,0,0,0,0,3.6635327,0,0,0
22,13,1,0,0,0,0,0,0,0,0,0,3.7544417,0,0,0
17,8,1,0,0,0,0,0,0,0,0,0,3.6901164,0,0,0
18,9,1,0,0,0,0,0,0,0,0,0,3.5724313,0,0,0
23,14,1,0,0,0,0,0,0,0,0,0,3.7622674,0,0,0
19,10,1,0,0,0,0,0,0,0,0,0,3.1416354,0,0,0
17,8,1,0,0,0,0,0,0,0,0,0,3.4548223,0,0,0
18,9,1,0,0,0,0,0,0,0,0,0,3.5724313,0,0,0
16,7,1,0,0,0,0,0,0,0,0,0,3.4528196,0,0,0
24,15,1,0,0,0,0,0,0,0,0,0,3.6531072,0,0,0
24,15,1,0,0,0,0,0,0,0,0,0,3.9906015,0,0,0
18,9,1,0,0,0,0,0,0,0,0,0,3.4193819,0,0,0
23,14,1,0,0,0,0,0,0,0,0,0,3.4144413,0,0,0
20,11,1,0,0,0,0,0,0,0,0,0,3.8841836,0,0,0
17,8,1,0,0,0,0,0,0,0,0,0,3.5724695,0,0,0
22,13,1,0,0,0,0,0,0,0,0,0,3.93626,0,0,0
24,15,1,0,0,0,0,0,0,0,0,0,3.6572683,0,0,0
19,10,1,0,0,0,0,0,0,0,0,0,3.3660913,0,0,0
22,13,1,0,0,0,0,0,0,0,0,0,3.697846,0,0,0
21,12,1,0,0,0,0,0,0,0,0,0,3.88018,0,0,0
22,13,1,0,0,0,0,0,0,0,0,0,3.6292198,0,0,0
19,10,1,0,0,0,0,0,0,0,0,0,3.787144,0,0,0
20,11,1,0,0,0,0,0,0,0,0,0,3.508695,0,0,0
17,8,1,0,0,0,0,0,0,0,0,0,3.4548223,0,0,0
22,13,1,0,0,0,0,0,0,0,0,0,3.9705732,0,0,0
21,12,1,0,0,0,0,0,0,0,0,0,3.7489948,0,0,0
25,16,1,0,0,0,0,0,0,0,0,0,4.053661,0,0,0
23,14,1,0,0,0,0,0,0,0,0,0,3.7622674,0,0,0
20,11,1,0,0,0,0,0,0,0,0,0,3.7841837,0,0,0
17,8,1,0,0,0,0,0,0,0,0,0,3.4104173,0,0,0
18,9,1,0,0,0,0,0,0,0,0,0,3.530493,0,0,0
20,11,1,0,0,0,0,0,0,0,0,0,3.7841837,0,0,0
18,9,1,0,0,0,0,0,0,0,0,0,3.5724313,0,0,0
21,12,1,0,0,0,0,0,0,0,0,0,3.422578,0,0,0
24,15,1,0,0,0,0,0,0,0,0,0,3.8239348,0,0,0
22,13,1,0,0,0,0,0,0,0,0,0,3.845351,0,0,0
19,10,1,0,0,0,0,0,0,0,0,0,3.6818807,0,0,0
15,6,1,0,0,0,0,0,0,0,0,0,3.1395721,0,0,0
24,15,1,0,0,1,0,0,0,0,0,0,3.8553886,0,0,0
20,11,1,0,0,0,0,0,0,0,0,0,3.4464393,0,0,0
17,8,1,0,0,0,0,0,0,0,0,0,3.6901164,0,0,0
18,9,1,0,0,0,0,0,0,0,0,0,3.5724313,0,0,0
18,9,1,0,0,0,0,0,0,0,0,0,3.530493,0,0,0
21,12,1,0,0,0,0,0,0,0,0,0,3.6537566,0,0,0
23,14,1,0,0,0,0,0,0,0,0,0,3.5883543,0,0,0
21,12,1,0,0,0,0,0,0,0,0,0,3.5944657,0,0,0
21,12,1,0,0,0,0,0,0,0,0,0,3.88018,0,0,0
15,6,1,0,0,0,0,0,0,0,0,0,3.3232315,0,0,0
19,10,1,0,0,0,0,0,0,0,0,0,3.8924072,0,0,0
20,11,1,0,0,0,0,0,0,0,0,0,3.8841836,0,0,0
23,14,1,0,0,0,0,0,0,0,0,0,3.7950885,0,0,0
19,10,1,0,0,0,0,0,0,0,0,0,3.6818807,0,0,0
18,9,1,0,0,0,0,0,0,0,0,0,3.6835423,0,0,0
18,9,1,0,0,0,0,0,0,0,0,0,3.6835423,0,0,0
18,9,1,0,0,0,0,0,0,0,0,0,3.350209,0,0,0
18,9,1,0,0,0,0,0,0,0,0,0,3.308271,0,0,0
25,16,1,0,0,1,0,0,0,0,0,0,3.6732697,0,0,0
39,30,1,0,0,3,0,0,0,0,0,0,3.987218,0,0,0
18,9,1,0,0,0,0,0,0,0,0,0,3.4613202,0,0,0
24,15,1,0,0,0,0,0,0,0,0,0,3.7364404,0,0,0
19,10,1,0,0,0,0,0,0,0,0,0,3.5368867,0,0,0
17,8,1,0,0,0,0,0,0,0,0,0,3.5724695,0,0,0
18,9,1,0,0,0,0,0,0,0,0,0,3.5724313,0,0,0
15,6,1,0,0,0,0,0,0,0,0,0,3.3232315,0,0,0
25,16,1,0,0,0,0,0,0,0,0,0,3.8936608,0,0,0
22,13,1,0,0,0,0,0,0,0,0,0,3.788755,0,0,0
21,12,1,0,0,0,0,0,0,0,0,0,3.784942,0,0,0
17,8,1,0,0,0,0,0,0,0,0,0,3.2927701,0,0,0
23,14,1,0,0,0,0,0,0,0,0,0,3.7950885,0,0,0
22,13,1,0,0,0,0,0,0,0,0,0,3.7544417,0,0,0
24,15,1,0,0,0,0,0,0,0,0,0,3.7406015,0,0,0
21,12,1,0,0,0,0,0,0,0,0,0,3.6178098,0,0,0
20,11,1,0,0,0,0,0,0,0,0,0,3.408695,0,0,0
21,12,1,0,0,0,0,0,0,0,0,0,3.88018,0,0,0
19,10,1,0,0,0,0,0,0,0,0,0,3.64215,0,0,0
21,12,1,0,0,0,0,0,0,0,0,0,3.8442328,0,0,0
16,7,1,0,0,0,0,0,0,0,0,0,3.5778196,0,0,0
23,14,1,0,0,0,0,0,0,0,0,0,3.5883543,0,0,0
19,10,1,0,0,0,0,0,0,0,0,0,3.64215,0,0,0
19,10,1,0,0,0,0,0,0,0,0,0,3.4316235,0,0,0
25,16,1,0,0,0,0,0,0,0,0,0,3.7034652,0,0,0
21,12,1,0,0,0,0,0,0,0,0,0,3.88018,0,0,0
23,14,1,0,0,0,0,0,0,0,0,0,3.882045,0,0,0
22,13,1,0,0,0,0,0,0,0,0,0,3.6635327,0,0,0
21,12,1,0,0,0,0,0,0,0,0,0,3.88018,0,0,0
20,11,1,0,0,0,0,0,0,0,0,0,3.6464393,0,0,0
22,13,1,0,0,0,0,0,0,0,0,0,3.879664,0,0,0
19,10,1,0,0,0,0,0,0,0,0,0,3.3918927,0,0,0
20,11,1,0,0,0,0,0,0,0,0,0,3.508695,0,0,0
19,10,1,0,0,0,0,0,0,0,0,0,3.5368867,0,0,0
16,7,1,0,0,0,0,0,0,0,0,0,3.2806392,0,0,0
28,19,1,0,0,1,0,0,0,0,0,0,3.9371932,0,0,0
17,8,1,0,0,0,0,0,0,0,0,0,3.4548223,0,0,0
22,13,1,0,0,0,0,0,0,0,0,0,3.4130883,0,0,0
22,13,1,0,0,0,0,0,0,0,0,0,3.93626,0,0,0
20,11,1,0,0,0,0,0,0,0,0,0,3.7464395,0,0,0
17,8,1,0,0,0,0,0,0,0,0,0,3.4548223,0,0,0
17,8,1,0,0,0,0,0,0,0,0,0,3.5724695,0,0,0
15,6,1,0,0,0,0,0,0,0,0,0,3.3232315,0,0,0
24,15,1,0,0,0,0,0,0,0,0,0,3.938722,0,0,0
24,15,1,0,0,0,0,0,0,0,0,0,3.8035088,0,0,0
21,12,1,0,0,0,0,0,0,0,0,0,3.6897037,0,0,0
24,15,1,0,0,0,0,0,0,0,0,0,3.9072683,0,0,0
20,11,1,0,0,0,0,0,0,0,0,0,3.6841838,0,0,0
24,15,1,0,0,0,0,0,0,0,0,0,3.8239348,0,0,0
26,17,1,0,0,0,0,0,0,0,0,0,3.7671835,0,0,0
24,15,1,0,0,0,0,0,0,0,0,0,3.5535088,0,0,0
18,9,1,0,0,0,0,0,0,0,0,0,3.5724313,0,0,0
21,12,1,0,0,0,0,0,0,0,0,0,3.5225716,0,0,0
30,21,1,0,0,0,0,0,0,0,0,0,3.9232314,0,0,0
22,13,1,0,0,0,0,0,0,0,0,0,3.5383105,0,0,0
22,13,1,0,0,0,0,0,0,0,0,0,3.4817145,0,0,0
17,8,1,0,0,0,0,0,0,0,0,0,3.4548223,0,0,0
21,12,1,0,0,0,0,0,0,0,0,0,3.5585186,0,0,0
19,10,1,0,0,0,0,0,0,0,0,0,3.5766177,0,0,0
17,8,1,0,0,0,0,0,0,0,0,0,3.5724695,0,0,0
21,12,1,0,1,0,0,0,0,0,0,0,3.8442328,0,0,0
20,11,1,0,0,0,0,0,0,0,0,0,3.7841837,0,0,0
19,10,1,0,0,0,0,0,0,0,0,0,3.64215,0,0,0
26,17,1,0,0,0,0,0,0,0,0,0,3.9021747,0,0,0
22,13,1,0,0,0,0,0,0,0,0,0,3.845351,0,0,0
20,11,1,0,0,1,0,0,0,0,0,0,3.5464394,0,0,0
24,15,1,0,0,0,0,0,0,0,0,0,3.9701755,0,0,0
22,13,1,0,0,0,0,0,0,0,0,0,3.5383105,0,0,0
22,13,1,0,0,0,0,0,0,0,0,0,3.7544417,0,0,0
22,13,1,0,0,0,0,0,0,0,0,0,3.6292198,0,0,0
28,19,1,0,0,0,0,0,0,0,0,0,4.039149,0,0,0
18,9,1,0,0,0,0,0,0,0,0,0,3.1552215,0,0,0
21,12,1,0,0,0,0,0,0,0,0,0,3.7489948,0,0,0
18,9,1,0,0,0,0,0,0,0,0,0,3.4193819,0,0,0
14,5,1,0,0,0,0,0,0,0,0,0,3.324863,0,0,0
17,8,1,0,0,0,0,0,0,0,0,0,3.4104173,0,0,0
28,19,1,0,0,0,0,0,0,0,0,0,4.039149,0,0,0
23,14,1,0,0,0,0,0,0,0,0,0,3.7622674,0,0,0
18,9,1,0,0,0,0,0,0,0,0,0,3.6835423,0,0,0
14,5,1,0,1,0,0,0,0,0,0,0,3.324863,0,0,0
16,7,1,0,0,0,0,0,0,0,0,0,3.2028196,0,0,0
19,10,1,0,0,0,0,0,0,0,0,0,3.6818807,0,0,0
26,17,1,0,0,0,0,0,0,0,0,0,4.0269866,0,0,0
25,16,1,0,0,0,0,0,0,0,0,0,3.6234653,0,0,0
25,16,1,0,0,0,0,0,0,0,0,0,4.023465,0,0,0
19,10,1,0,0,0,0,0,0,0,0,0,3.5766177,0,0,0
28,19,1,0,0,0,0,0,0,0,0,0,3.726474,0,0,0
18,9,1,0,0,0,0,0,0,0,0,0,3.6835423,0,0,0
24,15,1,0,0,0,0,0,0,0,0,0,3.688722,0,0,0
18,9,1,0,0,0,0,0,0,0,0,0,3.5724313,0,0,0
20,11,1,0,0,0,0,0,0,0,0,0,3.6464393,0,0,0
22,13,1,0,0,0,0,0,0,0,0,0,3.788755,0,0,0
15,6,1,0,0,0,0,0,0,0,0,0,3.189898,0,0,0
17,8,1,0,0,0,0,0,0,0,0,0,3.5724695,0,0,0
21,12,1,0,0,0,0,0,0,0,0,0,3.7489948,0,0,0
22,13,1,0,0,0,0,0,0,0,0,0,4.061482,0,0,0
25,16,1,0,0,0,0,0,0,0,0,0,3.7834651,0,0,0
20,11,1,0,0,0,0,0,0,0,0,0,3.2464395,0,0,0
18,9,1,0,0,0,0,0,0,0,0,0,3.350209,0,0,0
19,10,1,0,2,0,0,0,0,0,0,0,3.64215,0,0,0
14,5,1,0,0,0,0,0,0,0,0,0,3.182006,0,0,0
32,23,1,0,0,0,0,0,0,0,0,0,3.8195488,0,0,0
15,6,1,0,0,0,0,0,0,0,0,0,3.4565647,0,0,0
21,12,1,0,0,0,0,0,0,0,0,0,3.5585186,0,0,0
17,8,1,0,0,0,0,0,0,0,0,0,3.5280643,0,0,0
19,10,1,0,3,0,0,0,0,0,0,0,3.7474132,0,0,0
21,12,1,0,0,0,0,0,0,0,0,0,3.6897037,0,0,0
20,11,1,0,0,0,0,0,0,0,0,0,3.5464394,0,0,0
18,9,1,0,0,0,0,0,0,0,0,0,3.6835423,0,0,0
18,9,1,0,0,0,0,0,0,0,0,0,3.4613202,0,0,0
24,15,1,0,0,0,0,0,0,0,0,0,3.688722,0,0,0
22,13,1,0,0,0,0,0,0,0,0,0,3.4130883,0,0,0
22,13,1,0,0,0,0,0,0,0,0,0,3.6635327,0,0,0
22,13,1,0,0,0,0,0,0,0,0,0,3.5726237,0,0,0
14,5,1,0,0,0,0,0,0,0,0,0,3.324863,0,0,0
25,16,1,0,0,0,0,0,0,0,0,0,3.9434652,0,0,0
22,13,1,0,0,0,0,0,0,0,0,0,3.788755,0,0,0
21,12,1,0,0,0,0,0,0,0,0,0,3.88018,0,0,0
20,11,1,0,0,0,0,0,0,0,0,0,3.508695,0,0,0
24,15,1,0,0,0,0,0,0,0,0,0,3.938722,0,0,0
24,15,1,0,0,0,0,0,0,0,0,0,3.8239348,0,0,0
20,11,1,0,0,0,0,0,0,0,0,0,3.6841838,0,0,0
20,11,1,0,0,0,0,0,0,0,0,0,3.6841838,0,0,0
18,9,1,0,0,0,0,0,0,0,0,0,3.308271,0,0,0
23,14,1,0,0,0,0,0,0,0,0,0,3.7622674,0,0,0
21,12,1,0,0,0,0,0,0,0,0,0,3.88018,0,0,0
24,15,1,0,0,0,0,0,0,0,0,0,4.1053886,0,0,0
20,11,1,0,0,0,0,0,0,0,0,0,3.6841838,0,0,0
16,7,1,0,0,0,0,0,0,0,0,0,3.5778196,0,0,0
17,8,1,0,0,0,0,0,0,0,0,0,3.4104173,0,0,0
15,6,1,0,0,0,0,0,0,0,0,0,3.1395721,0,0,0
25,16,1,0,0,0,0,0,0,0,0,0,3.7834651,0,0,0
22,13,1,0,0,0,0,0,0,0,0,0,3.7544417,0,0,0
21,12,1,0,0,0,0,0,0,0,0,0,3.6537566,0,0,0
21,12,1,0,2,1,0,0,0,0,0,0,3.7489948,0,0,0
16,7,1,0,0,0,0,0,0,0,0,0,3.3278196,0,0,0
22,13,1,0,0,0,0,0,0,0,0,0,3.7544417,0,0,0
25,16,1,0,0,0,0,0,0,0,0,0,3.8936608,0,0,0
19,10,1,0,0,0,0,0,0,0,0,0,3.64215,0,0,0
17,8,1,0,0,0,0,0,0,0,0,0,3.3371754,0,0,0
20,11,1,0,0,0,0,0,0,0,0,0,3.6841838,0,0,0
21,12,1,0,0,0,0,0,0,0,0,0,3.7489948,0,0,0
20,11,1,0,0,0,0,0,0,0,0,0,3.5464394,0,0,0
19,10,1,0,0,0,0,0,0,0,0,0,3.5368867,0,0,0
17,8,1,0,0,0,0,0,0,0,0,0,3.4548223,0,0,0
18,9,1,0,0,0,0,0,0,0,0,0,3.3774438,0,0,0
20,11,1,0,0,0,0,0,0,0,0,0,3.3037016,0,0,0
20,11,1,0,0,0,0,0,0,0,0,0,3.7464395,0,0,0
18,9,1,0,0,0,0,0,0,0,0,0,3.6416042,0,0,0
22,13,1,0,0,0,0,0,0,0,0,0,3.93626,0,0,0
22,13,1,0,0,0,0,0,0,0,0,0,3.6292198,0,0,0
22,13,1,0,0,0,0,0,0,0,0,0,3.6069367,0,0,0
17,8,1,0,0,0,0,0,0,0,0,0,3.4548223,0,0,0
18,9,1,0,0,0,0,0,0,0,0,0,3.6835423,0,0,0
23,14,1,0,0,0,0,0,0,0,0,0,3.5883543,0,0,0
15,6,1,0,0,0,0,0,0,0,0,0,3.3232315,0,0,0
21,12,1,0,0,0,0,0,0,0,0,0,3.6537566,0,0,0
27,18,1,0,0,1,0,0,0,0,0,0,3.912114,0,0,0
17,8,1,0,0,0,0,0,0,0,0,0,3.4104173,0,0,0
16,7,1,0,0,0,0,0,0,0,0,0,3.4056392,0,0,0
20,11,1,0,0,0,0,0,0,0,0,0,3.7464395,0,0,0
19,10,1,0,0,0,0,0,0,0,0,0,3.8924072,0,0,0
19,10,1,0,0,0,0,0,0,0,0,0,3.787144,0,0,0
21,12,1,0,0,0,0,0,0,0,0,0,3.7489948,0,0,0
19,10,1,0,0,0,0,0,0,0,0,0,3.6818807,0,0,0
19,10,1,0,0,0,0,0,0,0,0,0,3.787144,0,0,0
23,14,1,0,0,0,0,0,0,0,0,0,3.9361804,0,0,0
22,13,1,0,0,0,0,0,0,0,0,0,3.7544417,0,0,0
23,14,1,0,0,0,0,0,0,0,0,0,3.5013978,0,0,0
18,9,1,0,0,0,0,0,0,0,0,0,3.5724313,0,0,0
22,13,1,0,0,0,0,0,0,0,0,0,3.788755,0,0,0
23,14,1,0,0,0,0,0,0,0,0,0,3.8164027,0,0,0
16,7,1,0,0,0,0,0,0,0,0,0,3.1556392,0,0,0
24,15,1,0,0,0,0,0,0,0,0,0,3.7201755,0,0,0
21,12,1,0,0,0,0,0,0,0,0,0,3.1961548,0,0,0
21,12,1,0,0,0,0,0,0,0,0,0,3.5585186,0,0,0
20,11,1,0,0,0,0,0,0,0,0,0,3.6464393,0,0,0
19,10,1,0,0,0,0,0,0,0,0,0,3.64215,0,0,0
23,14,1,0,0,0,0,0,0,0,0,0,3.7950885,0,0,0
18,9,1,0,0,0,0,0,0,0,0,0,3.6835423,0,0,0
16,7,1,0,0,0,0,0,0,0,0,0,3.5778196,0,0,0
19,10,1,0,0,0,0,0,0,0,0,0,3.5766177,0,0,0
24,15,1,0,0,1,0,0,0,0,0,0,3.9701755,0,0,0
21,12,1,0,0,0,0,0,0,0,0,0,3.8442328,0,0,0
17,8,1,0,0,0,0,0,0,0,0,0,3.2195282,0,0,0
21,12,1,0,0,0,0,0,0,0,0,0,3.6178098,0,0,0
20,11,1,0,0,0,0,0,0,0,0,0,3.6464393,0,0,0
23,14,1,0,0,0,0,0,0,0,0,0,3.708132,0,0,0
17,8,1,0,0,0,0,0,0,0,0,0,3.130718,0,0,0
18,9,1,0,0,0,0,0,0,0,0,0,3.2390978,0,0,0
27,18,1,0,0,0,0,0,0,0,0,0,4.0323033,0,0,0
25,16,1,0,0,0,0,0,0,0,0,0,3.7336607,0,0,0
18,9,1,0,0,0,0,0,0,0,0,0,3.6835423,0,0,0
17,8,1,0,2,0,0,0,0,0,0,0,3.4104173,0,0,0
22,13,1,0,0,0,0,0,0,0,0,0,3.845351,0,0,0
21,12,1,0,0,1,0,0,0,0,0,0,3.6537566,0,0,0
22,13,1,0,1,0,0,0,0,0,0,0,3.7544417,0,0,0
24,15,1,0,0,0,0,0,0,0,0,0,3.938722,0,0,0
21,12,1,0,0,0,0,0,0,0,0,0,3.7489948,0,0,0
24,15,1,0,0,0,0,0,0,0,0,0,3.7406015,0,0,0
18,9,1,0,0,0,0,0,0,0,0,0,3.3774438,0,0,0
25,16,1,0,0,0,0,0,0,0,0,0,3.9434652,0,0,0
21,12,1,0,0,0,0,0,0,0,0,0,3.6178098,0,0,0
20,11,1,0,0,0,0,0,0,0,0,0,3.4464393,0,0,0
17,8,1,0,1,0,0,0,0,0,0,0,3.4548223,0,0,0
17,8,1,0,1,0,0,0,0,0,0,0,3.5724695,0,0,0
18,9,1,0,0,0,0,0,0,0,0,0,3.530493,0,0,0
21,12,1,0,0,0,0,0,0,0,0,0,3.6897037,0,0,0
20,11,1,0,0,0,0,0,0,0,0,0,3.6464393,0,0,0
16,7,1,0,0,0,0,0,0,0,0,0,3.4528196,0,0,0
20,11,1,0,0,0,0,0,0,0,0,0,3.7841837,0,0,0
20,11,1,0,0,0,0,0,0,0,0,0,3.6841838,0,0,0
20,11,1,0,0,0,0,0,0,0,0,0,3.5464394,0,0,0
18,9,1,0,0,0,0,0,0,0,0,0,3.4613202,0,0,0
15,6,1,0,0,0,0,0,0,0,0,0,3.4565647,0,0,0
16,7,1,0,0,0,0,0,0,0,0,0,3.4528196,0,0,0
18,9,1,0,0,0,0,0,0,0,0,0,3.530493,0,0,0
21,12,1,0,1,0,0,0,0,0,0,0,3.88018,0,0,0
17,8,1,0,0,0,0,0,0,0,0,0,3.5724695,0,0,0
21,12,1,0,0,0,0,0,0,0,0,0,3.784942,0,0,0
21,12,1,0,0,0,0,0,0,0,0,0,3.784942,0,0,0
17,8,1,0,0,0,0,0,0,0,0,0,3.6901164,0,0,0
15,6,1,0,0,0,0,0,0,0,0,0,3.3232315,0,0,0
20,11,1,0,0,0,0,0,0,0,0,0,3.5464394,0,0,0
19,10,1,0,0,0,0,0,0,0,0,0,3.5766177,0,0,0
18,9,1,0,0,0,0,0,0,0,0,0,3.6835423,0,0,0
18,9,1,0,1,0,0,0,0,0,0,0,3.6835423,0,0,0
16,7,1,0,0,0,0,0,0,0,0,0,3.3278196,0,0,0
23,14,1,0,1,1,0,0,0,0,0,0,3.8492239,0,0,0
19,10,1,0,0,0,0,0,0,0,0,0,3.787144,0,0,0
17,8,1,0,2,0,0,0,0,0,0,0,3.4548223,0,0,0
29,20,1,0,0,0,0,0,0,0,0,0,3.8312762,0,0,0
21,12,1,0,0,0,0,0,0,0,0,0,3.784942,0,0,0
21,12,1,0,0,0,0,0,0,0,0,0,3.5225716,0,0,0
21,12,1,0,0,0,0,0,0,0,0,0,3.88018,0,0,0
19,10,1,0,0,0,0,0,0,0,0,0,3.787144,0,0,0
21,12,1,0,0,0,0,0,0,0,0,0,3.784942,0,0,0
18,9,1,0,0,0,0,0,0,0,0,0,3.308271,0,0,0
21,12,1,0,0,0,0,0,0,0,0,0,3.6537566,0,0,0
23,14,1,0,0,0,0,0,0,0,0,0,3.5555332,0,0,0
21,12,1,0,0,0,0,0,0,0,0,0,3.5225716,0,0,0
24,15,1,0,0,0,0,0,0,0,0,0,3.7201755,0,0,0
20,11,1,0,0,0,0,0,0,0,0,0,3.4841838,0,0,0
19,10,1,0,0,0,0,0,0,0,0,0,3.5368867,0,0,0
18,9,1,0,0,0,0,0,0,0,0,0,3.4193819,0,0,0
19,10,1,0,0,0,0,0,0,0,0,0,3.5766177,0,0,0
19,10,1,0,0,0,0,0,0,0,0,0,3.4316235,0,0,0
19,10,1,0,0,0,0,0,0,0,0,0,3.5766177,0,0,0
23,14,1,0,0,0,0,0,0,0,0,0,3.8492239,0,0,0
20,11,1,0,0,0,0,0,0,0,0,0,3.5464394,0,0,0
21,12,1,0,0,1,0,0,0,0,0,0,3.7489948,0,0,0
16,7,1,0,0,0,0,0,0,0,0,0,3.1084585,0,0,0
24,15,1,0,2,0,0,0,0,0,0,0,4.1368423,0,0,0
21,12,1,0,1,0,0,0,0,0,0,0,3.784942,0,0,0
18,9,1,0,0,0,0,0,0,0,0,0,3.350209,0,0,0
17,8,1,0,0,0,0,0,0,0,0,0,3.4104173,0,0,0
17,8,1,0,0,0,0,0,0,0,0,0,3.130718,0,0,0
18,9,1,0,0,0,0,0,0,0,0,0,3.4193819,0,0,0
17,8,1,0,1,0,0,0,0,0,0,0,3.4548223,0,0,0
22,13,1,0,0,0,0,0,0,0,0,0,3.879664,0,0,0
20,11,1,0,1,0,0,0,0,0,0,0,3.6841838,0,0,0
18,9,1,0,0,0,0,0,0,0,0,0,3.6835423,0,0,0
21,12,1,0,0,0,0,0,0,0,0,0,3.7489948,0,0,0
23,14,1,0,1,0,0,0,0,0,0,0,3.7294462,0,0,0
27,18,1,0,0,0,0,0,0,0,0,0,3.912114,0,0,0
24,15,1,0,0,0,0,0,0,0,0,0,3.7406015,0,0,0
17,8,1,0,0,0,0,0,0,0,0,0,3.5280643,0,0,0
21,12,1,0,0,0,0,0,0,0,0,0,3.7489948,0,0,0
23,14,1,0,0,0,0,0,0,0,0,0,3.6211755,0,0,0
22,13,1,0,0,0,0,0,0,0,0,0,3.4817145,0,0,0
24,15,1,0,0,0,0,0,0,0,0,0,3.8035088,0,0,0
17,8,1,0,1,0,0,0,0,0,0,0,3.5724695,0,0,0
17,8,1,0,0,0,0,0,0,0,0,0,3.4104173,0,0,0
21,12,1,0,0,0,0,0,0,0,0,0,3.5585186,0,0,0
24,15,1,0,0,1,0,0,0,0,0,0,3.9701755,0,0,0
21,12,1,0,0,0,0,0,0,0,0,0,3.6537566,0,0,0
20,11,1,0,0,0,0,0,0,0,0,0,3.3709507,0,0,0
23,14,1,0,0,0,0,0,0,0,0,0,3.5555332,0,0,0
22,13,1,0,3,0,0,0,0,0,0,0,3.9705732,0,0,0
25,16,1,0,0,0,0,0,0,0,0,0,3.7532697,0,0,0
23,14,1,0,0,0,0,0,0,0,0,0,3.696625,0,0,0
21,12,1,0,0,0,0,0,0,0,0,0,3.8442328,0,0,0
23,14,1,0,0,0,0,0,0,0,0,0,3.8492239,0,0,0
19,10,1,0,0,0,0,0,0,0,0,0,3.64215,0,0,0
23,14,1,0,0,0,0,0,0,0,0,0,3.8492239,0,0,0
21,12,1,0,0,0,0,0,0,0,0,0,4.0706563,0,0,0
29,20,1,0,0,0,0,0,0,0,0,0,4.1422954,0,0,0
17,8,1,0,1,0,0,0,0,0,0,0,3.5724695,0,0,0
21,12,1,0,0,0,0,0,0,0,0,0,3.5585186,0,0,0
17,8,1,0,0,0,0,0,0,0,0,0,3.3371754,0,0,0
19,10,1,0,0,0,0,0,0,0,0,0,3.3660913,0,0,0
21,12,1,0,0,0,0,0,0,0,0,0,3.3680425,0,0,0
20,11,1,0,0,0,0,0,0,0,0,0,3.508695,0,0,0
16,7,1,0,0,0,0,0,0,0,0,0,3.4528196,0,0,0
21,12,1,0,0,0,0,0,0,0,0,0,3.3680425,0,0,0
17,8,1,0,0,0,0,0,0,0,0,0,3.5724695,0,0,0
27,18,1,0,0,0,0,0,0,0,0,0,4.0043445,0,0,0
16,7,1,0,1,0,0,0,0,0,0,0,3.4528196,0,0,0
16,7,1,0,0,0,0,0,0,0,0,0,3.2806392,0,0,0
24,15,1,0,0,0,0,0,0,0,0,0,3.8868423,0,0,0
27,18,1,0,0,1,0,0,0,0,0,0,3.79658,0,0,0
22,13,1,0,0,0,0,0,0,0,0,0,3.5160277,0,0,0
22,13,1,0,0,0,0,0,0,0,0,0,3.5383105,0,0,0
18,9,1,0,0,0,0,0,0,0,0,0,3.530493,0,0,0
23,14,1,0,0,0,0,0,0,0,0,0,3.5883543,0,0,0
19,10,1,0,0,0,0,0,0,0,0,0,3.0503018,0,0,0
25,16,1,0,0,0,0,0,0,0,0,0,3.6732697,0,0,0
23,14,1,0,0,0,0,0,0,0,0,0,4.0559583,0,0,0
20,11,1,0,0,0,0,0,0,0,0,0,3.5464394,0,0,0
20,11,1,0,0,0,0,0,0,0,0,0,3.3709507,0,0,0
20,11,1,0,0,0,0,0,0,0,0,0,3.7464395,0,0,0
26,17,1,0,0,0,0,0,0,0,0,0,3.7192945,0,0,0
25,16,1,0,0,0,0,0,0,0,0,0,3.7034652,0,0,0
21,12,1,0,0,0,0,0,0,0,0,0,3.8442328,0,0,0
17,8,1,0,0,0,0,0,0,0,0,0,3.4548223,0,0,0
22,13,1,0,0,0,0,0,0,0,0,0,3.879664,0,0,0
20,11,1,0,0,0,0,0,0,0,0,0,3.408695,0,0,0
19,10,1,0,0,0,0,0,0,0,0,0,3.6818807,0,0,0
18,9,1,0,0,0,0,0,0,0,0,0,3.0860486,0,0,0
20,11,1,0,0,0,0,0,0,0,0,0,3.4464393,0,0,0
20,11,1,0,1,0,0,0,0,0,0,0,3.5464394,0,0,0
19,10,1,0,0,0,0,0,0,0,0,0,3.4713545,0,0,0
20,11,1,0,0,0,0,0,0,0,0,0,3.6464393,0,0,0
19,10,1,0,0,0,0,0,0,0,0,0,3.6818807,0,0,0
21,12,1,0,0,0,0,0,0,0,0,0,3.4992275,0,0,0
21,12,1,0,0,0,0,0,0,0,0,0,3.8442328,0,0,0
18,9,1,0,0,0,0,0,0,0,0,0,3.5724313,0,0,0
16,7,1,0,0,0,0,0,0,0,0,0,3.5778196,0,0,0
23,14,1,0,0,0,0,0,0,0,0,0,3.5555332,0,0,0
25,16,1,0,0,1,0,0,0,0,0,0,3.8136606,0,0,0
16,7,1,0,0,0,0,0,0,0,0,0,3.4528196,0,0,0
16,7,1,0,0,0,0,0,0,0,0,0,3.4528196,0,0,0
22,13,1,0,0,0,0,0,0,0,0,0,3.5337713,0,0,0
23,14,1,0,4,0,0,0,0,0,0,0,3.7622674,0,0,0
23,14,1,0,0,0,0,0,0,0,0,0,3.5883543,0,0,0
24,15,1,0,0,0,0,0,0,0,0,0,3.4864404,0,0,0
28,19,1,0,0,0,0,0,0,0,0,0,4.0121884,0,0,0
19,10,1,0,0,0,0,0,0,0,0,0,3.6818807,0,0,0
16,7,1,0,0,0,0,0,0,0,0,0,3.4528196,0,0,0
19,10,1,0,0,0,0,0,0,0,0,0,3.3918927,0,0,0
21,12,1,0,0,0,0,0,0,0,0,0,3.7489948,0,0,0
20,11,1,0,0,0,0,0,0,0,0,0,3.6464393,0,0,0
16,7,1,0,0,0,0,0,0,0,0,0,3.2028196,0,0,0
19,10,1,0,0,0,0,0,0,0,0,0,3.5766177,0,0,0
27,18,1,0,0,0,0,0,0,0,0,0,3.8002787,0,0,0
17,8,1,0,0,0,0,0,0,0,0,0,3.5724695,0,0,0
21,12,1,0,1,0,0,0,0,0,0,0,3.88018,0,0,0
20,11,1,0,3,0,0,0,0,0,0,0,3.6841838,0,0,0
18,9,1,0,0,0,0,0,0,0,0,0,3.4193819,0,0,0
16,7,1,0,0,0,0,0,0,0,0,0,3.1556392,0,0,0
20,11,1,0,1,0,0,0,0,0,0,0,3.5464394,0,0,0
23,14,1,0,0,0,0,0,0,0,0,0,3.9690015,0,0,0
19,10,1,0,0,0,0,0,0,0,0,0,3.5368867,0,0,0
20,11,1,0,0,0,0,0,0,0,0,0,3.7841837,0,0,0
16,7,1,0,0,0,0,0,0,0,0,0,3.4528196,0,0,0
18,9,1,0,0,0,0,0,0,0,0,0,3.308271,0,0,0
16,7,1,0,0,0,0,0,0,0,0,0,3.2806392,0,0,0
19,10,1,0,0,0,0,0,0,0,0,0,3.5766177,0,0,0
21,12,1,0,1,0,0,0,0,0,0,0,3.88018,0,0,0
19,10,1,0,0,0,0,0,0,0,0,0,3.2866294,0,0,0
20,11,1,0,2,0,0,0,0,0,0,0,3.7841837,0,0,0
20,11,1,0,0,0,0,0,0,0,0,0,3.6464393,0,0,0
21,12,1,0,0,0,0,0,0,0,0,0,3.88018,0,0,0
22,13,1,0,0,0,0,0,0,0,0,0,3.6292198,0,0,0
20,11,1,0,0,0,0,0,0,0,0,0,3.5464394,0,0,0
21,12,1,0,0,0,0,0,0,0,0,0,3.7489948,0,0,0
18,9,1,0,3,0,0,0,0,0,0,0,3.7946534,0,0,0
21,12,1,0,0,0,0,0,0,0,0,0,3.88018,0,0,0
22,13,1,0,3,0,0,0,0,0,0,0,3.845351,0,0,0
17,8,1,0,0,0,0,0,0,0,0,0,3.4548223,0,0,0
24,15,1,0,0,1,0,0,0,0,0,0,3.938722,0,0,0
20,11,1,0,0,0,0,0,0,0,0,0,3.7841837,0,0,0
17,8,1,0,0,0,0,0,0,0,0,0,3.2927701,0,0,0
19,10,1,0,0,0,0,0,0,0,0,0,3.6818807,0,0,0
19,10,1,0,0,0,0,0,0,0,0,0,3.6818807,0,0,0
21,12,1,0,0,0,0,0,0,0,0,0,3.5944657,0,0,0
18,9,1,0,0,0,0,0,0,0,0,0,3.6835423,0,0,0
19,10,1,0,1,0,0,0,0,0,0,0,3.5766177,0,0,0
23,14,1,0,2,0,0,0,0,0,0,0,3.7294462,0,0,0
18,9,1,0,0,0,0,0,0,0,0,0,3.530493,0,0,0
18,9,1,0,0,0,0,0,0,0,0,0,3.530493,0,0,0
18,9,1,0,0,0,0,0,0,0,0,0,3.6835423,0,0,0
18,9,1,0,0,0,0,0,0,0,0,0,3.308271,0,0,0
15,6,1,0,0,0,0,0,0,0,0,0,2.7898982,0,0,0
22,13,1,0,1,0,0,0,0,0,0,0,3.788755,0,0,0
20,11,1,0,0,0,0,0,0,0,0,0,3.6841838,0,0,0
18,9,1,0,1,0,0,0,0,0,0,0,3.530493,0,0,0
23,14,1,0,0,0,0,0,0,0,0,0,3.7622674,0,0,0
25,16,1,0,0,1,0,0,0,0,0,0,3.7034652,0,0,0
23,14,1,0,1,0,0,0,0,0,0,0,3.8164027,0,0,0
21,12,1,0,0,0,0,0,0,0,0,0,3.6537566,0,0,0
22,13,1,0,0,0,0,0,0,0,0,0,3.6069367,0,0,0
17,8,1,0,1,0,0,0,0,0,0,0,3.6901164,0,0,0
23,14,1,0,0,0,0,0,0,0,0,0,3.7622674,0,0,0
23,14,1,0,0,0,0,0,0,0,0,0,3.7622674,0,0,0
16,7,1,0,0,0,0,0,0,0,0,0,3.4528196,0,0,0
17,8,1,0,0,0,0,0,0,0,0,0,3.5724695,0,0,0
23,14,1,0,3,0,0,0,0,0,0,0,3.7622674,0,0,0
19,10,1,0,0,0,0,0,0,0,0,0,3.6818807,0,0,0
22,13,1,0,0,0,0,0,0,0,0,0,3.7544417,0,0,0
24,15,1,0,3,0,0,0,0,0,0,0,3.938722,0,0,0
21,12,1,0,0,0,0,0,0,0,0,0,3.7489948,0,0,0
18,9,1,0,0,0,0,0,0,0,0,0,3.530493,0,0,0
24,15,1,0,0,0,0,0,0,0,0,0,3.8553886,0,0,0
20,11,1,0,0,0,0,0,0,0,0,0,3.7464395,0,0,0
17,8,1,0,0,0,0,0,0,0,0,0,3.6901164,0,0,0
20,11,1,0,0,0,0,0,0,0,0,0,3.9841838,0,0,0
23,14,1,0,0,0,0,0,0,0,0,0,3.5883543,0,0,0
19,10,1,0,0,0,0,0,0,0,0,0,3.3263605,0,0,0
18,9,1,0,0,0,0,0,0,0,0,0,3.6835423,0,0,0
23,14,1,0,0,0,0,0,0,0,0,0,3.7622674,0,0,0
22,13,1,0,0,0,0,0,0,0,0,0,3.4428623,0,0,0
16,7,1,0,0,0,0,0,0,0,0,0,3.2806392,0,0,0
21,12,1,0,0,0,0,0,0,0,0,0,3.7130477,0,0,0
19,10,1,0,0,0,0,0,0,0,0,0,3.3918927,0,0,0
28,19,1,0,0,1,0,0,0,0,0,0,3.8154106,0,0,0
15,6,1,0,0,0,0,0,0,0,0,0,3.006239,0,0,0
20,11,1,0,3,0,0,0,0,0,0,0,3.408695,0,0,0
24,15,1,0,2,0,0,0,0,0,0,0,3.8239348,0,0,0
23,14,1,0,0,0,0,0,0,0,0,0,3.7622674,0,0,0
19,10,1,0,0,0,0,0,0,0,0,0,3.8924072,0,0,0
25,16,1,0,0,0,0,0,0,0,0,0,3.7034652,0,0,0
21,12,1,0,0,0,0,0,0,0,0,0,3.8442328,0,0,0
21,12,1,0,0,0,0,0,0,0,0,0,3.4273336,0,0,0
19,10,1,0,1,0,0,0,0,0,0,0,3.5368867,0,0,0
15,6,1,0,0,0,0,0,0,0,0,0,2.9232314,0,0,0
17,8,1,0,0,0,0,0,0,0,0,0,3.5724695,0,0,0
22,13,1,0,0,0,0,0,0,0,0,0,3.5383105,0,0,0
19,10,1,0,0,0,0,0,0,0,0,0,3.3918927,0,0,0
15,6,1,0,0,0,0,0,0,0,0,0,2.9232314,0,0,0
20,11,1,0,0,0,0,0,0,0,0,0,3.5464394,0,0,0
26,17,1,0,0,1,0,0,0,0,0,0,3.9500637,0,0,0
20,11,1,0,0,0,0,0,0,0,0,0,3.7841837,0,0,0
16,7,1,0,1,0,0,0,0,0,0,0,3.5778196,0,0,0
24,15,1,0,0,0,0,0,0,0,0,0,3.6572683,0,0,0
22,13,1,0,0,0,0,0,0,0,0,0,3.879664,0,0,0
18,9,1,0,0,0,0,0,0,0,0,0,3.6835423,0,0,0
18,9,1,0,1,0,0,0,0,0,0,0,3.6416042,0,0,0
20,11,1,0,0,0,0,0,0,0,0,0,3.6464393,0,0,0
16,7,1,0,1,0,0,0,0,0,0,0,3.4528196,0,0,0
19,10,1,0,0,0,0,0,0,0,0,0,3.5368867,0,0,0
23,14,1,0,0,0,0,0,0,0,0,0,3.9690015,0,0,0
21,12,1,0,0,0,0,0,0,0,0,0,3.975418,0,0,0
24,15,1,0,0,0,0,0,0,0,0,0,3.9072683,0,0,0
21,12,1,0,0,0,0,0,0,0,0,0,3.784942,0,0,0
18,9,1,0,0,0,0,0,0,0,0,0,3.4613202,0,0,0
25,16,1,0,0,0,0,0,0,0,0,0,3.7532697,0,0,0
18,9,1,0,0,0,0,0,0,0,0,0,3.308271,0,0,0
20,11,1,0,0,0,0,0,0,0,0,0,3.508695,0,0,0
20,11,1,0,0,0,0,0,0,0,0,0,3.508695,0,0,0
19,10,1,0,0,0,0,0,0,0,0,0,3.4316235,0,0,0
16,7,1,0,0,0,0,0,0,0,0,0,3.4528196,0,0,0
19,10,1,0,0,0,0,0,0,0,0,0,3.5368867,0,0,0
20,11,1,0,0,0,0,0,0,0,0,0,3.408695,0,0,0
19,10,1,0,0,0,0,0,0,0,0,0,3.2608283,0,0,0
22,13,1,0,0,0,0,0,0,0,0,0,3.6635327,0,0,0
22,13,1,0,0,0,0,0,0,0,0,0,3.6635327,0,0,0
24,15,1,0,0,0,0,0,0,0,0,0,3.6053886,0,0,0
21,12,1,0,0,0,0,0,0,0,0,0,3.2728043,0,0,0
24,15,1,0,0,0,0,0,0,0,0,0,3.5739348,0,0,0
20,11,1,0,2,0,0,0,0,0,0,0,3.5464394,0,0,0
18,9,1,0,0,0,0,0,0,0,0,0,3.5724313,0,0,0
23,14,1,0,0,0,0,0,0,0,0,0,3.882045,0,0,0
21,12,1,0,0,0,0,0,0,0,0,0,3.3680425,0,0,0
19,10,1,0,0,0,0,0,0,0,0,0,3.64215,0,0,0
20,11,1,0,0,0,0,0,0,0,0,0,3.6841838,0,0,0
19,10,1,0,0,0,0,0,0,0,0,0,3.2813735,0,0,0
20,11,1,0,0,0,0,0,0,0,0,0,3.508695,0,0,0
23,14,1,0,0,0,0,0,0,0,0,0,3.9361804,0,0,0
18,9,1,0,0,0,0,0,0,0,0,0,3.4193819,0,0,0
20,11,1,0,0,0,0,0,0,0,0,0,3.4464393,0,0,0
21,12,1,0,0,0,0,0,0,0,0,0,3.4039896,0,0,0
24,15,1,0,2,0,0,0,0,0,0,0,3.8553886,0,0,0
21,12,1,0,0,0,0,0,0,0,0,0,3.5225716,0,0,0
20,11,1,0,0,0,0,0,0,0,0,0,3.7841837,0,0,0
22,13,1,0,0,0,0,0,0,0,0,0,3.4817145,0,0,0
20,11,1,0,0,0,0,0,0,0,0,0,3.308695,0,0,0
25,16,1,0,0,0,0,0,0,0,0,0,3.7034652,0,0,0
21,12,1,0,0,0,0,0,0,0,0,0,3.4273336,0,0,0
22,13,1,0,0,0,0,0,0,0,0,0,3.845351,0,0,0
21,12,1,0,2,1,0,0,0,0,0,0,3.7489948,0,0,0
19,10,1,0,0,0,0,0,0,0,0,0,3.6818807,0,0,0
25,16,1,0,0,0,0,0,0,0,0,0,3.7834651,0,0,0
18,9,1,0,0,0,0,0,0,0,0,0,3.6835423,0,0,0
19,10,1,0,0,0,0,0,0,0,0,0,3.64215,0,0,0
19,10,1,0,0,0,0,0,0,0,0,0,3.64215,0,0,0
19,10,1,0,0,0,0,0,0,0,0,0,3.787144,0,0,0
22,13,1,0,0,0,0,0,0,0,0,0,3.788755,0,0,0
22,13,1,0,0,0,0,0,0,0,0,0,3.1701348,0,0,0
19,10,1,0,0,0,0,0,0,0,0,0,3.5766177,0,0,0
19,10,1,0,2,0,0,0,0,0,0,0,3.4316235,0,0,0
18,9,1,0,0,0,0,0,0,0,0,0,3.530493,0,0,0
20,11,1,0,0,0,0,0,0,0,0,0,3.508695,0,0,0
23,14,1,0,0,1,0,0,0,0,0,0,4.0559583,0,0,0
17,8,1,0,1,0,0,0,0,0,0,0,3.5724695,0,0,0
20,11,1,0,0,0,0,0,0,0,0,0,3.5841837,0,0,0
25,16,1,0,0,0,0,0,0,0,0,0,3.6234653,0,0,0
25,16,1,0,0,0,0,0,0,0,0,0,3.8332696,0,0,0
23,14,1,0,0,0,0,0,0,0,0,0,3.7950885,0,0,0
18,9,1,0,0,0,0,0,0,0,0,0,3.5724313,0,0,0
28,19,1,0,1,0,0,0,0,0,0,0,4.1375375,0,0,0
21,12,1,0,1,0,0,0,0,0,0,0,3.88018,0,0,0
25,16,1,0,0,0,0,0,0,0,0,0,3.7034652,0,0,0
21,12,1,0,2,0,0,0,0,0,0,0,3.5225716,0,0,0
15,6,1,0,0,0,0,0,0,0,0,0,3.1395721,0,0,0
16,7,1,0,0,0,0,0,0,0,0,0,3.4056392,0,0,0
23,14,1,0,0,0,0,0,0,0,0,0,3.6753109,0,0,0
19,10,1,0,0,0,0,0,0,0,0,0,3.4316235,0,0,0
23,14,1,0,0,0,0,0,0,0,0,0,3.7294462,0,0,0
20,11,1,0,0,0,0,0,0,0,0,0,3.8464394,0,0,0
17,8,1,0,0,0,0,0,0,0,0,0,3.2195282,0,0,0
23,14,1,0,0,0,0,0,0,0,0,0,3.9361804,0,0,0
22,13,1,0,0,0,0,0,0,0,0,0,4.061482,0,0,0
25,16,1,0,0,0,0,0,0,0,0,0,3.5932696,0,0,0
19,10,1,0,0,0,0,0,0,0,0,0,3.5368867,0,0,0
21,12,1,0,0,0,0,0,0,0,0,0,3.5585186,0,0,0
27,18,1,0,0,1,0,0,0,0,0,0,4.0323033,0,0,0
18,9,1,0,0,0,0,0,0,0,0,0,3.6835423,0,0,0
16,7,1,0,2,0,0,0,0,0,0,0,3.5778196,0,0,0
25,16,1,0,0,0,0,0,0,0,0,0,3.9132698,0,0,0
19,10,1,0,2,0,0,0,0,0,0,0,3.787144,0,0,0
22,13,1,0,0,0,0,0,0,0,0,0,3.6635327,0,0,0
18,9,1,0,0,0,0,0,0,0,0,0,3.4613202,0,0,0
24,15,1,0,0,0,0,0,0,0,0,0,3.938722,0,0,0
26,17,1,0,0,0,0,0,0,0,0,0,3.8252518,0,0,0
23,14,1,0,0,1,0,0,0,0,0,0,3.6753109,0,0,0
23,14,1,0,0,0,0,0,0,0,0,0,3.6424897,0,0,0
20,11,1,0,0,0,0,0,0,0,0,0,3.6464393,0,0,0
20,11,1,0,0,0,0,0,0,0,0,0,3.6464393,0,0,0
20,11,1,0,0,0,0,0,0,0,0,0,3.6464393,0,0,0
21,12,1,0,0,0,0,0,0,0,0,0,3.5225716,0,0,0
19,10,1,0,0,0,0,0,0,0,0,0,3.5368867,0,0,0
17,8,1,0,0,0,0,0,0,0,0,0,3.5280643,0,0,0
23,14,1,0,0,0,0,0,0,0,0,0,3.7294462,0,0,0
21,12,1,0,0,0,0,0,0,0,0,0,3.6537566,0,0,0
20,11,1,0,0,0,0,0,0,0,0,0,3.5841837,0,0,0
21,12,1,0,1,0,0,0,0,0,0,0,3.5225716,0,0,0
18,9,1,0,4,0,0,0,0,0,0,0,3.2390978,0,0,0
18,9,1,0,0,0,0,0,0,0,0,0,3.6835423,0,0,0
22,13,1,0,0,0,0,0,0,0,0,0,3.879664,0,0,0
17,8,1,0,0,0,0,0,0,0,0,0,3.2927701,0,0,0
16,7,1,0,2,0,0,0,0,0,0,0,3.5778196,0,0,0
20,11,1,0,0,0,0,0,0,0,0,0,3.3841836,0,0,0
25,16,1,0,0,0,0,0,0,0,0,0,3.7532697,0,0,0
17,8,1,0,0,0,0,0,0,0,0,0,3.4548223,0,0,0
23,14,1,0,0,0,0,0,0,0,0,0,3.882045,0,0,0
22,13,1,0,0,1,0,0,0,0,0,0,3.7544417,0,0,0
18,9,1,0,0,0,0,0,0,0,0,0,3.6835423,0,0,0
24,15,1,0,0,0,0,0,0,0,0,0,4.022055,0,0,0
29,20,1,0,0,0,0,0,0,0,0,0,3.9262724,0,0,0
19,10,1,0,0,0,0,0,0,0,0,0,3.64215,0,0,0
21,12,1,0,0,0,0,0,0,0,0,0,3.6897037,0,0,0
18,9,1,0,0,0,0,0,0,0,0,0,3.530493,0,0,0
23,14,1,0,0,0,0,0,0,0,0,0,3.7950885,0,0,0
21,12,1,0,0,0,0,0,0,0,0,0,3.7489948,0,0,0
17,8,1,0,0,0,0,0,0,0,0,0,3.4104173,0,0,0
21,12,1,0,0,0,0,0,0,0,0,0,3.6537566,0,0,0
21,12,1,0,0,0,0,0,0,0,0,0,3.6897037,0,0,0
23,14,1,0,0,0,0,0,0,0,0,0,3.8492239,0,0,0
18,9,1,0,2,0,0,0,0,0,0,0,3.4193819,0,0,0
25,16,1,0,0,0,0,0,0,0,0,0,3.7532697,0,0,0
21,12,1,0,0,0,0,0,0,0,0,0,3.784942,0,0,0
16,7,1,0,0,0,0,0,0,0,0,0,3.4528196,0,0,0
20,11,1,0,0,0,0,0,0,0,0,0,3.408695,0,0,0
15,6,1,0,0,0,0,0,0,0,0,0,3.1395721,0,0,0
20,11,1,0,0,0,0,0,0,0,0,0,3.6841838,0,0,0
16,7,1,0,0,0,0,0,0,0,0,0,3.4528196,0,0,0
20,11,1,0,0,0,0,0,0,0,0,0,3.7464395,0,0,0
19,10,1,0,3,0,0,0,0,0,0,0,3.2866294,0,0,0
18,9,1,0,0,0,0,0,0,0,0,0,3.6835423,0,0,0
19,10,1,0,0,0,0,0,0,0,0,0,3.3263605,0,0,0
20,11,1,0,0,0,0,0,0,0,0,0,3.5841837,0,0,0
20,11,1,0,0,0,0,0,0,0,0,0,3.6841838,0,0,0
21,12,1,0,0,0,0,0,0,0,0,0,3.6537566,0,0,0
28,19,1,0,0,0,0,0,0,0,0,0,3.5086217,0,0,0
20,11,1,0,0,0,0,0,0,0,0,0,3.308695,0,0,0
27,18,1,0,5,2,0,0,0,0,0,0,4.0323033,0,0,0
22,13,1,0,0,0,0,0,0,0,0,0,3.7544417,0,0,0
25,16,1,0,0,0,0,0,0,0,0,0,3.9132698,0,0,0
26,17,1,0,0,0,0,0,0,0,0,0,3.8441064,0,0,0
25,16,1,0,0,0,0,0,0,0,0,0,3.863465,0,0,0
21,12,1,0,2,0,0,0,0,0,0,0,3.8442328,0,0,0
21,12,1,0,0,0,0,0,0,0,0,0,3.6897037,0,0,0
24,15,1,0,0,0,0,0,0,0,0,0,3.7720551,0,0,0
25,16,1,0,0,0,0,0,0,0,0,0,3.6234653,0,0,0
26,17,1,0,0,0,0,0,0,0,0,0,4.0269866,0,0,0
24,15,1,0,1,0,0,0,0,0,0,0,3.688722,0,0,0
22,13,1,0,0,0,0,0,0,0,0,0,3.788755,0,0,0
20,11,1,0,0,1,0,0,0,0,0,0,3.508695,0,0,0
29,20,1,0,0,0,0,0,0,0,0,0,4.004364,0,0,0
20,11,1,0,0,0,0,0,0,0,0,0,3.5841837,0,0,0
24,15,1,0,0,0,0,0,0,0,0,0,3.7720551,0,0,0
21,12,1,0,1,0,0,0,0,0,0,0,3.7489948,0,0,0
26,17,1,0,0,0,0,0,0,0,0,0,3.8919954,0,0,0
31,22,1,0,0,3,0,0,0,0,0,0,3.9535656,0,0,0
23,14,1,0,0,0,0,0,0,0,0,0,3.7622674,0,0,0
22,13,1,0,2,0,0,0,0,0,0,0,4.061482,0,0,0
23,14,1,0,0,0,0,0,0,0,0,0,3.708132,0,0,0
25,16,1,0,1,0,0,0,0,0,0,0,3.509275,0,0,0
21,12,1,0,1,0,0,0,0,0,0,0,3.6178098,0,0,0
22,13,1,0,0,0,0,0,0,0,0,0,3.31764,0,0,0
25,16,1,0,1,0,0,0,0,0,0,0,3.9434652,0,0,0
21,12,1,0,0,0,0,0,0,0,0,0,3.5225716,0,0,0
18,9,1,0,0,0,0,0,0,0,0,0,3.530493,0,0,0
24,15,1,0,4,0,0,0,0,0,0,0,3.8868423,0,0,0
18,9,1,0,0,0,0,0,0,0,0,0,3.5724313,0,0,0
20,11,1,0,0,0,0,0,0,0,0,0,3.2841837,0,0,0
22,13,1,0,0,0,0,0,0,0,0,0,3.7544417,0,0,0
25,16,1,0,1,0,0,0,0,0,0,0,4.133661,0,0,0
22,13,1,0,1,0,0,0,0,0,0,0,3.5383105,0,0,0
18,9,1,0,0,0,0,0,0,0,0,0,3.4613202,0,0,0
20,11,1,0,0,0,0,0,0,0,0,0,3.408695,0,0,0
24,15,1,0,0,0,0,0,0,0,0,0,3.7406015,0,0,0
25,16,1,0,1,0,0,0,0,0,0,0,4.053661,0,0,0
25,16,1,0,1,0,0,0,0,0,0,0,4.133661,0,0,0
24,15,1,0,0,0,0,0,0,0,0,0,3.7406015,0,0,0
25,16,1,0,2,0,0,0,0,0,0,0,4.023465,0,0,0
22,13,1,0,0,0,0,0,0,0,0,0,3.7544417,0,0,0
24,15,1,0,0,0,0,0,0,0,0,0,3.8035088,0,0,0
24,15,1,0,1,0,0,0,0,0,0,0,4.0535088,0,0,0
21,12,1,0,0,0,0,0,0,0,0,0,3.6537566,0,0,0
23,14,1,0,0,0,0,0,0,0,0,0,3.8492239,0,0,0
17,8,1,0,0,0,0,0,0,0,0,0,3.5724695,0,0,0
36,27,1,0,7,2,0,0,0,0,0,0,4.4267335,0,0,0
26,17,1,0,0,0,0,0,0,0,0,0,3.6902604,0,0,0
26,17,1,0,1,0,0,0,0,0,0,0,4.0560207,0,0,0
20,11,1,0,3,0,0,0,0,0,0,0,3.6841838,0,0,0
25,16,1,0,3,0,0,0,0,0,0,0,3.9932697,0,0,0
25,16,1,0,3,0,0,0,0,0,0,0,3.9132698,0,0,0
26,17,1,0,1,0,0,0,0,0,0,0,4.0269866,0,0,0
23,14,1,0,2,0,0,0,0,0,0,0,3.9690015,0,0,0
24,15,1,0,0,0,0,0,0,0,0,0,3.938722,0,0,0
23,14,1,0,0,0,0,0,0,0,0,0,3.9690015,0,0,0
23,14,1,0,0,0,0,0,0,0,0,0,3.8492239,0,0,0
24,15,1,0,0,0,0,0,0,0,0,0,3.7201755,0,0,0
24,15,1,0,0,0,0,0,0,0,0,0,3.6572683,0,0,0
20,11,1,0,0,0,0,0,0,0,0,0,3.608695,0,0,0
24,15,1,0,0,0,0,0,0,0,0,0,3.8239348,0,0,0
22,13,1,0,0,0,0,0,0,0,0,0,3.697846,0,0,0
19,10,1,0,0,0,0,0,0,0,0,0,3.787144,0,0,0
17,8,1,0,0,0,0,0,0,0,0,0,3.5724695,0,0,0
17,8,1,0,1,0,0,0,0,0,0,0,3.2927701,0,0,0
16,7,1,0,0,0,0,0,0,0,0,0,3.2028196,0,0,0
16,7,1,0,0,0,0,0,0,0,0,0,3.4528196,0,0,0
23,14,1,0,0,0,0,0,0,0,0,0,3.9690015,0,0,0
19,10,1,0,0,1,0,0,0,0,0,0,3.3263605,0,0,0
16,7,1,0,0,0,0,0,0,0,0,0,3.4528196,0,0,0
22,13,1,0,0,0,0,0,0,0,0,0,3.31764,0,0,0
17,8,1,0,0,0,0,0,0,0,0,0,3.4104173,0,0,0
19,10,1,0,0,0,0,0,0,0,0,0,3.4316235,0,0,0
21,12,1,0,0,0,0,0,0,0,0,0,3.6897037,0,0,0
18,9,1,0,1,0,0,0,0,0,0,0,3.6835423,0,0,0
20,11,1,0,0,0,0,0,0,0,0,0,3.7841837,0,0,0
20,11,1,0,0,0,0,0,0,0,0,0,3.6464393,0,0,0
18,9,1,0,0,0,0,0,0,0,0,0,3.4613202,0,0,0
22,13,1,0,0,0,0,0,0,0,0,0,3.5383105,0,0,0
20,11,1,0,0,0,0,0,0,0,0,0,3.5841837,0,0,0
16,7,1,0,0,0,0,0,0,0,0,0,3.2806392,0,0,0
21,12,1,0,0,0,0,0,0,0,0,0,3.8442328,0,0,0
23,14,1,0,0,0,0,0,0,0,0,0,3.5555332,0,0,0
18,9,1,0,0,0,0,0,0,0,0,0,3.530493,0,0,0
29,20,1,0,0,0,0,0,0,0,0,0,4.047299,0,0,0
20,11,1,0,0,0,0,0,0,0,0,0,3.8464394,0,0,0
16,7,1,0,0,0,0,0,0,0,0,0,3.4528196,0,0,0
26,17,1,0,0,0,0,0,0,0,0,0,3.8150723,0,0,0
21,12,1,0,0,0,0,0,0,0,0,0,3.8442328,0,0,0
20,11,1,0,0,0,0,0,0,0,0,0,3.5464394,0,0,0
19,10,1,0,0,0,0,0,0,0,0,0,3.3660913,0,0,0
16,7,1,0,0,0,0,0,0,0,0,0,3.4528196,0,0,0
15,6,1,0,0,0,0,0,0,0,0,0,3.189898,0,0,0
24,15,1,0,0,1,0,0,0,0,0,0,3.9072683,0,0,0
16,7,1,0,0,0,0,0,0,0,0,0,3.4528196,0,0,0
15,6,1,0,0,0,0,0,0,0,0,0,3.3232315,0,0,0
21,12,1,0,0,0,0,0,0,0,0,0,3.7489948,0,0,0
17,8,1,0,0,0,0,0,0,0,0,0,3.4104173,0,0,0
21,12,1,0,0,0,0,0,0,0,0,0,3.6178098,0,0,0
17,8,1,0,0,0,0,0,0,0,0,0,3.5724695,0,0,0
17,8,1,0,0,0,0,0,0,0,0,0,3.2195282,0,0,0
19,10,1,0,0,0,0,0,0,0,0,0,3.5368867,0,0,0
21,12,1,0,0,0,0,0,0,0,0,0,3.784942,0,0,0
24,15,1,0,0,0,0,0,0,0,0,0,3.6053886,0,0,0
24,15,1,0,0,0,0,0,0,0,0,0,3.688722,0,0,0
24,15,1,0,0,0,0,0,0,0,0,0,3.8553886,0,0,0
20,11,1,0,0,0,0,0,0,0,0,0,3.3841836,0,0,0
23,14,1,0,0,1,0,0,0,0,0,0,3.6096685,0,0,0
28,19,1,0,0,0,0,0,0,0,0,0,3.3154106,0,0,0
16,7,1,0,0,0,0,0,0,0,0,0,3.5778196,0,0,0
19,10,1,0,0,0,0,0,0,0,0,0,3.6818807,0,0,0
22,13,1,0,0,0,0,0,0,0,0,0,3.879664,0,0,0
25,16,1,0,0,0,0,0,0,0,0,0,3.9434652,0,0,0
19,10,1,0,0,0,0,0,0,0,0,0,3.3918927,0,0,0
31,22,1,0,0,0,0,0,0,0,0,0,3.8087196,0,0,0
32,23,1,0,0,2,0,0,0,0,0,0,3.9056392,0,0,0
32,23,1,0,0,0,0,0,0,0,0,0,4.0778193,0,0,0
19,10,1,0,0,0,0,0,0,0,0,0,3.4316235,0,0,0
21,12,1,0,0,0,0,0,0,0,0,0,3.784942,0,0,0
23,14,1,0,0,0,0,0,0,0,0,0,3.882045,0,0,0
23,14,1,0,0,1,0,0,0,0,0,0,3.7294462,0,0,0
18,9,1,0,0,0,0,0,0,0,0,0,3.308271,0,0,0
19,10,1,0,0,0,0,0,0,0,0,0,3.5368867,0,0,0
20,11,1,0,0,0,0,0,0,0,0,0,3.6464393,0,0,0
16,7,1,0,1,0,0,0,0,0,0,0,3.4528196,0,0,0
20,11,1,0,0,0,0,0,0,0,0,0,3.8841836,0,0,0
20,11,1,0,0,0,0,0,0,0,0,0,3.408695,0,0,0
19,10,1,0,0,0,0,0,0,0,0,0,3.4316235,0,0,0
16,7,1,0,0,0,0,0,0,0,0,0,3.5778196,0,0,0
24,15,1,0,0,0,0,0,0,0,0,0,3.9072683,0,0,0
19,10,1,0,0,0,0,0,0,0,0,0,3.4713545,0,0,0
18,9,1,0,0,0,0,0,0,0,0,0,3.6835423,0,0,0
25,16,1,0,0,0,0,0,0,0,0,0,3.7034652,0,0,0
17,8,1,0,0,0,0,0,0,0,0,0,3.3371754,0,0,0
21,12,1,0,0,0,0,0,0,0,0,0,3.6537566,0,0,0
20,11,1,0,0,0,0,0,0,0,0,0,3.5464394,0,0,0
20,11,1,0,0,0,0,0,0,0,0,0,3.608695,0,0,0
16,7,1,0,0,0,0,0,0,0,0,0,3.4056392,0,0,0
18,9,1,0,0,0,0,0,0,0,0,0,3.530493,0,0,0
18,9,1,0,0,0,0,0,0,0,0,0,3.350209,0,0,0
17,8,1,0,1,0,0,0,0,0,0,0,3.1751232,0,0,0
29,20,1,0,1,1,0,0,0,0,0,0,4.0212684,0,0,0
20,11,1,0,0,0,0,0,0,0,0,0,3.7841837,0,0,0
31,22,1,0,0,0,0,0,0,0,0,0,3.9535656,0,0,0
22,13,1,0,0,0,0,0,0,0,0,0,3.5726237,0,0,0
19,10,1,0,0,0,0,0,0,0,0,0,3.4316235,0,0,0
17,8,1,0,1,0,0,0,0,0,0,0,3.5280643,0,0,0
23,14,1,0,0,0,0,0,0,0,0,0,3.6211755,0,0,0
21,12,1,0,0,0,0,0,0,0,0,0,3.6537566,0,0,0
16,7,1,0,0,0,0,0,0,0,0,0,3.4528196,0,0,0
22,13,1,0,0,0,0,0,0,0,0,0,3.7544417,0,0,0
22,13,1,0,0,0,0,0,0,0,0,0,3.845351,0,0,0
18,9,1,0,0,0,0,0,0,0,0,0,3.350209,0,0,0
18,9,1,0,0,0,0,0,0,0,0,0,3.6835423,0,0,0
28,19,1,0,0,0,0,0,0,0,0,0,3.8693314,0,0,0
16,7,1,0,0,0,0,0,0,0,0,0,3.3278196,0,0,0
25,16,1,0,0,0,0,0,0,0,0,0,3.6390796,0,0,0
18,9,1,0,0,0,0,0,0,0,0,0,3.5724313,0,0,0
19,10,1,0,0,0,0,0,0,0,0,0,3.6818807,0,0,0
22,13,1,0,0,0,0,0,0,0,0,0,3.845351,0,0,0
16,7,1,0,0,0,0,0,0,0,0,0,3.3278196,0,0,0
25,16,1,0,1,0,0,0,0,0,0,0,4.053661,0,0,0
23,14,1,0,1,0,0,0,0,0,0,0,3.9690015,0,0,0
27,18,1,0,0,0,0,0,0,0,0,0,3.958229,0,0,0
18,9,1,0,0,0,0,0,0,0,0,0,3.530493,0,0,0
16,7,1,0,0,0,0,0,0,0,0,0,3.5778196,0,0,0
20,11,1,0,0,0,0,0,0,0,0,0,3.7464395,0,0,0
24,15,1,0,0,0,0,0,0,0,0,0,3.8553886,0,0,0
16,7,1,0,0,0,0,0,0,0,0,0,3.4528196,0,0,0
15,6,1,0,0,0,0,0,0,0,0,0,3.3232315,0,0,0
25,16,1,0,0,0,0,0,0,0,0,0,3.669275,0,0,0
16,7,1,0,0,0,0,0,0,0,0,0,3.2806392,0,0,0
20,11,1,0,0,0,0,0,0,0,0,0,3.6464393,0,0,0
19,10,1,0,0,0,0,0,0,0,0,0,3.5766177,0,0,0
19,10,1,0,0,0,0,0,0,0,0,0,3.5368867,0,0,0
21,12,1,0,0,0,0,0,0,0,0,0,3.5585186,0,0,0
21,12,1,0,0,1,0,0,0,0,0,0,3.8442328,0,0,0
20,11,1,0,0,0,0,0,0,0,0,0,3.6841838,0,0,0
24,15,1,0,0,0,0,0,0,0,0,0,3.6572683,0,0,0
25,16,1,0,0,1,0,0,0,0,0,0,3.9434652,0,0,0
17,8,1,0,0,0,0,0,0,0,0,0,3.5280643,0,1,0
19,10,1,0,1,0,0,0,0,0,0,0,3.6818807,0,0,0
31,22,1,0,0,0,0,0,0,0,0,0,3.977917,0,0,0
20,11,1,0,0,0,0,0,0,0,0,0,3.5464394,0,0,0
17,8,1,0,3,0,0,0,0,0,0,0,3.3371754,0,0,0
18,9,1,0,0,0,0,0,0,0,0,0,3.350209,0,0,0
22,13,1,0,0,0,0,0,0,0,0,0,3.5949066,0,0,0
23,14,1,0,0,0,0,0,0,0,0,0,3.4642346,0,0,0
21,12,1,0,0,0,0,0,0,0,0,0,3.4273336,0,0,0
15,6,1,0,0,0,0,0,0,0,0,0,3.1395721,0,0,0
22,13,1,0,0,0,0,0,0,0,0,0,3.845351,0,0,0
22,13,1,0,0,0,0,0,0,0,0,0,3.6635327,0,0,0
19,10,1,0,0,0,0,0,0,0,0,0,3.64215,0,0,0
23,14,1,0,0,0,0,0,0,0,0,0,3.7294462,0,0,0
21,12,1,0,0,0,0,0,0,0,0,0,3.784942,0,0,0
22,13,1,0,0,0,0,0,0,0,0,0,3.6635327,0,0,0
22,13,1,0,0,0,0,0,0,0,0,0,3.7544417,0,0,0
15,6,1,0,0,0,0,0,0,0,0,0,3.3232315,0,0,0
21,12,1,0,0,0,0,0,0,0,0,0,3.7130477,0,0,0
21,12,1,0,0,0,0,0,0,0,0,0,3.6537566,0,0,0
20,11,1,0,0,0,0,0,0,0,0,0,3.5464394,0,0,0
20,11,1,0,0,0,0,0,0,0,0,0,3.5464394,0,0,0
20,11,1,0,0,0,0,0,0,0,0,0,3.5464394,0,0,0
16,7,1,0,0,0,0,0,0,0,0,0,3.5778196,0,0,0
19,10,1,0,0,0,0,0,0,0,0,0,3.5368867,0,0,0
17,8,1,0,0,0,0,0,0,0,0,0,3.4548223,0,0,0
14,5,1,0,0,0,0,0,0,0,0,0,2.985228,0,0,0
16,7,1,0,0,0,0,0,0,0,0,0,3.3278196,0,0,0
23,14,1,0,0,0,0,0,0,0,0,0,3.8164027,0,0,0
24,15,1,0,0,0,0,0,0,0,0,0,3.7406015,0,0,0
28,19,1,0,0,0,0,0,0,0,0,0,4.0121884,0,0,0
21,12,1,0,0,0,0,0,0,0,0,0,3.784942,0,0,0
17,8,1,0,0,0,0,0,0,0,0,0,3.5724695,0,0,0
21,12,1,0,0,0,0,0,0,0,0,0,3.7130477,0,0,0
19,10,1,0,0,0,0,0,0,0,0,0,3.787144,0,0,0
21,12,1,0,3,0,0,0,0,0,0,0,3.88018,0,0,0
22,13,1,0,0,0,0,0,0,0,0,0,3.6069367,0,0,0
22,13,1,0,0,1,0,0,0,0,0,0,3.408549,0,0,0
21,12,1,0,0,0,0,0,0,0,0,0,3.784942,0,0,0
20,11,1,0,0,0,0,0,0,0,0,0,3.5464394,0,0,0
18,9,1,0,0,0,0,0,0,0,0,0,3.4193819,0,0,0
21,12,1,0,0,0,0,0,0,0,0,0,3.2961483,0,0,0
23,14,1,0,0,0,0,0,0,0,0,0,3.8164027,0,0,0
24,15,1,0,0,0,0,0,0,0,0,0,3.938722,0,0,0
16,7,1,0,0,0,0,0,0,0,0,0,3.4528196,0,0,0
22,13,1,0,0,0,0,0,0,0,0,0,3.6635327,0,0,0
18,9,1,0,0,0,0,0,0,0,0,0,3.530493,0,0,0
22,13,1,0,0,0,0,0,0,0,0,0,3.4130883,0,0,0
19,10,1,0,0,1,0,0,0,0,0,0,3.8924072,0,0,0
21,12,1,0,0,0,0,0,0,0,0,0,3.6537566,0,0,0
20,11,1,0,0,0,0,0,0,0,0,0,3.6841838,0,0,0
16,7,1,0,0,0,0,0,0,0,0,0,3.1556392,0,0,0
19,10,1,0,0,0,0,0,0,0,0,0,3.787144,0,0,0
19,10,1,0,0,0,0,0,0,0,0,0,3.6818807,0,0,0
18,9,1,0,0,0,0,0,0,0,0,0,3.350209,0,0,0
20,11,1,0,0,0,0,0,0,0,0,0,3.5841837,0,0,0
17,8,1,0,2,0,0,0,0,0,0,0,3.4104173,0,0,0
16,7,1,0,0,0,0,0,0,0,0,0,3.4528196,0,0,0
18,9,1,0,0,0,0,0,0,0,0,0,3.6835423,0,0,0
17,8,1,0,0,0,0,0,0,0,0,0,2.984234,0,0,0
19,10,1,0,0,0,0,0,0,0,0,0,3.3263605,0,0,0
19,10,1,0,0,0,0,0,0,0,0,0,3.3263605,0,0,0
15,6,1,0,0,0,0,0,0,0,0,0,3.3232315,0,0,0
15,6,1,0,0,0,0,0,0,0,0,0,3.4565647,0,0,0
21,12,1,0,0,0,0,0,0,0,0,0,3.975418,0,0,0
23,14,1,0,0,0,0,0,0,0,0,0,3.8492239,0,0,0
17,8,1,0,0,0,0,0,0,0,0,0,3.4104173,0,0,0
20,11,1,0,0,0,0,0,0,0,0,0,3.7464395,0,0,0
21,12,1,0,0,0,0,0,0,0,0,0,3.784942,0,1,0
21,12,1,0,0,0,0,0,0,0,0,0,3.6897037,0,0,0
27,18,1,0,0,1,0,0,0,0,0,0,3.6898916,0,0,0
23,14,1,0,0,0,0,0,0,0,0,0,3.9361804,0,0,0
20,11,1,0,0,0,0,0,0,0,0,0,3.6464393,0,0,0
18,9,1,0,0,0,0,0,0,0,0,0,3.4193819,0,0,0
22,13,1,0,0,0,0,0,0,0,0,0,3.4428623,0,0,0
18,9,1,0,0,0,0,0,0,0,0,0,3.2390978,0,0,0
20,11,1,0,0,0,0,0,0,0,0,0,3.2037017,0,0,0
18,9,1,0,0,0,0,0,0,0,0,0,3.308271,0,0,0
21,12,1,0,0,0,0,0,0,0,0,0,3.784942,0,0,0
16,7,1,0,0,0,0,0,0,0,0,0,3.2806392,0,0,0
19,10,1,0,0,0,0,0,0,0,0,0,3.6818807,0,0,0
16,7,1,0,0,0,0,0,0,0,0,0,3.4528196,0,0,0
19,10,1,0,0,0,0,0,0,0,0,0,3.64215,0,0,0
21,12,1,0,0,0,0,0,0,0,0,0,3.6537566,0,0,0
23,14,1,0,0,0,0,0,0,0,0,0,3.9361804,0,0,0
17,8,1,0,0,0,0,0,0,0,0,0,3.2483652,0,0,0
18,9,1,0,0,0,0,0,0,0,0,0,3.5724313,0,0,0
22,13,1,0,0,0,0,0,0,0,0,0,3.6635327,0,0,0
20,11,1,0,0,0,0,0,0,0,0,0,3.5464394,0,0,0
22,13,1,0,0,0,0,0,0,0,0,0,3.879664,0,0,0
18,9,1,0,0,0,0,0,0,0,0,0,3.530493,0,0,0
23,14,1,0,0,0,0,0,0,0,0,0,3.5555332,0,0,0
18,9,1,0,0,0,0,0,0,0,0,0,3.7946534,0,0,0
19,10,1,0,0,0,0,0,0,0,0,0,3.5368867,0,0,0
22,13,1,0,0,0,0,0,0,0,0,0,3.879664,0,0,0
25,16,1,0,0,0,0,0,0,0,0,0,3.9736607,0,0,0
17,8,1,0,0,0,0,0,0,0,0,0,3.2927701,0,0,0
17,8,1,0,0,0,0,0,0,0,0,0,3.4548223,0,0,0
18,9,1,0,0,0,0,0,0,0,0,0,3.4613202,0,0,0
28,19,1,0,0,0,0,0,0,0,0,0,3.9137995,0,0,0
22,13,1,0,0,1,0,0,0,0,0,0,3.845351,0,0,0
15,6,1,0,0,0,0,0,0,0,0,0,3.4565647,0,0,0
27,18,1,0,0,0,0,0,0,0,0,0,4.0323033,0,0,0
19,10,1,0,1,0,0,0,0,0,0,0,3.5766177,0,0,0
17,8,1,0,0,0,0,0,0,0,0,0,3.5724695,0,0,0
30,21,1,0,0,0,0,0,0,0,0,0,3.7777472,0,0,0
18,9,1,0,0,0,0,0,0,0,0,0,3.4193819,0,0,0
19,10,1,0,0,0,0,0,0,0,0,0,3.3918927,0,0,0
19,10,1,0,0,0,0,0,0,0,0,0,3.5368867,0,0,0
19,10,1,0,0,0,0,0,0,0,0,0,3.5766177,0,0,0
20,11,1,0,0,0,0,0,0,0,0,0,3.7464395,0,0,0
24,15,1,0,0,0,0,0,0,0,0,0,3.6053886,0,0,0
24,15,1,0,0,1,0,0,0,0,0,0,3.7364404,0,0,0
20,11,1,0,0,0,0,0,0,0,0,0,3.4464393,0,0,0
24,15,1,0,0,0,0,0,0,0,0,0,3.938722,0,0,0
24,15,1,0,1,2,0,0,0,0,0,0,3.5739348,0,0,0
19,10,1,0,0,0,0,0,0,0,0,0,3.787144,0,0,0
18,9,1,0,1,0,0,0,0,0,0,0,3.6835423,0,0,0
19,10,1,0,0,0,0,0,0,0,0,0,3.64215,0,0,0
22,13,1,0,0,0,0,0,0,0,0,0,3.6635327,0,0,0
22,13,1,0,0,0,0,0,0,0,0,0,3.6635327,0,0,0
24,15,1,0,0,0,0,0,0,0,0,0,3.7201755,0,0,0
22,13,1,0,0,0,0,0,0,0,0,0,3.788755,0,0,0
21,12,1,0,0,0,0,0,0,0,0,0,3.7489948,0,0,0
22,13,1,0,0,0,0,0,0,0,0,0,3.7544417,0,0,0
24,15,1,0,0,1,0,0,0,0,0,0,4.022055,0,0,0
15,6,1,0,0,0,0,0,0,0,0,0,3.189898,0,0,0
25,16,1,0,3,0,0,0,0,0,0,0,4.023465,0,0,0
19,10,1,0,0,0,0,0,0,0,0,0,3.64215,0,0,0
21,12,1,0,0,0,0,0,0,0,0,0,3.784942,0,0,0
21,12,1,0,0,0,0,0,0,0,0,0,3.88018,0,0,0
24,15,1,0,0,1,0,0,0,0,0,0,3.8553886,0,0,0
18,9,1,0,0,0,0,0,0,0,0,0,3.4613202,0,0,0
20,11,1,0,0,0,0,0,0,0,0,0,3.5464394,0,0,0
24,15,1,0,0,0,0,0,0,0,0,0,3.7201755,0,0,0
16,7,1,0,0,0,0,0,0,0,0,0,3.5778196,0,0,0
20,11,1,0,1,0,0,0,0,0,0,0,3.6464393,0,0,0
19,10,1,0,0,0,0,0,0,0,0,0,3.4316235,0,0,0
18,9,1,0,0,1,0,0,0,0,0,0,3.4193819,0,0,0
22,13,1,0,0,0,0,0,0,0,0,0,3.5160277,0,0,0
16,7,1,0,0,0,0,0,0,0,0,0,3.5778196,0,0,0
25,16,1,0,0,0,0,0,0,0,0,0,4.023465,0,0,0
20,11,1,0,0,1,0,0,0,0,0,0,3.6464393,0,0,0
16,7,1,0,0,0,0,0,0,0,0,0,3.2806392,0,0,0
13,4,1,0,0,0,0,0,0,0,0,0,3.0269868,0,0,0
24,15,1,0,0,0,0,0,0,0,0,0,3.3868423,0,0,0
22,13,1,0,0,0,0,0,0,0,0,0,3.6635327,0,0,0
22,13,1,0,0,0,0,0,0,0,0,0,3.6069367,0,0,0
20,11,1,0,0,0,0,0,0,0,0,0,3.8841836,0,0,0
16,7,1,0,0,0,0,0,0,0,0,0,3.4528196,0,0,0
18,9,1,0,0,0,0,0,0,0,0,0,3.530493,0,0,0
18,9,1,0,0,0,0,0,0,0,0,0,3.4613202,0,0,0
21,12,1,0,0,0,0,0,0,0,0,0,3.7489948,0,0,0
26,17,1,0,0,0,0,0,0,0,0,0,3.8441064,0,0,0
30,21,1,0,0,1,0,0,0,0,0,0,4.1647353,0,0,0
19,10,1,0,0,0,0,0,0,0,0,0,3.6818807,0,0,0
22,13,1,0,0,0,0,0,0,0,0,0,3.7544417,0,0,0
18,9,1,0,0,0,0,0,0,0,0,0,3.7946534,0,0,0
24,15,1,0,0,0,0,0,0,0,0,0,4.022055,0,0,0
20,11,1,0,0,0,0,0,0,0,0,0,3.6841838,0,0,0
20,11,1,0,0,0,0,0,0,0,0,0,3.8841836,0,0,0
20,11,1,0,0,0,0,0,0,0,0,0,3.7841837,0,0,0
19,10,1,0,0,0,0,0,0,0,0,0,3.8924072,0,0,0
23,14,1,0,0,0,0,0,0,0,0,0,3.6211755,0,0,0
17,8,1,0,0,0,0,0,0,0,0,0,3.3371754,0,0,0
19,10,1,0,0,0,0,0,0,0,0,0,3.64215,0,0,0
21,12,1,0,0,0,0,0,0,0,0,0,3.88018,0,0,0
17,8,1,0,0,0,0,0,0,0,0,0,3.5724695,0,0,0
23,14,1,0,0,0,0,0,0,0,0,0,3.4642346,0,0,0
16,7,1,0,0,0,0,0,0,0,0,0,3.4056392,0,0,0
19,10,1,0,0,0,0,0,0,0,0,0,3.2866294,0,0,0
22,13,1,0,0,0,0,0,0,0,0,0,3.879664,0,1,0
19,10,1,0,0,0,0,0,0,0,0,0,3.3918927,0,0,0
16,7,1,0,0,0,0,0,0,0,0,0,3.4528196,0,0,0
20,11,1,0,0,0,0,0,0,0,0,0,3.5464394,0,0,0
20,11,1,0,0,0,0,0,0,0,0,0,3.5464394,0,0,0
22,13,1,0,0,1,0,0,0,0,0,0,3.845351,0,0,0
18,9,1,0,0,0,0,0,0,0,0,0,3.530493,0,0,0
19,10,1,0,0,0,0,0,0,0,0,0,3.64215,0,0,0
31,22,1,0,0,0,0,0,0,0,0,0,4.1958165,0,0,0
17,8,1,0,0,0,0,0,0,0,0,0,3.6901164,0,0,0
21,12,1,0,0,0,0,0,0,0,0,0,3.6537566,0,0,0
22,13,1,0,0,0,0,0,0,0,0,0,3.7544417,0,0,0
16,7,1,0,0,0,0,0,0,0,0,0,3.1556392,0,0,0
19,10,1,0,0,0,0,0,0,0,0,0,3.6818807,0,0,0
25,16,1,0,0,0,0,0,0,0,0,0,3.5932696,0,0,0
20,11,1,0,0,0,0,0,0,0,0,0,3.5464394,0,0,0
19,10,1,0,0,0,0,0,0,0,0,0,3.6818807,0,0,0
18,9,1,0,0,0,0,0,0,0,0,0,3.4613202,0,0,0
22,13,1,0,0,1,0,0,0,0,0,0,3.7544417,0,0,0
19,10,1,0,0,0,0,0,0,0,0,0,3.4713545,0,0,0
27,18,1,0,0,1,0,0,0,0,0,0,3.9302704,0,0,0
19,10,1,0,0,0,0,0,0,0,0,0,3.64215,0,0,0
22,13,1,0,0,0,0,0,0,0,0,0,3.6635327,0,0,0
18,9,1,0,3,0,0,0,0,0,0,0,3.6416042,0,0,0
15,6,1,0,0,0,0,0,0,0,0,0,3.4565647,0,0,0
23,14,1,0,0,0,0,0,0,0,0,0,3.6424897,0,0,0
22,13,1,0,0,0,0,0,0,0,0,0,3.3908055,0,0,0
22,13,1,0,0,0,0,0,0,0,0,0,3.845351,0,0,0
25,16,1,0,0,0,0,0,0,0,0,0,3.9736607,0,0,0
23,14,1,0,0,0,0,0,0,0,0,0,3.7622674,0,0,0
21,12,1,0,0,0,0,0,0,0,0,0,3.7489948,0,0,0
19,10,1,0,0,0,0,0,0,0,0,0,3.787144,0,0,0
19,10,1,0,0,1,0,0,0,0,0,0,3.3263605,0,0,0
22,13,1,0,0,0,0,0,0,0,0,0,3.93626,0,0,0
16,7,1,0,0,0,0,0,0,0,0,0,3.3278196,0,0,0
16,7,1,0,0,0,0,0,0,0,0,0,3.5778196,0,0,0
30,21,1,0,0,0,0,0,0,0,0,0,3.7777472,0,0,0
21,12,1,0,0,0,0,0,0,0,0,0,3.88018,0,0,0
19,10,1,0,0,0,0,0,0,0,0,0,3.4316235,0,0,0
25,16,1,0,0,0,0,0,0,0,0,0,3.863465,0,0,0
17,8,1,0,0,0,0,0,0,0,0,0,3.4104173,0,0,0
20,11,1,0,0,0,0,0,0,0,0,0,3.7841837,0,0,0
20,11,1,0,0,0,0,0,0,0,0,0,3.7841837,0,0,0
16,7,1,0,0,0,0,0,0,0,0,0,3.1084585,0,0,0
20,11,1,0,0,0,0,0,0,0,0,0,3.5464394,0,0,0
15,6,1,0,0,0,0,0,0,0,0,0,3.3232315,0,0,0
17,8,1,0,0,0,0,0,0,0,0,0,3.4104173,0,0,0
24,15,1,0,0,0,0,0,0,0,0,0,3.4549868,0,0,0
16,7,1,0,0,0,0,0,0,0,0,0,3.4528196,0,0,0
19,10,1,0,0,0,0,0,0,0,0,0,3.3660913,0,0,0
18,9,1,0,0,0,0,0,0,0,0,0,3.6416042,0,0,0
17,8,1,0,0,0,0,0,0,0,0,0,3.5724695,0,0,0
16,7,1,0,0,0,0,0,0,0,0,0,3.5778196,0,0,0
19,10,1,0,0,0,0,0,0,0,0,0,3.3918927,0,0,0
20,11,1,0,0,0,0,0,0,0,0,0,3.5841837,0,0,0
21,12,1,0,0,0,0,0,0,0,0,0,3.7489948,0,0,0
18,9,1,0,0,0,0,0,0,0,0,0,3.4613202,0,0,0
17,8,1,0,0,0,0,0,0,0,0,0,3.5724695,0,0,0
17,8,1,0,0,0,0,0,0,0,0,0,3.3371754,0,0,0
16,7,1,0,0,0,0,0,0,0,0,0,3.4528196,0,0,0
18,9,1,0,0,0,0,0,0,0,0,0,3.350209,0,0,0
18,9,1,0,1,0,0,0,0,0,0,0,3.6835423,0,0,0
25,16,1,0,0,0,0,0,0,0,0,0,3.863465,0,0,0
21,12,1,0,0,0,0,0,0,0,0,0,3.5585186,0,0,0
19,10,1,0,0,0,0,0,0,0,0,0,3.787144,0,0,0
23,14,1,0,0,1,0,0,0,0,0,0,3.8164027,0,0,0
16,7,1,0,0,0,0,0,0,0,0,0,3.4528196,0,0,0
23,14,1,0,0,0,0,0,0,0,0,0,3.708132,0,0,0
17,8,1,0,0,0,0,0,0,0,0,0,3.4548223,0,0,0
29,20,1,0,0,1,0,0,0,0,0,0,3.8833375,0,0,0
23,14,1,0,0,0,0,0,0,0,0,0,3.5883543,0,0,0
20,11,1,0,0,0,0,0,0,0,0,0,3.6841838,0,0,0
19,10,1,0,0,0,0,0,0,0,0,0,3.64215,0,0,0
16,7,1,0,0,0,0,0,0,0,0,0,3.3278196,0,0,0
24,15,1,0,0,0,0,0,0,0,0,0,3.7406015,0,0,0
24,15,1,0,0,0,0,0,0,0,0,0,3.7720551,0,0,0
21,12,1,0,0,0,0,0,0,0,0,0,3.5585186,0,0,0
23,14,1,0,0,0,0,0,0,0,0,0,3.8164027,0,0,0
19,10,1,0,3,0,0,0,0,0,0,0,3.787144,0,0,0
18,9,1,0,0,0,0,0,0,0,0,0,3.6835423,0,0,0
19,10,1,0,0,0,0,0,0,0,0,0,3.3263605,0,0,0
23,14,1,0,0,0,0,0,0,0,0,0,3.9690015,0,0,0
16,7,1,0,0,0,0,0,0,0,0,0,3.4528196,0,0,0
19,10,1,0,0,0,0,0,0,0,0,0,3.5766177,0,0,0
16,7,1,0,0,0,0,0,0,0,0,0,3.4528196,0,0,0
21,12,1,0,0,0,0,0,0,0,0,0,3.6537566,0,0,0
22,13,1,0,0,0,0,0,0,0,0,0,3.7544417,0,0,0
17,8,1,0,0,0,0,0,0,0,0,0,3.2927701,0,0,0
23,14,1,0,0,1,0,0,0,0,0,0,3.7294462,0,0,0
19,10,1,0,0,0,0,0,0,0,0,0,3.3263605,0,0,0
22,13,1,0,0,0,0,0,0,0,0,0,3.6069367,0,0,0
22,13,1,0,0,0,0,0,0,0,0,0,3.879664,0,0,0
18,9,1,0,0,0,0,0,0,0,0,0,3.4193819,0,0,0
20,11,1,0,0,1,0,0,0,0,0,0,3.5464394,0,0,0
21,12,1,0,0,0,0,0,0,0,0,0,3.5944657,0,0,0
23,14,1,0,0,1,0,0,0,0,0,0,3.8164027,0,0,0
16,7,1,0,0,0,0,0,0,0,0,0,3.1556392,0,0,0
25,16,1,0,0,1,0,0,0,0,0,0,3.9736607,0,0,0
29,20,1,0,0,0,0,0,0,0,0,0,4.047299,0,0,0
18,9,1,0,0,0,0,0,0,0,0,0,3.6835423,0,0,0
21,12,1,0,0,0,0,0,0,0,0,0,3.88018,0,0,0
22,13,1,0,0,0,0,0,0,0,0,0,3.93626,0,0,0
22,13,1,0,0,0,0,0,0,0,0,0,3.6635327,0,0,0
22,13,1,0,0,0,0,0,0,0,0,0,3.4817145,0,0,0
27,18,1,0,0,0,0,0,0,0,0,0,3.8380399,0,0,0
22,13,1,0,0,0,0,0,0,0,0,0,3.788755,0,0,0
25,16,1,0,0,0,0,0,0,0,0,0,3.669275,0,0,0
25,16,1,0,0,0,0,0,0,0,0,0,3.7034652,0,0,0
24,15,1,0,0,0,0,0,0,0,0,0,3.7201755,0,0,0
21,12,1,0,0,0,0,0,0,0,0,0,3.784942,0,0,0
22,13,1,0,0,0,0,0,0,0,0,0,3.7201288,0,0,0
20,11,1,0,0,0,0,0,0,0,0,0,3.5464394,0,0,0
22,13,1,0,0,0,0,0,0,0,0,0,3.7544417,0,0,0
22,13,1,0,0,0,0,0,0,0,0,0,3.7544417,0,0,0
21,12,1,0,0,1,0,0,0,0,0,0,3.784942,0,0,0
22,13,1,0,1,0,0,0,0,0,0,0,3.6635327,0,0,0
20,11,1,0,0,0,0,0,0,0,0,0,3.7464395,0,0,0
20,11,1,0,1,0,0,0,0,0,0,0,3.6464393,0,0,0
25,16,1,0,0,0,0,0,0,0,0,0,3.8936608,0,0,0
16,7,1,0,0,0,0,0,0,0,0,0,3.5778196,0,0,0
22,13,1,0,0,0,0,0,0,0,0,0,3.4251184,0,0,0
18,9,1,0,1,0,0,0,0,0,0,0,3.6835423,0,0,0
16,7,1,0,0,0,0,0,0,0,0,0,3.4528196,0,0,0
21,12,1,0,0,0,0,0,0,0,0,0,3.6537566,0,0,0
18,9,1,0,0,0,0,0,0,0,0,0,3.4193819,0,0,0
24,15,1,0,0,0,0,0,0,0,0,0,3.938722,0,0,0
19,10,1,0,0,0,0,0,0,0,0,0,3.64215,0,0,0
22,13,1,0,0,0,0,0,0,0,0,0,3.6069367,0,0,0
26,17,1,0,0,0,0,0,0,0,0,0,3.5654483,0,0,0
16,7,1,0,0,0,0,0,0,0,0,0,3.3278196,0,0,0
19,10,1,0,1,0,0,0,0,0,0,0,3.64215,0,0,0
22,13,1,0,0,0,0,0,0,0,0,0,3.697846,0,0,0
25,16,1,0,0,0,0,0,0,0,0,0,3.8332696,0,0,0
26,17,1,0,0,0,0,0,0,0,0,0,3.8731406,0,0,0
25,16,1,0,0,0,0,0,0,0,0,0,3.509275,0,0,0
15,6,1,0,0,0,0,0,0,0,0,0,3.2729056,0,0,0
17,8,1,0,0,0,0,0,0,0,0,0,3.5724695,0,0,0
23,14,1,0,0,0,0,0,0,0,0,0,3.8492239,0,0,0
22,13,1,0,0,0,0,0,0,0,0,0,3.4817145,0,0,0
24,15,1,0,0,0,0,0,0,0,0,0,3.9701755,0,0,0
15,6,1,0,0,0,0,0,0,0,0,0,3.189898,0,0,0
19,10,1,0,0,0,0,0,0,0,0,0,3.497156,0,0,0
25,16,1,0,0,2,0,0,0,0,0,0,3.7834651,0,0,0
19,10,1,0,0,0,0,0,0,0,0,0,3.3918927,0,0,0
22,13,1,0,0,0,0,0,0,0,0,0,3.5160277,0,0,0
17,8,1,0,0,0,0,0,0,0,0,0,3.4104173,0,0,0
20,11,1,0,0,0,0,0,0,0,0,0,3.7841837,0,0,0
21,12,1,0,0,0,0,0,0,0,0,0,3.6537566,0,0,0
22,13,1,0,0,0,0,0,0,0,0,0,3.93626,0,0,0
22,13,1,0,0,0,0,0,0,0,0,0,3.7201288,0,0,0
24,15,1,0,0,0,0,0,0,0,0,0,3.7406015,0,0,0
16,7,1,0,0,0,0,0,0,0,0,0,3.4528196,0,0,0
19,10,1,0,0,0,0,0,0,0,0,0,3.64215,0,0,0
22,13,1,0,0,0,0,0,0,0,0,0,3.5726237,0,0,0
19,10,1,0,0,0,0,0,0,0,0,0,3.4713545,0,0,0
20,11,1,0,0,0,0,0,0,0,0,0,3.7464395,0,0,0
18,9,1,0,0,0,0,0,0,0,0,0,3.2390978,0,0,0
22,13,1,0,0,1,0,0,0,0,0,0,3.9705732,0,0,0
23,14,1,0,0,0,0,0,0,0,0,0,3.5013978,0,0,0
22,13,1,0,0,0,0,0,0,0,0,0,3.6292198,0,0,0
18,9,1,0,0,0,0,0,0,0,0,0,3.5724313,0,0,0
17,8,1,0,0,0,0,0,0,0,0,0,3.6901164,0,0,0
25,16,1,0,1,2,0,0,0,0,0,0,4.053661,0,0,0
21,12,1,0,0,0,0,0,0,0,0,0,3.5585186,0,0,0
21,12,1,0,0,0,0,0,0,0,0,0,3.6897037,0,0,0
19,10,1,0,0,0,0,0,0,0,0,0,3.497156,0,0,0
20,11,1,0,0,0,0,0,0,0,0,0,3.4841838,0,0,0
18,9,1,0,0,0,0,0,0,0,0,0,3.6416042,0,0,0
23,14,1,0,0,0,0,0,0,0,0,0,3.534219,0,0,0
23,14,1,0,0,0,0,0,0,0,0,0,3.8492239,0,0,0
20,11,1,0,0,0,0,0,0,0,0,0,3.4464393,0,0,0
17,8,1,0,0,0,0,0,0,0,0,0,3.5724695,0,0,0
19,10,1,0,0,0,0,0,0,0,0,0,3.5368867,0,0,0
22,13,1,0,0,0,0,0,0,0,0,0,3.7544417,0,0,0
21,12,1,0,0,0,0,0,0,0,0,0,3.784942,0,0,0
21,12,1,0,0,1,0,0,0,0,0,0,3.5944657,0,0,0
18,9,1,0,0,0,0,0,0,0,0,0,3.350209,0,0,0
22,13,1,0,0,0,0,0,0,0,0,0,3.9705732,0,1,0
26,17,1,0,1,1,0,0,0,0,0,0,3.9210296,0,0,0
19,10,1,0,0,1,0,0,0,0,0,0,3.5368867,0,0,0
21,12,1,0,0,0,0,0,0,0,0,0,3.3680425,0,0,0
19,10,1,0,0,0,0,0,0,0,0,0,3.5766177,0,0,0
20,11,1,0,0,0,0,0,0,0,0,0,3.7841837,0,0,0
22,13,1,0,0,1,0,0,0,0,0,0,3.7544417,0,0,0
21,12,1,0,0,0,0,0,0,0,0,0,3.784942,0,0,0
16,7,1,0,0,0,0,0,0,0,0,0,3.3278196,0,0,0
22,13,1,0,0,0,0,0,0,0,0,0,3.7544417,0,0,0
21,12,1,0,0,0,0,0,0,0,0,0,3.5585186,0,0,0
19,10,1,0,0,0,0,0,0,0,0,0,3.4713545,0,0,0
35,26,1,0,0,0,0,0,0,0,0,0,4.0931497,0,0,0
18,9,1,0,0,0,0,0,0,0,0,0,3.4193819,0,0,0
17,8,1,0,0,0,0,0,0,0,0,0,3.5724695,0,0,0
26,17,1,0,0,0,0,0,0,0,0,0,3.7962177,0,0,0
23,14,1,0,0,0,0,0,0,0,0,0,3.6211755,0,0,0
19,10,1,0,0,0,0,0,0,0,0,0,3.5766177,0,0,0
21,12,1,0,0,0,0,0,0,0,0,0,3.3680425,0,0,0
19,10,1,0,0,0,0,0,0,0,0,0,3.5368867,0,0,0
18,9,1,0,0,0,0,0,0,0,0,0,3.6835423,0,0,0
20,11,1,0,0,0,0,0,0,0,0,0,3.7464395,0,0,0
26,17,1,0,0,1,0,0,0,0,0,0,3.5944824,0,0,0
21,12,1,0,0,0,0,0,0,0,0,0,3.5944657,0,0,0
18,9,1,0,0,0,0,0,0,0,0,0,3.4193819,0,0,0
21,12,1,0,0,0,0,0,0,0,0,0,3.5585186,0,0,0
17,8,1,0,0,0,0,0,0,0,0,0,3.6901164,0,0,0
23,14,1,0,0,0,0,0,0,0,0,0,3.7622674,0,0,0
22,13,1,0,0,0,0,0,0,0,0,0,3.7544417,0,0,0
17,8,1,0,0,0,0,0,0,0,0,0,3.5724695,0,0,0
20,11,1,0,0,0,0,0,0,0,0,0,3.9841838,0,0,0
20,11,1,0,0,0,0,0,0,0,0,0,3.7464395,0,0,0
19,10,1,0,0,0,0,0,0,0,0,0,3.6818807,0,0,0
20,11,1,0,0,1,0,0,0,0,0,0,3.508695,0,0,0
16,7,1,0,0,0,0,0,0,0,0,0,3.4528196,0,0,0
20,11,1,0,0,0,0,0,0,0,0,0,3.3841836,0,0,0
20,11,1,0,0,0,0,0,0,0,0,0,3.6841838,0,0,0
15,6,1,0,0,0,0,0,0,0,0,0,3.4565647,0,0,0
15,6,1,0,0,0,0,0,0,0,0,0,3.4565647,0,0,0
24,15,1,0,0,0,0,0,0,0,0,0,3.9906015,0,0,0
16,7,1,0,0,0,0,0,0,0,0,0,3.4528196,0,0,0
24,15,1,0,0,0,0,0,0,0,0,0,3.7720551,0,0,0
22,13,1,0,0,0,0,0,0,0,0,0,3.7201288,0,0,0
17,8,1,0,0,0,0,0,0,0,0,0,3.4548223,0,0,0
19,10,1,0,0,0,0,0,0,0,0,0,3.5766177,0,0,0
19,10,1,0,0,0,0,0,0,0,0,0,3.5368867,0,0,0
22,13,1,0,0,1,0,0,0,0,0,0,3.845351,0,0,0
18,9,1,0,0,0,0,0,0,0,0,0,3.530493,0,0,0
18,9,1,0,0,0,0,0,0,0,0,0,3.7946534,0,0,0
17,8,1,0,0,0,0,0,0,0,0,0,3.5724695,0,0,0
28,19,1,0,0,0,0,0,0,0,0,0,4.039149,0,0,0
16,7,1,0,0,0,0,0,0,0,0,0,3.2806392,0,0,0
18,9,1,0,0,0,0,0,0,0,0,0,3.4193819,0,0,0
19,10,1,0,0,0,0,0,0,0,0,0,3.5368867,0,0,0
20,11,1,0,0,0,0,0,0,0,0,0,3.508695,0,0,0
29,20,1,0,0,0,0,0,0,0,0,0,3.8143718,0,0,0
15,6,1,0,0,0,0,0,0,0,0,0,3.2729056,0,0,0
19,10,1,0,0,0,0,0,0,0,0,0,3.64215,0,0,0
26,17,1,0,0,0,0,0,0,0,0,0,3.9500637,0,0,0
16,7,1,0,0,0,0,0,0,0,0,0,3.4528196,0,0,0
19,10,1,0,0,0,0,0,0,0,0,0,3.5766177,0,0,0
16,7,1,0,0,0,0,0,0,0,0,0,3.5778196,0,0,0
18,9,1,0,0,0,0,0,0,0,0,0,3.4193819,0,0,0
27,18,1,0,0,0,0,0,0,0,0,0,4.0043445,0,0,0
21,12,1,0,0,0,0,0,0,0,0,0,3.7489948,0,0,0
26,17,1,0,0,0,0,0,0,0,0,0,3.6902604,0,0,0
18,9,1,0,0,0,0,0,0,0,0,0,3.5724313,0,0,0
21,12,1,0,0,0,0,0,0,0,0,0,3.5225716,0,0,0
26,17,1,0,0,0,0,0,0,0,0,0,3.50738,0,0,0
29,20,1,0,0,0,0,0,0,0,0,0,4.004364,0,0,0
17,8,1,0,0,0,0,0,0,0,0,0,3.2195282,0,0,0
24,15,1,0,0,0,0,0,0,0,0,0,4.1368423,0,0,0
18,9,1,0,0,0,0,0,0,0,0,0,3.5724313,0,0,0
19,10,1,0,1,0,0,0,0,0,0,0,3.64215,0,0,0
26,17,1,0,1,1,0,0,0,0,0,0,3.9210296,0,0,0
16,7,1,0,0,0,0,0,0,0,0,0,3.4528196,0,0,0
17,8,1,0,0,0,0,0,0,0,0,0,3.4104173,0,0,0
19,10,1,0,0,0,0,0,0,0,0,0,3.6818807,0,0,0
18,9,1,0,0,0,0,0,0,0,0,0,3.1971598,0,0,0
22,13,1,0,0,0,0,0,0,0,0,0,3.4817145,0,0,0
20,11,1,0,0,0,0,0,0,0,0,0,3.6464393,0,0,0
20,11,1,0,2,0,0,0,0,0,0,0,3.608695,0,0,0
17,8,1,0,0,0,0,0,0,0,0,0,3.4104173,0,0,0
16,7,1,0,0,0,0,0,0,0,0,0,3.4528196,0,0,0
19,10,1,0,0,0,0,0,0,0,0,0,3.5368867,0,0,0
19,10,1,0,0,0,0,0,0,0,0,0,3.5766177,0,0,0
27,18,1,0,0,0,0,0,0,0,0,0,3.6800892,0,0,0
21,12,1,0,0,0,0,0,0,0,0,0,3.5225716,0,0,0
17,8,1,0,0,0,0,0,0,0,0,0,3.2483652,0,0,0
25,16,1,0,0,0,0,0,0,0,0,0,3.9736607,0,0,0
16,7,1,0,0,0,0,0,0,0,0,0,3.3278196,0,0,0
18,9,1,0,0,0,0,0,0,0,0,0,3.6835423,0,0,0
17,8,1,0,0,0,0,0,0,0,0,0,3.6901164,0,0,0
16,7,1,0,0,0,0,0,0,0,0,0,3.2806392,0,0,0
21,12,1,0,0,0,0,0,0,0,0,0,3.6537566,0,0,0
21,12,1,0,0,0,0,0,0,0,0,0,3.8442328,0,0,0
17,8,1,0,0,0,0,0,0,0,0,0,3.5724695,0,0,0
21,12,1,0,0,1,0,0,0,0,0,0,3.5225716,0,0,0
21,12,1,0,0,0,0,0,0,0,0,0,3.7489948,0,0,0
15,6,1,0,0,0,0,0,0,0,0,0,3.3232315,0,0,0
25,16,1,0,0,0,0,0,0,0,0,0,3.7034652,0,0,0
20,11,1,0,0,0,0,0,0,0,0,0,3.8841836,0,0,0
18,9,1,0,0,0,0,0,0,0,0,0,3.6835423,0,0,0
19,10,1,0,0,0,0,0,0,0,0,0,3.5368867,0,0,0
20,11,1,0,0,0,0,0,0,0,0,0,3.9841838,0,0,0
18,9,1,0,0,0,0,0,0,0,0,0,3.308271,0,0,0
25,16,1,0,0,0,0,0,0,0,0,0,3.9434652,0,0,0
22,13,1,0,0,0,0,0,0,0,0,0,3.6069367,0,0,0
19,10,1,0,3,0,0,0,0,0,0,0,3.8924072,0,0,0
18,9,1,0,0,0,0,0,0,0,0,0,3.6835423,0,0,0
20,11,1,0,0,0,0,0,0,0,0,0,3.508695,0,0,0
18,9,1,0,0,0,0,0,0,0,0,0,3.4613202,0,0,0
19,10,1,0,0,0,0,0,0,0,0,0,3.64215,0,0,0
21,12,1,0,0,0,0,0,0,0,0,0,3.6537566,0,0,0
23,14,1,0,0,0,0,0,0,0,0,0,4.023137,0,1,0
21,12,1,0,0,0,0,0,0,0,0,0,3.6537566,0,0,0
15,6,1,0,0,0,0,0,0,0,0,0,3.4565647,0,0,0
21,12,1,0,0,0,0,0,0,0,0,0,3.422578,0,0,0
20,11,1,0,0,0,0,0,0,0,0,0,3.408695,0,0,0
19,10,1,0,0,0,0,0,0,0,0,0,3.6818807,0,0,0
21,12,1,0,0,0,0,0,0,0,0,0,3.517816,0,0,0
20,11,1,0,0,0,0,0,0,0,0,0,3.5841837,0,0,0
20,11,1,0,0,0,0,0,0,0,0,0,3.7464395,0,0,0
18,9,1,0,0,0,0,0,0,0,0,0,3.3774438,0,0,0
19,10,1,0,0,0,0,0,0,0,0,0,3.64215,0,0,0
23,14,1,0,0,0,0,0,0,0,0,0,3.8492239,0,0,0
19,10,1,0,0,0,0,0,0,0,0,0,3.6818807,0,0,0
22,13,1,0,0,0,0,0,0,0,0,0,3.7201288,0,0,0
26,17,1,0,0,1,0,0,0,0,0,0,3.8441064,0,0,0
20,11,1,0,0,0,0,0,0,0,0,0,3.2841837,0,0,0
18,9,1,0,0,0,0,0,0,0,0,0,3.4613202,0,0,0
16,7,1,0,0,0,0,0,0,0,0,0,3.4056392,0,0,0
15,6,1,0,0,0,0,0,0,0,0,0,3.4565647,0,0,0
19,10,1,0,0,0,0,0,0,0,0,0,3.4713545,0,0,0
19,10,1,0,0,0,0,0,0,0,0,0,3.5766177,0,0,0
21,12,1,0,0,0,0,0,0,0,0,0,3.6897037,0,0,0
19,10,1,0,0,0,0,0,0,0,0,0,3.64215,0,0,0
27,18,1,0,0,1,0,0,0,0,0,0,4.0043445,0,0,0
20,11,1,0,0,0,0,0,0,0,0,0,3.7464395,0,0,0
15,6,1,0,0,0,0,0,0,0,0,0,3.3232315,0,0,0
29,20,1,0,0,0,0,0,0,0,0,0,4.0642033,0,0,0
22,13,1,0,0,0,0,0,0,0,0,0,3.845351,0,0,0
22,13,1,0,0,1,0,0,0,0,0,0,3.7544417,0,0,0
19,10,1,0,0,0,0,0,0,0,0,0,3.6818807,0,0,0
16,7,1,0,0,0,0,0,0,0,0,0,3.4528196,0,0,0
19,10,1,0,0,0,0,0,0,0,0,0,3.5368867,0,0,0
15,6,1,0,0,0,0,0,0,0,0,0,3.189898,0,0,0
22,13,1,0,0,0,0,0,0,0,0,0,3.7544417,0,0,0
22,13,1,0,0,0,0,0,0,0,0,0,3.6635327,0,0,0
14,5,1,0,0,0,0,0,0,0,0,0,3.182006,0,0,0
21,12,1,0,0,0,0,0,0,0,0,0,3.88018,0,0,0
17,8,1,0,0,0,0,0,0,0,0,0,3.5724695,0,0,0
27,18,1,0,0,0,0,0,0,0,0,0,4.0323033,0,0,0
19,10,1,0,0,0,0,0,0,0,0,0,3.2813735,0,0,0
23,14,1,0,2,0,0,0,0,0,0,0,3.9690015,0,0,0
18,9,1,0,0,0,0,0,0,0,0,0,3.6416042,0,0,0
25,16,1,0,0,0,0,0,0,0,0,0,3.6234653,0,0,0
19,10,1,0,0,0,0,0,0,0,0,0,3.6818807,0,0,0
23,14,1,0,0,0,0,0,0,0,0,0,3.5883543,0,0,0
23,14,1,0,0,0,0,0,0,0,0,0,3.6753109,0,0,0
22,13,1,0,0,0,0,0,0,0,0,0,3.261044,0,0,0
21,12,1,0,2,0,0,0,0,0,0,0,3.975418,0,0,0
17,8,1,0,0,0,0,0,0,0,0,0,3.130718,0,0,0
20,11,1,0,0,0,0,0,0,0,0,0,3.7464395,0,1,0
22,13,1,0,0,0,0,0,0,0,0,0,3.6292198,0,0,0
21,12,1,0,0,0,0,0,0,0,0,0,3.6537566,0,0,0
26,17,1,0,0,0,0,0,0,0,0,0,3.9500637,0,0,0
22,13,1,0,0,0,0,0,0,0,0,0,3.7201288,0,0,0
23,14,1,0,0,0,0,0,0,0,0,0,3.6753109,0,0,0
25,16,1,0,0,0,0,0,0,0,0,0,3.7190795,0,0,0
23,14,1,0,0,1,0,0,0,0,0,0,3.6753109,0,0,0
21,12,1,0,0,0,0,0,0,0,0,0,3.5944657,0,0,0
16,7,1,0,0,0,0,0,0,0,0,0,3.5778196,0,0,0
22,13,1,0,0,0,0,0,0,0,0,0,3.697846,0,0,0
20,11,1,0,0,0,0,0,0,0,0,0,3.5464394,0,0,0
21,12,1,0,0,1,0,0,0,0,0,0,3.784942,0,0,0
23,14,1,0,0,0,0,0,0,0,0,0,3.5883543,0,0,0
21,12,1,0,0,0,0,0,0,0,0,0,3.5944657,0,0,0
16,7,1,0,0,0,0,0,0,0,0,0,3.5778196,0,0,0
19,10,1,0,0,0,0,0,0,0,0,0,3.64215,0,0,0
19,10,1,0,0,0,0,0,0,0,0,0,3.787144,0,0,0
20,11,1,0,0,0,0,0,0,0,0,0,3.7841837,0,0,0
18,9,1,0,0,0,0,0,0,0,0,0,3.308271,0,0,0
19,10,1,0,0,0,0,0,0,0,0,0,3.787144,0,0,0
18,9,1,0,1,0,0,0,0,0,0,0,3.6835423,0,0,0
18,9,1,0,0,0,0,0,0,0,0,0,3.6835423,0,0,0
19,10,1,0,0,0,0,0,0,0,0,0,3.6818807,0,0,0
19,10,1,0,0,0,0,0,0,0,0,0,3.787144,0,0,0
23,14,1,0,0,0,0,0,0,0,0,0,3.9361804,0,0,0
22,13,1,0,0,0,0,0,0,0,0,0,3.845351,0,0,0
22,13,1,0,0,0,0,0,0,0,0,0,3.6635327,0,0,0
24,15,1,0,0,0,0,0,0,0,0,0,3.8553886,0,0,0
18,9,1,0,0,0,0,0,0,0,0,0,3.350209,0,0,0
20,11,1,0,0,0,0,0,0,0,0,0,3.7841837,0,0,0
21,12,1,0,1,0,0,0,0,0,0,0,3.784942,0,0,0
20,11,1,0,0,0,0,0,0,0,0,0,3.7841837,0,0,0
23,14,1,0,0,0,0,0,0,0,0,0,3.4314134,0,0,0
28,19,1,0,0,0,0,0,0,0,0,0,3.726474,0,0,0
24,15,1,0,0,0,0,0,0,0,0,0,3.8553886,0,0,0
22,13,1,0,0,0,0,0,0,0,0,0,3.697846,0,0,0
23,14,1,0,0,0,0,0,0,0,0,0,3.7622674,0,0,0
21,12,1,0,0,0,0,0,0,0,0,0,3.8442328,0,0,0
22,13,1,0,0,0,0,0,0,0,0,0,3.3564925,0,0,0
19,10,1,0,0,0,0,0,0,0,0,0,3.5766177,0,0,0
19,10,1,0,0,0,0,0,0,0,0,0,3.64215,0,0,0
16,7,1,0,0,0,0,0,0,0,0,0,3.2806392,0,0,0
17,8,1,0,0,0,0,0,0,0,0,0,3.4548223,0,0,0
24,15,1,0,0,0,0,0,0,0,0,0,3.8553886,0,0,0
20,11,1,0,0,0,0,0,0,0,0,0,3.7841837,0,0,0
16,7,1,0,1,0,0,0,0,0,0,0,3.4528196,0,0,0
26,17,1,0,0,0,0,0,0,0,0,0,3.7671835,0,0,0
17,8,1,0,0,0,0,0,0,0,0,0,3.1751232,0,0,0
24,15,1,0,0,0,0,0,0,0,0,0,3.8553886,0,0,0
20,11,1,0,0,0,0,0,0,0,0,0,3.3037016,0,0,0
18,9,1,0,0,0,0,0,0,0,0,0,3.530493,0,0,0
21,12,1,0,0,0,0,0,0,0,0,0,3.8442328,0,0,0
19,10,1,0,0,0,0,0,0,0,0,0,3.6818807,0,0,0
19,10,1,0,0,0,0,0,0,0,0,0,3.2210972,0,0,0
19,10,1,0,0,0,0,0,0,0,0,0,3.2608283,0,0,0
18,9,1,0,1,0,0,0,0,0,0,0,3.6835423,0,0,0
18,9,1,0,0,0,0,0,0,0,0,0,3.4613202,0,0,0
23,14,1,0,0,0,0,0,0,0,0,0,3.708132,0,0,0
20,11,1,0,0,0,0,0,0,0,0,0,3.5841837,0,0,0
19,10,1,0,0,0,0,0,0,0,0,0,3.7474132,0,0,0
19,10,1,0,0,0,0,0,0,0,0,0,3.6818807,0,0,0
18,9,1,0,0,0,0,0,0,0,0,0,3.4613202,0,0,0
20,11,1,0,0,0,0,0,0,0,0,0,3.7841837,0,0,0
17,8,1,0,0,0,0,0,0,0,0,0,3.4104173,0,0,0
29,20,1,0,0,0,0,0,0,0,0,0,3.7193758,0,0,0
14,5,1,0,0,0,0,0,0,0,0,0,3.324863,0,0,0
20,11,1,0,0,0,0,0,0,0,0,0,3.6464393,0,0,0
20,11,1,0,0,0,0,0,0,0,0,0,3.5464394,0,0,0
21,12,1,0,0,0,0,0,0,0,0,0,3.88018,0,0,0
22,13,1,0,0,0,0,0,0,0,0,0,3.788755,0,0,0
22,13,1,0,0,0,0,0,0,0,0,0,3.9705732,0,0,0
22,13,1,0,0,1,0,0,0,0,0,0,3.7544417,0,0,0
20,11,1,0,0,0,0,0,0,0,0,0,3.6464393,0,0,0
21,12,1,0,0,0,0,0,0,0,0,0,3.6537566,0,0,0
20,11,1,0,0,0,0,0,0,0,0,0,3.4464393,0,0,0
23,14,1,0,0,0,0,0,0,0,0,0,3.882045,0,0,0
15,6,1,0,0,0,0,0,0,0,0,0,3.3232315,0,0,0
23,14,1,0,0,0,0,0,0,0,0,0,3.7622674,0,0,0
19,10,1,0,0,0,0,0,0,0,0,0,3.6818807,0,0,0
22,13,1,0,0,0,0,0,0,0,0,0,3.6292198,0,0,0
22,13,1,0,0,0,0,0,0,0,0,0,3.788755,0,0,0
21,12,1,0,0,0,0,0,0,0,0,0,3.784942,0,0,0
18,9,1,0,0,0,0,0,0,0,0,0,3.6835423,0,0,0
22,13,1,0,0,0,0,0,0,0,0,0,3.5160277,0,0,0
27,18,1,0,0,0,0,0,0,0,0,0,3.485826,0,0,0
21,12,1,0,0,0,0,0,0,0,0,0,3.7489948,0,0,0
17,8,1,0,0,1,0,0,0,0,0,0,3.4548223,0,0,0
20,11,1,0,0,0,0,0,0,0,0,0,3.7841837,0,0,0
22,13,1,0,0,0,0,0,0,0,0,0,3.9705732,0,0,0
19,10,1,0,0,0,0,0,0,0,0,0,3.787144,0,0,0
19,10,1,0,0,0,0,0,0,0,0,0,3.4713545,0,0,0
22,13,1,0,0,0,0,0,0,0,0,0,3.7544417,0,0,0
18,9,1,0,0,1,0,0,0,0,0,0,3.5724313,0,0,0
19,10,1,0,0,0,0,0,0,0,0,0,3.5766177,0,0,0
15,6,1,0,0,0,0,0,0,0,0,0,3.2729056,0,0,0
22,13,1,0,0,0,0,0,0,0,0,0,3.6292198,0,0,0
18,9,1,0,0,0,0,0,0,0,0,0,3.350209,0,0,0
18,9,1,0,0,0,0,0,0,0,0,0,3.4193819,0,0,0
25,16,1,0,0,1,0,0,0,0,0,0,3.6732697,0,0,0
21,12,1,0,0,0,0,0,0,0,0,0,3.1775663,0,0,0
21,12,1,0,0,0,0,0,0,0,0,0,3.6897037,0,0,0
17,8,1,0,0,0,0,0,0,0,0,0,3.1018813,0,0,0
17,8,1,0,4,0,0,0,0,0,0,0,3.5724695,0,0,0
17,8,1,0,0,0,0,0,0,0,0,0,3.2927701,0,0,0
23,14,1,0,0,0,0,0,0,0,0,0,3.5013978,0,0,0
20,11,1,0,1,0,0,0,0,0,0,0,3.7841837,0,0,0
20,11,1,0,0,1,0,0,0,0,0,0,3.7841837,0,0,0
15,6,1,0,0,0,0,0,0,0,0,0,3.1395721,0,0,0
19,10,1,0,0,0,0,0,0,0,0,0,3.5766177,0,0,0
17,8,1,0,0,0,0,0,0,0,0,0,3.4104173,0,0,0
21,12,1,0,0,0,0,0,0,0,0,0,3.6537566,0,0,0
19,10,1,0,0,0,0,0,0,0,0,0,3.4713545,0,0,0
15,6,1,0,0,0,0,0,0,0,0,0,3.006239,0,0,0
19,10,1,0,0,0,0,0,0,0,0,0,3.5766177,0,0,0
24,15,1,0,0,0,0,0,0,0,0,0,3.938722,0,0,0
20,11,1,0,0,0,0,0,0,0,0,0,3.8841836,0,0,0
26,17,1,0,0,0,0,0,0,0,0,0,3.7671835,0,0,0
17,8,1,0,0,0,0,0,0,0,0,0,3.3371754,0,0,0
19,10,1,0,0,0,0,0,0,0,0,0,3.5368867,0,0,0
19,10,1,0,0,0,0,0,0,0,0,0,3.5368867,0,0,0
22,13,1,0,0,0,0,0,0,0,0,0,3.6069367,0,0,0
27,18,1,0,0,0,0,0,0,0,0,0,3.7821221,0,0,0
20,11,1,0,0,0,0,0,0,0,0,0,3.6841838,0,0,0
19,10,1,0,0,0,0,0,0,0,0,0,3.4713545,0,0,0
18,9,1,0,0,0,0,0,0,0,0,0,3.0441105,0,0,0
24,15,1,0,0,0,0,0,0,0,0,0,3.8553886,0,0,0
19,10,1,0,0,0,0,0,0,0,0,0,3.2210972,0,0,0
18,9,1,0,0,0,0,0,0,0,0,0,3.4193819,0,0,0
15,6,1,0,0,0,0,0,0,0,0,0,3.3232315,0,0,0
23,14,1,0,0,1,0,0,0,0,0,0,3.7950885,0,0,0
19,10,1,0,0,0,0,0,0,0,0,0,3.6818807,0,0,0
16,7,1,0,0,0,0,0,0,0,0,0,3.1084585,0,0,0
16,7,1,0,0,0,0,0,0,0,0,0,3.4528196,0,0,0
18,9,1,0,0,0,0,0,0,0,0,0,3.6835423,0,0,0
23,14,1,0,0,0,0,0,0,0,0,0,3.6753109,0,0,0
16,7,1,0,0,0,0,0,0,0,0,0,3.3278196,0,0,0
20,11,1,0,0,0,0,0,0,0,0,0,3.4841838,0,0,0
18,9,1,0,0,0,0,0,0,0,0,0,3.4193819,0,0,0
24,15,1,0,0,0,0,0,0,0,0,0,3.7406015,0,0,0
16,7,1,0,0,0,0,0,0,0,0,0,3.4528196,0,0,0
24,15,1,0,0,0,0,0,0,0,0,0,3.8553886,0,0,0
25,16,1,0,0,0,0,0,0,0,0,0,3.8332696,0,0,0
16,7,1,0,0,0,0,0,0,0,0,0,3.2806392,0,0,0
17,8,1,0,0,0,0,0,0,0,0,0,3.5724695,0,0,0
21,12,1,0,0,0,0,0,0,0,0,0,3.5944657,0,0,0
22,13,1,0,0,0,0,0,0,0,0,0,3.879664,0,0,0
21,12,1,0,0,0,0,0,0,0,0,0,3.7489948,0,0,0
23,14,1,0,0,1,0,0,0,0,0,0,3.534219,0,0,0
19,10,1,0,0,0,0,0,0,0,0,0,3.5766177,0,0,0
21,12,1,0,0,0,0,0,0,0,0,0,3.6178098,0,0,0
22,13,1,0,0,0,0,0,0,0,0,0,3.7544417,0,0,0
24,15,1,0,0,0,0,0,0,0,0,0,3.8239348,0,0,0
17,8,1,0,0,0,0,0,0,0,0,0,3.6901164,0,0,0
19,10,1,0,0,0,0,0,0,0,0,0,3.6818807,0,0,0
23,14,1,0,0,0,0,0,0,0,0,0,3.7950885,0,0,0
25,16,1,0,0,0,0,0,0,0,0,0,3.9736607,0,0,0
16,7,1,0,0,0,0,0,0,0,0,0,3.4056392,0,0,0
20,11,1,0,0,0,0,0,0,0,0,0,3.7841837,0,0,0
16,7,1,0,0,0,0,0,0,0,0,0,3.5778196,0,0,0
16,7,1,0,0,0,0,0,0,0,0,0,2.9056392,0,0,0
23,14,1,0,0,0,0,0,0,0,0,0,3.9690015,0,0,0
27,18,1,0,0,0,0,0,0,0,0,0,4.0323033,0,0,0
20,11,1,0,0,0,0,0,0,0,0,0,3.8841836,0,0,0
22,13,1,0,0,0,0,0,0,0,0,0,3.9705732,0,0,0
18,9,1,0,0,0,0,0,0,0,0,0,3.4613202,0,0,0
27,18,1,0,0,0,0,0,0,0,0,0,3.912114,0,0,0
24,15,1,0,0,0,0,0,0,0,0,0,3.5068665,0,0,0
20,11,1,0,0,0,0,0,0,0,0,0,3.8841836,0,0,0
27,18,1,0,0,1,0,0,0,0,0,0,3.7541635,0,0,0
22,13,1,0,0,0,0,0,0,0,0,0,3.351953,0,0,0
20,11,1,0,0,0,0,0,0,0,0,0,3.4464393,0,0,0
28,19,1,0,0,0,0,0,0,0,0,0,3.94076,0,0,0
24,15,1,0,0,0,0,0,0,0,0,0,3.8868423,0,0,0
17,8,1,0,0,0,0,0,0,0,0,0,3.4548223,0,0,0
23,14,1,0,0,0,0,0,0,0,0,0,3.6211755,0,0,0
16,7,1,0,0,0,0,0,0,0,0,0,3.4528196,0,0,0
25,16,1,0,0,0,0,0,0,0,0,0,3.9434652,0,0,0
25,16,1,0,0,0,0,0,0,0,0,0,3.9434652,0,0,0
18,9,1,0,0,0,0,0,0,0,0,0,3.2390978,0,0,0
21,12,1,0,0,0,0,0,0,0,0,0,3.4992275,0,0,0
16,7,1,0,0,0,0,0,0,0,0,0,3.3278196,0,0,0
18,9,1,0,0,0,0,0,0,0,0,0,3.4613202,0,0,0
26,17,1,0,0,0,0,0,0,0,0,0,3.8731406,0,0,0
18,9,1,0,0,0,0,0,0,0,0,0,3.7946534,0,0,0
15,6,1,0,0,0,0,0,0,0,0,0,3.3232315,0,0,0
16,7,1,0,0,0,0,0,0,0,0,0,3.3278196,0,0,0
16,7,1,0,0,0,0,0,0,0,0,0,3.5778196,0,0,0
23,14,1,0,0,0,0,0,0,0,0,0,3.9690015,0,0,0
20,11,1,0,0,0,0,0,0,0,0,0,3.7841837,0,0,0
23,14,1,0,0,0,0,0,0,0,0,0,3.5555332,0,0,0
22,13,1,0,0,0,0,0,0,0,0,0,3.9705732,0,0,0
18,9,1,0,0,0,0,0,0,0,0,0,3.5724313,0,0,0
24,15,1,0,2,0,0,0,0,0,0,0,4.022055,0,0,0
17,8,1,0,0,0,0,0,0,0,0,0,3.4548223,0,0,0
21,12,1,0,0,0,0,0,0,0,0,0,3.8442328,0,0,0
21,12,1,0,0,1,0,0,0,0,0,0,3.8442328,0,0,0
19,10,1,0,0,0,0,0,0,0,0,0,3.5766177,0,0,0
18,9,1,0,0,0,0,0,0,0,0,0,3.4193819,0,0,0
17,8,1,0,0,0,0,0,0,0,0,0,3.3371754,0,0,0
14,5,1,0,1,0,0,0,0,0,0,0,3.182006,0,0,0
18,9,1,0,0,0,0,0,0,0,0,0,3.6416042,0,0,0
15,6,1,0,0,0,0,0,0,0,0,0,3.4565647,0,0,0
17,8,1,0,0,0,0,0,0,0,0,0,3.3371754,0,0,0
16,7,1,0,0,0,0,0,0,0,0,0,3.2028196,0,0,0
19,10,1,0,0,0,0,0,0,0,0,0,3.5368867,0,0,0
22,13,1,0,0,0,0,0,0,0,0,0,3.697846,0,0,0
24,15,1,0,0,0,0,0,0,0,0,0,3.6053886,0,0,0
16,7,1,0,0,0,0,0,0,0,0,0,3.4056392,0,0,0
15,6,1,0,0,0,0,0,0,0,0,0,3.3232315,0,0,0
17,8,1,0,0,0,0,0,0,0,0,0,3.4104173,0,0,0
17,8,1,0,0,0,0,0,0,0,0,0,3.4548223,0,0,0
22,13,1,0,0,0,0,0,0,0,0,0,3.5726237,0,0,0
23,14,1,0,0,0,0,0,0,0,0,0,3.8492239,0,0,0
21,12,1,0,0,0,0,0,0,0,0,0,3.7489948,0,0,0
18,9,1,0,0,0,0,0,0,0,0,0,3.6835423,0,0,0
17,8,1,0,0,0,0,0,0,0,0,0,3.4104173,0,0,0
18,9,1,0,0,0,0,0,0,0,0,0,3.530493,0,0,0
20,11,1,0,0,0,0,0,0,0,0,0,3.5841837,0,0,0
20,11,1,0,0,0,0,0,0,0,0,0,3.8841836,0,0,0
23,14,1,0,0,1,0,0,0,0,0,0,3.9361804,0,0,0
24,15,1,0,0,0,0,0,0,0,0,0,4.022055,0,0,0
17,8,1,0,0,0,0,0,0,0,0,0,3.5724695,0,0,0
21,12,1,0,0,0,0,0,0,0,0,0,3.6897037,0,0,0
26,17,1,0,0,0,0,0,0,0,0,0,4.0560207,0,0,0
24,15,1,0,0,0,0,0,0,0,0,0,3.8553886,0,0,0
20,11,1,0,0,0,0,0,0,0,0,0,3.6841838,0,0,0
24,15,1,0,0,0,0,0,0,0,0,0,3.7201755,0,0,0
26,17,1,0,0,0,0,0,0,0,0,0,3.9790978,0,0,0
20,11,1,0,0,0,0,0,0,0,0,0,3.7841837,0,0,0
27,18,1,0,0,0,0,0,0,0,0,0,3.8743527,0,0,0
20,11,1,0,0,0,0,0,0,0,0,0,3.4464393,0,0,0
16,7,1,0,0,0,0,0,0,0,0,0,3.3278196,0,0,0
16,7,1,0,0,0,0,0,0,0,0,0,3.3278196,0,0,0
17,8,1,0,0,0,0,0,0,0,0,0,3.6901164,0,0,0
20,11,1,0,0,0,0,0,0,0,0,0,3.508695,0,0,0
19,10,1,0,0,0,0,0,0,0,0,0,3.6818807,0,0,0
21,12,1,0,0,0,0,0,0,0,0,0,3.7130477,0,0,0
23,14,1,0,0,0,0,0,0,0,0,0,3.7622674,0,0,0
24,15,1,0,0,1,0,0,0,0,0,0,3.5739348,0,0,0
18,9,1,0,4,0,0,0,0,0,0,0,3.4613202,0,0,0
22,13,1,0,0,0,0,0,0,0,0,0,3.6635327,0,0,0
18,9,1,0,0,0,0,0,0,0,0,0,3.4613202,0,0,0
16,7,1,0,0,0,0,0,0,0,0,0,3.5778196,0,0,0
20,11,1,0,0,0,0,0,0,0,0,0,3.508695,0,0,0
17,8,1,0,0,0,0,0,0,0,0,0,3.6901164,0,0,0
23,14,1,0,0,0,0,0,0,0,0,0,3.882045,0,0,0
24,15,1,0,0,0,0,0,0,0,0,0,3.8035088,0,0,0
18,9,1,0,0,0,0,0,0,0,0,0,3.6416042,0,0,0
21,12,1,0,0,0,0,0,0,0,0,0,3.4273336,0,0,0
21,12,1,0,0,0,0,0,0,0,0,0,3.7489948,0,0,0
15,6,1,0,0,0,0,0,0,0,0,0,3.3232315,0,0,0
14,5,1,0,0,0,0,0,0,0,0,0,3.324863,0,0,0
27,18,1,0,0,0,0,0,0,0,0,0,3.633974,0,0,0
18,9,1,0,1,0,0,0,0,0,0,0,3.4193819,0,0,0
20,11,1,0,0,0,0,0,0,0,0,0,3.6464393,0,0,0
17,8,1,0,0,0,0,0,0,0,0,0,3.4104173,0,0,0
19,10,1,0,0,0,0,0,0,0,0,0,3.4713545,0,0,0
24,15,1,0,0,0,0,0,0,0,0,0,3.8553886,0,0,0
21,12,1,0,0,0,0,0,0,0,0,0,3.7489948,0,0,0
19,10,1,0,2,0,0,0,0,0,0,0,3.64215,0,0,0
20,11,1,0,0,0,0,0,0,0,0,0,3.508695,0,0,0
19,10,1,0,0,0,0,0,0,0,0,0,3.6818807,0,0,0
15,6,1,0,0,0,0,0,0,0,0,0,3.2729056,0,0,0
19,10,1,0,0,0,0,0,0,0,0,0,3.4316235,0,0,0
17,8,1,0,0,0,0,0,0,0,0,0,3.4104173,0,0,0
25,16,1,0,0,0,0,0,0,0,0,0,3.9932697,0,0,0
16,7,1,0,0,0,0,0,0,0,0,0,3.5778196,0,0,0
26,17,1,0,0,0,0,0,0,0,0,0,3.6423714,0,0,0
17,8,1,0,0,0,0,0,0,0,0,0,3.4548223,0,0,0
26,17,1,0,0,0,0,0,0,0,0,0,3.5364141,0,0,0
18,9,1,0,0,0,0,0,0,0,0,0,3.2663326,0,0,0
23,14,1,0,0,0,0,0,0,0,0,0,3.882045,0,0,0
18,9,1,0,0,0,0,0,0,0,0,0,3.4613202,0,0,0
21,12,1,0,0,0,0,0,0,0,0,0,3.5225716,0,0,0
24,15,1,0,0,0,0,0,0,0,0,0,3.8553886,0,0,0
18,9,1,0,0,0,0,0,0,0,0,0,3.4193819,0,0,0
22,13,1,0,0,0,0,0,0,0,0,0,3.3908055,0,0,0
35,26,1,0,0,0,0,0,0,0,0,0,4.036007,0,0,0
28,19,1,0,0,0,0,0,0,0,0,0,3.8693314,0,0,0
19,10,1,0,0,0,0,0,0,0,0,0,3.787144,0,0,0
26,17,1,0,0,1,0,0,0,0,0,0,3.8441064,0,0,0
25,16,1,0,0,0,0,0,0,0,0,0,3.4830742,0,0,0
21,12,1,0,0,0,0,0,0,0,0,0,3.88018,0,0,0
18,9,1,0,0,0,0,0,0,0,0,0,3.6835423,0,0,0
17,8,1,0,0,0,0,0,0,0,0,0,3.2927701,0,0,0
19,10,1,0,0,0,0,0,0,0,0,0,3.64215,0,0,0
18,9,1,0,0,0,0,0,0,0,0,0,3.2663326,0,0,0
18,9,1,0,0,0,0,0,0,0,0,0,3.4193819,0,0,0
17,8,1,0,0,0,0,0,0,0,0,0,3.5724695,0,0,0
19,10,1,0,0,0,0,0,0,0,0,0,3.64215,0,0,0
18,9,1,0,0,0,0,0,0,0,0,0,3.5724313,0,0,0
23,14,1,0,0,0,0,0,0,0,0,0,3.551191,0,0,0
27,18,1,0,0,0,0,0,0,0,0,0,3.912114,0,0,0
20,11,1,0,0,0,0,0,0,0,0,0,3.7841837,0,0,0
23,14,1,0,0,0,0,0,0,0,0,0,3.9690015,0,0,0
24,15,1,0,0,0,0,0,0,0,0,0,3.7406015,0,0,0
22,13,1,0,0,0,0,0,0,0,0,0,3.6635327,0,0,0
17,8,1,0,0,0,0,0,0,0,0,0,3.5724695,0,0,0
20,11,1,0,0,0,0,0,0,0,0,0,3.8841836,0,0,0
22,13,1,0,0,0,0,0,0,0,0,0,3.7201288,0,0,0
20,11,1,0,0,0,0,0,0,0,0,0,3.7841837,0,0,0
19,10,1,0,0,0,0,0,0,0,0,0,3.5368867,0,0,0
18,9,1,0,0,0,0,0,0,0,0,0,3.5724313,0,0,0
17,8,1,0,0,0,0,0,0,0,0,0,3.4548223,0,0,0
19,10,1,0,0,0,0,0,0,0,0,0,3.787144,0,0,0
19,10,1,0,0,0,0,0,0,0,0,0,3.64215,0,0,0
24,15,1,0,0,0,0,0,0,0,0,0,3.688722,0,0,0
23,14,1,0,0,0,0,0,0,0,0,0,3.7622674,0,0,0
22,13,1,0,1,0,0,0,0,0,0,0,3.7201288,0,0,0
17,8,1,0,0,0,0,0,0,0,0,0,3.5724695,0,0,0
25,16,1,0,0,1,0,0,0,0,0,0,3.9132698,0,0,0
25,16,1,0,0,0,0,0,0,0,0,0,3.7834651,0,0,0
18,9,1,0,0,0,0,0,0,0,0,0,3.4613202,0,0,0
21,12,1,0,0,0,0,0,0,0,0,0,3.784942,0,0,0
22,13,1,0,0,0,0,0,0,0,0,0,3.6069367,0,0,0
20,11,1,0,0,0,0,0,0,0,0,0,3.7841837,0,0,0
21,12,1,0,0,0,0,0,0,0,0,0,3.7489948,0,0,0
17,8,1,0,0,0,0,0,0,0,0,0,3.5724695,0,0,0
18,9,1,0,0,0,0,0,0,0,0,0,3.7946534,0,0,0
21,12,1,0,0,0,0,0,0,0,0,0,3.8442328,0,0,0
16,7,1,0,0,0,0,0,0,0,0,0,3.4528196,0,0,0
28,19,1,0,0,0,0,0,0,0,0,0,3.699514,0,0,0
22,13,1,0,0,1,0,0,0,0,0,0,3.4817145,0,0,0
21,12,1,0,0,0,0,0,0,0,0,0,3.7489948,0,0,0
21,12,1,0,0,0,0,0,0,0,0,0,3.6537566,0,0,0
21,12,1,0,0,0,0,0,0,0,0,0,3.784942,0,0,0
17,8,1,0,0,0,0,0,0,0,0,0,3.5724695,0,0,0
16,7,1,0,1,0,0,0,0,0,0,0,3.4528196,0,0,0
18,9,1,0,0,0,0,0,0,0,0,0,3.4613202,0,0,0
32,23,1,0,0,0,0,0,0,0,0,0,3.9528196,0,0,0
29,20,1,0,0,0,0,0,0,0,0,0,3.857307,0,0,0
19,10,1,0,0,0,0,0,0,0,0,0,3.64215,0,0,0
25,16,1,0,0,0,0,0,0,0,0,0,3.9434652,0,0,0
19,10,1,0,0,0,0,0,0,0,0,0,3.787144,0,0,0
21,12,1,0,0,0,0,0,0,0,0,0,3.6537566,0,0,0
21,12,1,0,0,0,0,0,0,0,0,0,3.5585186,0,0,0
15,6,1,0,0,0,0,0,0,0,0,0,3.1395721,0,0,0
22,13,1,0,0,0,0,0,0,0,0,0,3.845351,0,0,0
15,6,1,0,0,0,0,0,0,0,0,0,3.3232315,0,0,0
17,8,1,0,0,0,0,0,0,0,0,0,3.1751232,0,0,0
23,14,1,0,0,0,0,0,0,0,0,0,3.882045,0,0,0
21,12,1,0,0,0,0,0,0,0,0,0,3.6537566,0,0,0
18,9,1,0,0,0,0,0,0,0,0,0,3.5724313,0,0,0
21,12,1,0,0,0,0,0,0,0,0,0,3.422578,0,0,0
35,26,1,0,0,0,0,0,0,0,0,0,4.1718607,0,0,0
22,13,1,0,0,1,0,0,0,0,0,0,3.879664,0,0,0
21,12,1,0,0,0,0,0,0,0,0,0,3.4273336,0,0,0
21,12,1,0,0,0,0,0,0,0,0,0,3.784942,0,0,0
26,17,1,0,0,1,0,0,0,0,0,0,3.9500637,0,0,0
25,16,1,0,0,0,0,0,0,0,0,0,3.9132698,0,0,0
22,13,1,0,0,0,0,0,0,0,0,0,3.7544417,0,0,0
21,12,1,0,0,0,0,0,0,0,0,0,3.7489948,0,0,0
17,8,1,0,0,0,0,0,0,0,0,0,3.4104173,0,0,0
18,9,1,0,3,0,0,0,0,0,0,0,3.6835423,0,0,0
21,12,1,0,0,0,0,0,0,0,0,0,3.6897037,0,0,0
23,14,1,0,0,0,0,0,0,0,0,0,3.7950885,0,0,0
22,13,1,0,0,0,0,0,0,0,0,0,3.788755,0,0,0
20,11,1,0,0,0,0,0,0,0,0,0,3.6464393,0,0,0
18,9,1,0,0,0,0,0,0,0,0,0,3.4193819,0,0,0
24,15,1,0,0,0,0,0,0,0,0,0,3.7406015,0,0,0
26,17,1,0,2,0,0,0,0,0,0,0,4.10391,0,0,0
17,8,1,0,0,0,0,0,0,0,0,0,3.4104173,0,0,0
19,10,1,0,1,0,0,0,0,0,0,0,3.5766177,0,0,0
23,14,1,0,0,0,0,0,0,0,0,0,3.708132,0,0,0
29,20,1,0,0,1,0,0,0,0,0,0,4.0212684,0,0,0
22,13,1,0,0,0,0,0,0,0,0,0,3.7544417,0,0,0
17,8,1,0,0,0,0,0,0,0,0,0,3.3371754,0,0,0
19,10,1,0,0,0,0,0,0,0,0,0,3.787144,0,0,0
18,9,1,0,0,0,0,0,0,0,0,0,3.4613202,0,0,0
18,9,1,0,0,0,0,0,0,0,0,0,3.4613202,0,0,0
17,8,1,0,0,1,0,0,0,0,0,0,3.5724695,0,0,0
15,6,1,0,0,0,0,0,0,0,0,0,3.3232315,0,0,0
24,15,1,0,0,0,0,0,0,0,0,0,3.6053886,0,0,0
17,8,1,0,0,0,0,0,0,0,0,0,3.4548223,0,0,0
23,14,1,0,0,0,0,0,0,0,0,0,3.6753109,0,0,0
20,11,1,0,0,0,0,0,0,0,0,0,3.6841838,0,0,0
20,11,1,0,0,0,0,0,0,0,0,0,3.6841838,0,0,0
20,11,1,0,1,1,0,0,0,0,0,0,3.5841837,0,0,0
19,10,1,0,0,0,0,0,0,0,0,0,3.787144,0,0,0
28,19,1,0,0,0,0,0,0,0,0,0,3.6550455,0,0,0
18,9,1,0,2,0,0,0,0,0,0,0,3.530493,0,0,0
24,15,1,0,0,0,0,0,0,0,0,0,3.8553886,0,0,0
21,12,1,0,0,0,0,0,0,0,0,0,3.4992275,0,0,0
23,14,1,0,0,0,0,0,0,0,0,0,3.882045,0,0,0
25,16,1,0,0,0,0,0,0,0,0,0,3.5288842,0,0,0
19,10,1,0,0,0,0,0,0,0,0,0,3.64215,0,0,0
24,15,1,0,0,0,0,0,0,0,0,0,4.0535088,0,0,0
18,9,1,0,0,0,0,0,0,0,0,0,3.308271,0,0,0
19,10,1,0,0,0,0,0,0,0,0,0,3.6818807,0,0,0
31,22,1,0,0,1,0,0,0,0,0,0,4.0582466,0,0,0
24,15,1,0,0,0,0,0,0,0,0,0,3.8553886,0,0,0
22,13,1,0,0,0,0,0,0,0,0,0,3.9705732,0,0,0
20,11,1,0,0,0,0,0,0,0,0,0,3.4464393,0,0,0
18,9,1,0,0,0,0,0,0,0,0,0,3.4613202,0,0,0
25,16,1,0,0,1,0,0,0,0,0,0,4.023465,0,0,0
17,8,1,0,0,0,0,0,0,0,0,0,3.3371754,0,0,0
16,7,1,0,0,0,0,0,0,0,0,0,3.3278196,0,0,0
18,9,1,0,0,0,0,0,0,0,0,0,3.6835423,0,0,0
23,14,1,0,0,0,0,0,0,0,0,0,3.8164027,0,0,0
15,6,1,0,0,0,0,0,0,0,0,0,3.4565647,0,0,0
23,14,1,0,0,0,0,0,0,0,0,0,3.6381476,0,0,0
41,32,1,0,0,2,0,0,0,0,0,0,4.0555015,0,0,0
22,13,1,0,0,0,0,0,0,0,0,0,3.788755,0,0,0
22,13,1,0,0,0,0,0,0,0,0,0,3.879664,0,0,0
23,14,1,0,0,0,0,0,0,0,0,0,3.6424897,0,0,0
26,17,1,0,0,1,0,0,0,0,0,0,3.8919954,0,0,0
22,13,1,0,0,0,0,0,0,0,0,0,3.4817145,0,0,0
18,9,1,0,0,0,0,0,0,0,0,0,3.308271,0,0,0
20,11,1,0,0,0,0,0,0,0,0,0,3.508695,0,0,0
18,9,1,0,3,0,0,0,0,0,0,0,3.5724313,0,0,0
18,9,1,0,0,1,0,0,0,0,0,0,3.5724313,0,0,0
21,12,1,0,0,0,0,0,0,0,0,0,3.5944657,0,0,0
18,9,1,0,1,0,0,0,0,0,0,0,3.4613202,0,0,0
28,19,1,0,0,0,0,0,0,0,0,0,3.8962915,0,0,0
16,7,1,0,0,0,0,0,0,0,0,0,3.5778196,0,0,0
23,14,1,0,0,0,0,0,0,0,0,0,3.5013978,0,0,0
25,16,1,0,0,2,0,0,0,0,0,0,3.8332696,0,0,0
16,7,1,0,0,0,0,0,0,0,0,0,3.3278196,0,0,0
16,7,1,0,0,0,0,0,0,0,0,0,3.4528196,0,0,0
23,14,1,0,0,0,0,0,0,0,0,0,3.7950885,0,0,0
23,14,1,0,0,0,0,0,0,0,0,0,3.6211755,0,0,0
20,11,1,0,0,0,0,0,0,0,0,0,3.6464393,0,0,0
19,10,1,0,0,0,0,0,0,0,0,0,3.5368867,0,0,0
16,7,1,0,0,0,0,0,0,0,0,0,3.2806392,0,0,0
24,15,1,0,0,0,0,0,0,0,0,0,3.6572683,0,0,0
22,13,1,0,0,0,0,0,0,0,0,0,3.7544417,0,0,0
19,10,1,0,0,0,0,0,0,0,0,0,3.6818807,0,0,0
21,12,1,0,0,0,0,0,0,0,0,0,3.7489948,0,0,0
20,11,1,0,0,0,0,0,0,0,0,0,3.7841837,0,0,0
20,11,1,0,1,0,0,0,0,0,0,0,3.7841837,0,0,0
21,12,1,0,0,0,0,0,0,0,0,0,3.6537566,0,0,0
20,11,1,0,0,0,0,0,0,0,0,0,3.7841837,0,0,0
18,9,1,0,0,0,0,0,0,0,0,0,3.5724313,0,0,0
21,12,1,0,0,1,0,0,0,0,0,0,3.7489948,0,1,0
25,16,1,0,0,0,0,0,0,0,0,0,3.9434652,0,0,0
22,13,1,0,0,0,0,0,0,0,0,0,3.4130883,0,0,0
20,11,1,0,0,0,0,0,0,0,0,0,3.5841837,0,0,0
17,8,1,0,0,0,0,0,0,0,0,0,3.4104173,0,0,0
24,15,1,0,0,0,0,0,0,0,0,0,3.688722,0,0,0
22,13,1,0,0,0,0,0,0,0,0,0,3.697846,0,0,0
25,16,1,0,0,0,0,0,0,0,0,0,3.7336607,0,0,0
24,15,1,0,0,0,0,0,0,0,0,0,3.7720551,0,0,0
22,13,1,0,0,0,0,0,0,0,0,0,3.6635327,0,0,0
17,8,1,0,0,0,0,0,0,0,0,0,3.4548223,0,0,0
22,13,1,0,1,0,0,0,0,0,0,0,3.93626,0,0,0
24,15,1,0,0,0,0,0,0,0,0,0,3.8553886,0,0,0
21,12,1,0,0,0,0,0,0,0,0,0,3.32734,0,0,0
23,14,1,0,0,0,0,0,0,0,0,0,3.6424897,0,0,0
23,14,1,0,0,1,0,0,0,0,0,0,3.7294462,0,0,0
18,9,1,0,0,0,0,0,0,0,0,0,3.308271,0,0,0
24,15,1,0,0,0,0,0,0,0,0,0,3.7720551,0,0,0
25,16,1,0,0,0,0,0,0,0,0,0,3.509275,0,0,0
18,9,1,0,0,0,0,0,0,0,0,0,3.6835423,0,0,0
17,8,1,0,0,0,0,0,0,0,0,0,3.2927701,0,0,0
21,12,1,0,0,0,0,0,0,0,0,0,3.784942,0,0,0
16,7,1,0,1,0,0,0,0,0,0,0,3.2028196,0,0,0
19,10,1,0,0,0,0,0,0,0,0,0,3.5368867,0,0,0
15,6,1,0,2,0,0,0,0,0,0,0,3.3232315,0,0,0
17,8,1,0,0,0,0,0,0,0,0,0,3.6901164,0,1,0
18,9,1,0,0,0,0,0,0,0,0,0,3.4193819,0,0,0
17,8,1,0,0,0,0,0,0,0,0,0,3.5724695,0,0,0
18,9,1,0,0,0,0,0,0,0,0,0,3.530493,0,0,0
25,16,1,0,0,0,0,0,0,0,0,0,3.863465,0,0,0
22,13,1,0,0,0,0,0,0,0,0,0,3.879664,0,0,0
21,12,1,0,0,0,0,0,0,0,0,0,3.6537566,0,0,0
19,10,1,0,0,0,0,0,0,0,0,0,3.787144,0,0,0
17,8,1,0,0,0,0,0,0,0,0,0,3.2927701,0,0,0
20,11,1,0,0,0,0,0,0,0,0,0,3.5841837,0,0,0
23,14,1,0,0,0,0,0,0,0,0,0,3.8492239,0,0,0
22,13,1,0,0,0,0,0,0,0,0,0,3.6635327,0,0,0
16,7,1,0,0,0,0,0,0,0,0,0,3.3278196,0,0,0
24,15,1,0,0,0,0,0,0,0,0,0,3.6368423,0,0,0
19,10,1,0,0,0,0,0,0,0,0,0,3.3918927,0,0,0
19,10,1,0,0,0,0,0,0,0,0,0,3.4316235,0,0,0
18,9,1,0,0,0,0,0,0,0,0,0,3.5724313,0,0,0
16,7,1,0,0,0,0,0,0,0,0,0,3.3278196,0,0,0
18,9,1,0,0,0,0,0,0,0,0,0,3.3774438,0,0,0
21,12,1,0,0,0,0,0,0,0,0,0,3.975418,0,0,0
22,13,1,0,0,0,0,0,0,0,0,0,3.7544417,0,0,0
20,11,1,0,0,0,0,0,0,0,0,0,3.8841836,0,0,0
22,13,1,0,0,0,0,0,0,0,0,0,3.9705732,0,0,0
22,13,1,0,0,0,0,0,0,0,0,0,3.845351,0,0,0
19,10,1,0,0,0,0,0,0,0,0,0,3.3918927,0,0,0
23,14,1,0,0,1,0,0,0,0,0,0,3.7294462,0,0,0
25,16,1,0,0,1,0,0,0,0,0,0,4.053661,0,0,0
19,10,1,0,0,0,0,0,0,0,0,0,3.5766177,0,0,0
26,17,1,0,0,0,0,0,0,0,0,0,3.7483287,0,0,0
22,13,1,0,0,0,0,0,0,0,0,0,3.879664,0,0,0
31,22,1,0,0,0,0,0,0,0,0,0,3.8488846,0,0,0
26,17,1,0,0,1,0,0,0,0,0,0,3.9210296,0,0,0
24,15,1,0,0,1,0,0,0,0,0,0,3.6258147,0,0,0
24,15,1,0,0,0,0,0,0,0,0,0,3.709148,0,0,0
17,8,1,0,0,0,0,0,0,0,0,0,3.5724695,0,0,0
27,18,1,0,0,0,0,0,0,0,0,0,3.8380399,0,0,0
16,7,1,0,0,0,0,0,0,0,0,0,3.1556392,0,0,0
23,14,1,0,0,0,0,0,0,0,0,0,3.522712,0,0,0
15,6,1,0,0,0,0,0,0,0,0,0,3.2729056,0,0,0
29,20,1,0,0,0,0,0,0,0,0,0,3.909368,0,0,0
34,25,1,0,0,1,0,0,0,0,0,0,3.7748396,0,0,0
18,9,1,0,0,0,0,0,0,0,0,0,3.2390978,0,0,0
19,10,1,0,0,0,0,0,0,0,0,0,3.6818807,0,0,0
30,21,1,0,0,0,0,0,0,0,0,0,3.9898982,0,0,0
22,13,1,0,0,0,0,0,0,0,0,0,3.5383105,0,0,0
16,7,1,0,0,0,0,0,0,0,0,0,3.4528196,0,0,0
17,8,1,0,0,0,0,0,0,0,0,0,3.5724695,0,0,0
23,14,1,0,0,1,0,0,0,0,0,0,3.6211755,0,0,0
17,8,1,0,0,0,0,0,0,0,0,0,3.4548223,0,0,0
18,9,1,0,0,0,0,0,0,0,0,0,3.4193819,0,0,0
20,11,1,0,1,0,0,0,0,0,0,0,3.5464394,0,0,0
17,8,1,0,0,0,0,0,0,0,0,0,3.5724695,0,0,0
18,9,1,0,0,0,0,0,0,0,0,0,3.4613202,0,0,0
19,10,1,0,0,0,0,0,0,0,0,0,3.787144,0,0,0
23,14,1,0,0,0,0,0,0,0,0,0,3.8492239,0,0,0
20,11,1,0,0,0,0,0,0,0,0,0,3.5464394,0,0,0
16,7,1,0,0,0,0,0,0,0,0,0,3.2028196,0,0,0
19,10,1,0,0,0,0,0,0,0,0,0,3.64215,0,0,0
22,13,1,0,0,0,0,0,0,0,0,0,3.697846,0,0,0
21,12,1,0,0,0,0,0,0,0,0,0,3.88018,0,0,0
20,11,1,0,0,0,0,0,0,0,0,0,3.6464393,0,0,0
17,8,1,0,0,0,0,0,0,0,0,0,3.5724695,0,0,0
24,15,1,0,0,1,0,0,0,0,0,0,4.1368423,0,0,0
18,9,1,0,0,0,0,0,0,0,0,0,3.4193819,0,0,0
20,11,1,0,0,0,0,0,0,0,0,0,3.508695,0,0,0
20,11,1,0,1,0,0,0,0,0,0,0,3.6841838,0,0,0
16,7,1,0,0,0,0,0,0,0,0,0,3.2806392,0,0,0
25,16,1,0,0,0,0,0,0,0,0,0,3.7532697,0,0,0
23,14,1,0,0,0,0,0,0,0,0,0,3.522712,0,0,0
15,6,1,0,0,0,0,0,0,0,0,0,3.3232315,0,0,0
18,9,1,0,0,0,0,0,0,0,0,0,3.5724313,0,0,0
19,10,1,0,0,0,0,0,0,0,0,0,3.787144,0,0,0
25,16,1,0,0,0,0,0,0,0,0,0,3.9736607,0,0,0
29,20,1,0,0,0,0,0,0,0,0,0,3.8833375,0,0,0
23,14,1,0,0,0,0,0,0,0,0,0,3.6424897,0,0,0
18,9,1,0,0,0,0,0,0,0,0,0,3.350209,0,0,0
23,14,1,0,0,0,0,0,0,0,0,0,3.882045,0,0,0
16,7,1,0,0,0,0,0,0,0,0,0,3.4528196,0,0,0
17,8,1,0,0,0,0,0,0,0,0,0,3.2195282,0,0,0
21,12,1,0,0,0,0,0,0,0,0,0,3.4039896,0,0,0
17,8,1,0,0,0,0,0,0,0,0,0,3.4548223,0,0,0
22,13,1,0,0,0,0,0,0,0,0,0,3.7544417,0,0,0
22,13,1,0,0,0,0,0,0,0,0,0,3.7544417,0,0,0
20,11,1,0,0,0,0,0,0,0,0,0,3.7464395,0,0,0
20,11,1,0,0,0,0,0,0,0,0,0,3.6464393,0,0,0
21,12,1,0,0,0,0,0,0,0,0,0,3.5944657,0,0,0
27,18,1,0,0,0,0,0,0,0,0,0,3.9302704,0,0,0
18,9,1,0,0,0,0,0,0,0,0,0,3.6416042,0,0,0
22,13,1,0,0,0,0,0,0,0,0,0,3.5383105,0,0,0
20,11,1,0,0,0,0,0,0,0,0,0,3.5841837,0,0,0
18,9,1,0,0,0,0,0,0,0,0,0,3.6835423,0,0,0
22,13,1,0,0,0,0,0,0,0,0,0,3.788755,0,0,0
19,10,1,0,0,0,0,0,0,0,0,0,3.64215,0,0,0
22,13,1,0,0,0,0,0,0,0,0,0,3.6069367,0,0,0
14,5,1,0,0,0,0,0,0,0,0,0,3.324863,0,0,0
20,11,1,0,0,0,0,0,0,0,0,0,3.8841836,0,0,0
25,16,1,0,0,0,0,0,0,0,0,0,3.5736606,0,0,0
19,10,1,0,0,0,0,0,0,0,0,0,3.4316235,0,0,0
24,15,1,0,0,0,0,0,0,0,0,0,3.2924812,0,0,0
30,21,1,0,0,1,0,0,0,0,0,0,3.6314018,0,0,0
18,9,1,0,0,0,0,0,0,0,0,0,3.530493,0,0,0
16,7,1,0,0,0,0,0,0,0,0,0,3.5778196,0,0,0
30,21,1,0,0,2,0,0,0,0,0,0,3.7898982,0,0,0
21,12,1,0,0,0,0,0,0,0,0,0,3.8442328,0,0,0
23,14,1,0,0,1,0,0,0,0,0,0,3.9690015,0,0,0
18,9,1,0,0,1,0,0,0,0,0,0,3.6835423,0,0,0
21,12,1,0,0,0,0,0,0,0,0,0,3.6537566,0,0,0
20,11,1,0,0,0,0,0,0,0,0,0,3.4841838,0,0,0
18,9,1,0,0,0,0,0,0,0,0,0,3.308271,0,0,0
28,19,1,0,0,0,0,0,0,0,0,0,3.96772,0,0,0
23,14,1,0,0,0,0,0,0,0,0,0,3.6753109,0,0,0
18,9,1,0,0,0,0,0,0,0,0,0,3.6835423,0,0,0
21,12,1,0,0,0,0,0,0,0,0,0,3.7489948,0,0,0
19,10,1,0,0,0,0,0,0,0,0,0,3.6818807,0,0,0
18,9,1,0,0,0,0,0,0,0,0,0,3.4193819,0,0,0
22,13,1,0,2,1,0,0,0,0,0,0,3.93626,0,0,0
23,14,1,0,0,1,0,0,0,0,0,0,3.5013978,0,0,0
16,7,1,0,0,0,0,0,0,0,0,0,3.3278196,0,0,0
19,10,1,0,0,0,0,0,0,0,0,0,3.6818807,0,0,0
16,7,1,0,0,0,0,0,0,0,0,0,3.4056392,0,0,0
22,13,1,0,0,0,0,0,0,0,0,0,3.6635327,0,0,0
17,8,1,0,0,0,0,0,0,0,0,0,3.6901164,0,0,0
19,10,1,0,0,0,0,0,0,0,0,0,3.787144,0,0,0
18,9,1,0,0,0,0,0,0,0,0,0,3.4193819,0,0,0
22,13,1,0,0,0,0,0,0,0,0,0,3.879664,0,0,0
22,13,1,0,0,0,0,0,0,0,0,0,3.6292198,0,0,0
19,10,1,0,0,0,0,0,0,0,0,0,3.6818807,0,0,0
25,16,1,0,0,1,0,0,0,0,0,0,3.7532697,0,0,0
22,13,1,0,0,0,0,0,0,0,0,0,3.93626,0,0,0
26,17,1,0,0,0,0,0,0,0,0,0,3.8150723,0,0,0
18,9,1,0,0,0,0,0,0,0,0,0,3.5724313,0,0,0
18,9,1,0,0,0,0,0,0,0,0,0,3.4613202,0,0,0
22,13,1,0,0,1,0,0,0,0,0,0,3.93626,0,0,0
26,17,1,0,0,0,0,0,0,0,0,0,3.6423714,0,0,0
20,11,1,0,0,0,0,0,0,0,0,0,3.7841837,0,0,0
20,11,1,0,0,0,0,0,0,0,0,0,3.608695,0,0,0
18,9,1,0,0,0,0,0,0,0,0,0,3.4193819,0,0,0
20,11,1,0,0,0,0,0,0,0,0,0,3.6464393,0,0,0
29,20,1,0,0,0,0,0,0,0,0,0,4.1852303,0,0,0
15,6,1,0,0,0,0,0,0,0,0,0,3.3232315,0,0,0
22,13,1,0,0,0,0,0,0,0,0,0,3.6635327,0,0,0
21,12,1,0,0,0,0,0,0,0,0,0,3.7130477,0,0,0
16,7,1,0,0,0,0,0,0,0,0,0,3.4528196,0,0,0
21,12,1,0,0,0,0,0,0,0,0,0,3.6537566,0,0,0
20,11,1,0,0,0,0,0,0,0,0,0,3.4464393,0,0,0
18,9,1,0,0,0,0,0,0,0,0,0,3.6835423,0,0,0
22,13,1,0,0,1,0,0,0,0,0,0,3.879664,0,0,0
17,8,1,0,0,0,0,0,0,0,0,0,3.5280643,0,0,0
20,11,1,0,0,0,0,0,0,0,0,0,3.7841837,0,0,0
22,13,1,0,0,0,0,0,0,0,0,0,3.7544417,0,0,0
20,11,1,0,0,0,0,0,0,0,0,0,3.6841838,0,0,0
15,6,1,0,0,0,0,0,0,0,0,0,3.4565647,0,0,0
20,11,1,0,0,0,0,0,0,0,0,0,3.5464394,0,0,0
18,9,1,0,0,0,0,0,0,0,0,0,3.5724313,0,0,0
20,11,1,0,0,0,0,0,0,0,0,0,3.6464393,0,0,0
19,10,1,0,0,0,0,0,0,0,0,0,3.6818807,0,0,0
18,9,1,0,0,0,0,0,0,0,0,0,3.5724313,0,0,0
28,19,1,0,0,0,0,0,0,0,0,0,4.039149,0,0,0
20,11,1,0,0,0,0,0,0,0,0,0,3.6841838,0,0,0
19,10,1,0,0,0,0,0,0,0,0,0,3.4713545,0,0,0
22,13,1,0,0,0,0,0,0,0,0,0,3.31764,0,0,0
26,17,1,0,0,0,0,0,0,0,0,0,3.8731406,0,0,0
19,10,1,0,0,0,0,0,0,0,0,0,3.2210972,0,0,0
22,13,1,0,0,0,0,0,0,0,0,0,3.6635327,0,0,0
16,7,1,0,0,0,0,0,0,0,0,0,3.5778196,0,0,0
26,17,1,0,0,1,0,0,0,0,0,0,3.9790978,0,0,0
17,8,1,0,0,0,0,0,0,0,0,0,3.5724695,0,0,0
20,11,1,0,0,0,0,0,0,0,0,0,3.6464393,0,0,0
18,9,1,0,0,0,0,0,0,0,0,0,3.350209,0,0,0
21,12,1,0,0,0,0,0,0,0,0,0,3.6897037,0,0,0
18,9,1,0,1,0,0,0,0,0,0,0,3.6835423,0,0,0
27,18,1,0,0,0,0,0,0,0,0,0,3.708048,0,0,0
18,9,1,0,0,0,0,0,0,0,0,0,3.6835423,0,0,0
17,8,1,0,0,0,0,0,0,0,0,0,3.2927701,0,0,0
20,11,1,0,0,0,0,0,0,0,0,0,3.5464394,0,0,0
21,12,1,0,0,0,0,0,0,0,0,0,3.6537566,0,0,0
19,10,1,0,0,0,0,0,0,0,0,0,3.7474132,0,0,0
18,9,1,0,0,0,0,0,0,0,0,0,3.6416042,0,0,0
19,10,1,0,0,1,0,0,0,0,0,0,3.5766177,0,0,0
19,10,1,0,0,0,0,0,0,0,0,0,3.2866294,0,0,0
23,14,1,0,0,1,0,0,0,0,0,0,3.708132,0,0,0
24,15,1,0,0,0,0,0,0,0,0,0,3.8553886,0,0,0
20,11,1,0,0,0,0,0,0,0,0,0,3.408695,0,0,0
26,17,1,0,0,0,0,0,0,0,0,0,3.8441064,0,0,0
21,12,1,0,0,0,0,0,0,0,0,0,3.6537566,0,0,0
20,11,1,0,0,0,0,0,0,0,0,0,3.6841838,0,0,0
16,7,1,0,0,0,0,0,0,0,0,0,3.5778196,0,0,0
29,20,1,0,0,0,0,0,0,0,0,0,3.8833375,0,0,0
16,7,1,0,0,0,0,0,0,0,0,0,3.3278196,0,0,0
24,15,1,0,0,0,0,0,0,0,0,0,3.7720551,0,0,0
30,21,1,0,0,0,0,0,0,0,0,0,3.7362435,0,0,0
17,8,1,0,0,0,0,0,0,0,0,0,3.2927701,0,0,0
19,10,1,0,0,0,0,0,0,0,0,0,3.64215,0,0,0
20,11,1,0,0,0,0,0,0,0,0,0,3.4841838,0,0,0
25,16,1,0,0,0,0,0,0,0,0,0,3.9434652,0,0,0
20,11,1,0,0,0,0,0,0,0,0,0,3.7464395,0,0,0
16,7,1,0,0,0,0,0,0,0,0,0,3.4528196,0,0,0
19,10,1,0,0,0,0,0,0,0,0,0,3.6818807,0,0,0
18,9,1,0,0,0,0,0,0,0,0,0,3.4193819,0,0,0
18,9,1,0,0,0,0,0,0,0,0,0,3.6835423,0,0,0
20,11,1,0,0,0,0,0,0,0,0,0,3.7841837,0,0,0
20,11,1,0,0,0,0,0,0,0,0,0,3.3841836,0,0,0
23,14,1,0,0,0,0,0,0,0,0,0,4.0559583,0,0,0
21,12,1,0,0,0,0,0,0,0,0,0,3.939471,0,0,0
22,13,1,0,0,0,0,0,0,0,0,0,3.5726237,0,0,0
22,13,1,0,2,1,0,0,0,0,0,0,3.93626,0,0,0
17,8,1,0,0,0,0,0,0,0,0,0,3.5724695,0,0,0
22,13,1,0,0,0,0,0,0,0,0,0,3.7544417,0,0,0
23,14,1,0,0,0,0,0,0,0,0,0,3.7622674,0,0,0
17,8,1,0,0,0,0,0,0,0,0,0,3.5724695,0,0,0
16,7,1,0,0,0,0,0,0,0,0,0,3.2806392,0,0,0
17,8,1,0,0,0,0,0,0,0,0,0,3.4548223,0,0,0
23,14,1,0,0,0,0,0,0,0,0,0,3.882045,0,0,0
24,15,1,0,0,0,0,0,0,0,0,0,4.022055,0,0,0
20,11,1,0,0,0,0,0,0,0,0,0,3.3841836,0,0,0
19,10,1,0,0,0,0,0,0,0,0,0,3.2608283,0,0,0
19,10,1,0,0,0,0,0,0,0,0,0,3.3263605,0,0,0
20,11,1,0,1,0,0,0,0,0,0,0,3.5464394,0,0,0
21,12,1,0,1,0,0,0,0,0,0,0,3.6537566,0,0,0
19,10,1,0,0,0,0,0,0,0,0,0,3.4713545,0,0,0
23,14,1,0,0,1,0,0,0,0,0,0,3.8492239,0,0,0
22,13,1,0,2,1,0,0,0,0,0,0,3.93626,0,0,0
31,22,1,0,0,0,0,0,0,0,0,0,3.735666,0,0,0
24,15,1,0,0,0,0,0,0,0,0,0,3.8553886,0,0,0
20,11,1,0,0,0,0,0,0,0,0,0,3.7464395,0,0,0
22,13,1,0,0,0,0,0,0,0,0,0,3.6069367,0,0,0
20,11,1,0,0,0,0,0,0,0,0,0,3.8841836,0,0,0
15,6,1,0,0,0,0,0,0,0,0,0,3.189898,0,0,0
18,9,1,0,0,0,0,0,0,0,0,0,3.6835423,0,0,0
21,12,1,0,0,0,0,0,0,0,0,0,3.784942,0,0,0
18,9,1,0,0,0,0,0,0,0,0,0,3.4193819,0,0,0
15,6,1,0,0,0,0,0,0,0,0,0,3.3232315,0,0,0
24,15,1,0,0,0,0,0,0,0,0,0,3.6572683,0,0,0
24,15,1,0,0,0,0,0,0,0,0,0,3.6368423,0,0,0
23,14,1,0,0,0,0,0,0,0,0,0,3.7622674,0,0,0
28,19,1,0,0,0,0,0,0,0,0,0,3.9946804,0,0,0
26,17,1,0,1,0,0,0,0,0,0,0,3.9021747,0,0,0
17,8,1,0,1,0,0,0,0,0,0,0,3.6901164,0,0,0
15,6,1,0,0,0,0,0,0,0,0,0,3.4565647,0,0,0
21,12,1,0,0,0,0,0,0,0,0,0,3.7489948,0,0,0
16,7,1,0,0,0,0,0,0,0,0,0,3.4528196,0,0,0
22,13,1,0,0,0,0,0,0,0,0,0,3.879664,0,0,0
21,12,1,0,0,0,0,0,0,0,0,0,3.5225716,0,0,0
25,16,1,0,0,0,0,0,0,0,0,0,3.863465,0,0,0
25,16,1,0,0,0,0,0,0,0,0,0,3.9434652,0,0,0
24,15,1,0,0,0,0,0,0,0,0,0,3.688722,0,0,0
23,14,1,0,0,0,0,0,0,0,0,0,3.7294462,0,0,0
26,17,1,0,0,0,0,0,0,0,0,0,3.7962177,0,0,0
29,20,1,0,0,0,0,0,0,0,0,0,4.090234,0,0,0
26,17,1,0,0,0,0,0,0,0,0,0,3.7192945,0,0,0
23,14,1,0,0,0,0,0,0,0,0,0,3.6096685,0,0,0
27,18,1,0,0,0,0,0,0,0,0,0,3.6898916,0,0,0
24,15,1,0,0,0,0,0,0,0,0,0,3.7720551,0,0,0
18,9,1,0,0,0,0,0,0,0,0,0,3.4193819,0,0,0
15,6,1,0,0,0,0,0,0,0,0,0,3.4565647,0,0,0
17,8,1,0,0,0,0,0,0,0,0,0,3.5724695,0,0,0
18,9,1,0,0,0,0,0,0,0,0,0,3.4613202,0,0,0
19,10,1,0,0,0,0,0,0,0,0,0,3.787144,0,0,0
20,11,1,0,0,0,0,0,0,0,0,0,3.5464394,0,0,0
23,14,1,0,0,0,0,0,0,0,0,0,3.882045,0,0,0
22,13,1,0,0,0,0,0,0,0,0,0,3.5383105,0,0,0
24,15,1,0,0,0,0,0,0,0,0,0,3.4906015,0,0,0
22,13,1,0,0,0,0,0,0,0,0,0,3.5726237,0,0,0
18,9,1,0,0,0,0,0,0,0,0,0,3.7946534,0,0,0
28,19,1,0,0,0,0,0,0,0,0,0,3.8693314,0,0,0
19,10,1,0,0,0,0,0,0,0,0,0,3.4316235,0,0,0
19,10,1,0,0,0,0,0,0,0,0,0,3.5766177,0,0,0
18,9,1,0,0,0,0,0,0,0,0,0,3.5724313,0,0,0
18,9,1,0,0,0,0,0,0,0,0,0,3.2390978,0,0,0
23,14,1,0,0,0,0,0,0,0,0,0,3.7622674,0,0,0
19,10,1,0,2,0,0,0,0,0,0,0,3.787144,0,0,0
15,6,1,0,0,0,0,0,0,0,0,0,3.4565647,0,0,0
21,12,1,0,0,0,0,0,0,0,0,0,3.6537566,0,0,0
22,13,1,0,0,0,0,0,0,0,0,0,3.6292198,0,0,0
22,13,1,0,2,1,0,0,0,0,0,0,3.93626,0,0,0
22,13,1,0,2,1,0,0,0,0,0,0,3.93626,0,0,0
20,11,1,0,0,0,0,0,0,0,0,0,3.6841838,0,0,0
19,10,1,0,0,0,0,0,0,0,0,0,3.5766177,0,0,0
22,13,1,0,0,0,0,0,0,0,0,0,3.6635327,0,0,0
29,20,1,0,0,0,0,0,0,0,0,0,3.952303,0,0,0
32,23,1,0,0,0,0,0,0,0,0,0,3.6320488,0,0,0
22,13,1,0,0,0,0,0,0,0,0,0,3.6069367,0,0,0
21,12,1,0,0,1,0,0,0,0,0,0,3.5585186,0,0,0
16,7,1,0,0,0,0,0,0,0,0,0,3.4528196,0,0,0
18,9,1,0,0,0,0,0,0,0,0,0,3.5724313,0,0,0
24,15,1,0,0,0,0,0,0,0,0,0,3.938722,0,0,0
22,13,1,0,0,0,0,0,0,0,0,0,3.697846,0,0,0
22,13,1,0,0,0,0,0,0,0,0,0,3.6292198,0,0,0
17,8,1,0,0,0,0,0,0,0,0,0,3.4548223,0,0,0
21,12,1,0,0,0,0,0,0,0,0,0,3.4273336,0,0,0
18,9,1,0,0,0,0,0,0,0,0,0,3.5724313,0,0,0
18,9,1,0,0,1,0,0,0,0,0,0,3.7946534,0,0,0
17,8,1,0,0,0,0,0,0,0,0,0,3.5724695,0,0,0
20,11,1,0,0,0,0,0,0,0,0,0,3.6464393,0,0,0
23,14,1,0,0,0,0,0,0,0,0,0,3.344457,0,0,0
16,7,1,0,0,0,0,0,0,0,0,0,3.5778196,0,0,0
19,10,1,0,2,0,0,0,0,0,0,0,3.787144,0,0,0
18,9,1,0,0,0,0,0,0,0,0,0,3.4193819,0,0,0
20,11,1,0,0,0,0,0,0,0,0,0,3.6841838,0,0,0
22,13,1,0,0,0,0,0,0,0,0,0,3.7544417,0,0,0
22,13,1,0,0,0,0,0,0,0,0,0,3.788755,0,0,0
20,11,1,0,0,0,0,0,0,0,0,0,3.7841837,0,0,0
15,6,1,0,0,0,0,0,0,0,0,0,3.3232315,0,0,0
19,10,1,0,0,0,0,0,0,0,0,0,3.64215,0,0,0
25,16,1,0,0,0,0,0,0,0,0,0,3.7834651,0,0,0
19,10,1,0,0,0,0,0,0,0,0,0,3.5368867,0,0,0
21,12,1,0,0,0,0,0,0,0,0,0,3.5585186,0,0,0
25,16,1,0,0,0,0,0,0,0,0,0,4.133661,0,0,0
27,18,1,0,0,0,0,0,0,0,0,0,4.0323033,0,0,0
14,5,1,0,2,0,0,0,0,0,0,0,3.324863,0,0,0
19,10,1,0,0,0,0,0,0,0,0,0,3.6818807,0,0,0
23,14,1,0,0,0,0,0,0,0,0,0,3.7950885,0,0,0
20,11,1,0,0,0,0,0,0,0,0,0,3.6841838,0,0,0
28,19,1,0,0,0,0,0,0,0,0,0,3.726474,0,0,0
21,12,1,0,1,0,0,0,0,0,0,0,3.8442328,0,0,0
18,9,1,0,0,0,0,0,0,0,0,0,3.350209,0,0,0
21,12,1,0,0,0,0,0,0,0,0,0,3.975418,0,0,0
19,10,1,0,0,0,0,0,0,0,0,0,3.64215,0,0,0
23,14,1,0,1,1,0,0,0,0,0,0,3.6753109,0,0,0
28,19,1,0,0,0,0,0,0,0,0,0,3.8693314,0,0,0
24,15,1,0,0,1,0,0,0,0,0,0,3.7720551,0,0,0
21,12,1,0,0,0,0,0,0,0,0,0,3.2728043,0,0,0
19,10,1,0,0,0,0,0,0,0,0,0,3.787144,0,0,0
18,9,1,0,0,0,0,0,0,0,0,0,3.6835423,0,0,0
21,12,1,0,0,0,0,0,0,0,0,0,3.4039896,0,0,0
25,16,1,0,0,0,0,0,0,0,0,0,3.863465,0,0,0
18,9,1,0,0,0,0,0,0,0,0,0,3.5724313,0,0,0
19,10,1,0,0,0,0,0,0,0,0,0,3.4316235,0,0,0
18,9,1,0,0,0,0,0,0,0,0,0,3.4613202,0,0,0
17,8,1,0,0,0,0,0,0,0,0,0,3.5280643,0,0,0
19,10,1,0,0,0,0,0,0,0,0,0,3.5766177,0,0,0
23,14,1,0,0,0,0,0,0,0,0,0,3.6753109,0,0,0
21,12,1,0,0,0,0,0,0,0,0,0,3.4992275,0,0,0
22,13,1,0,0,0,0,0,0,0,0,0,3.5383105,0,0,0
16,7,1,0,0,0,0,0,0,0,0,0,3.0306392,0,0,0
22,13,1,0,0,0,0,0,0,0,0,0,3.5726237,0,0,0
23,14,1,0,0,0,0,0,0,0,0,0,3.708132,0,0,0
22,13,1,0,0,0,0,0,0,0,0,0,3.5160277,0,0,0
21,12,1,0,0,1,0,0,0,0,0,0,3.3680425,0,0,0
18,9,1,0,0,0,0,0,0,0,0,0,3.5724313,0,0,0
25,16,1,0,0,1,0,0,0,0,0,0,4.053661,0,0,0
18,9,1,0,0,0,0,0,0,0,0,0,3.7946534,0,0,0
21,12,1,0,0,0,0,0,0,0,0,0,3.5225716,0,0,0
16,7,1,0,0,0,0,0,0,0,0,0,3.5778196,0,0,0
23,14,1,0,0,0,0,0,0,0,0,0,3.2946637,0,0,0
18,9,1,0,0,0,0,0,0,0,0,0,3.530493,0,0,0
16,7,1,0,0,0,0,0,0,0,0,0,3.1084585,0,0,0
17,8,1,0,0,0,0,0,0,0,0,0,3.5724695,0,0,0
18,9,1,0,0,0,0,0,0,0,0,0,3.4193819,0,0,0
15,6,1,0,0,0,0,0,0,0,0,0,3.3232315,0,0,0
21,12,1,0,0,0,0,0,0,0,0,0,3.7489948,0,0,0
19,10,1,0,0,0,0,0,0,0,0,0,3.4713545,0,0,0
19,10,1,0,0,0,0,0,0,0,0,0,3.5766177,0,0,0
22,13,1,0,2,1,0,0,0,0,0,0,3.93626,0,0,0
23,14,1,0,0,0,0,0,0,0,0,0,3.708132,0,0,0
21,12,1,0,2,0,0,0,0,0,0,0,3.5585186,0,0,0
22,13,1,0,0,0,0,0,0,0,0,0,3.697846,0,0,0
21,12,1,0,0,0,0,0,0,0,0,0,3.6897037,0,0,0
18,9,1,0,0,0,0,0,0,0,0,0,3.4613202,0,0,0
21,12,1,0,0,0,0,0,0,0,0,0,3.6537566,0,0,0
23,14,1,0,0,0,0,0,0,0,0,0,3.6753109,0,0,0
18,9,1,0,0,0,0,0,0,0,0,0,3.127987,0,0,0
19,10,1,0,0,0,0,0,0,0,0,0,3.787144,0,0,0
20,11,1,0,0,0,0,0,0,0,0,0,3.5464394,0,0,0
20,11,1,0,0,0,0,0,0,0,0,0,3.5464394,0,0,0
19,10,1,0,0,0,0,0,0,0,0,0,3.787144,0,0,0
22,13,1,0,2,1,0,0,0,0,0,0,3.845351,0,0,0
17,8,1,0,0,0,0,0,0,0,0,0,3.4548223,0,0,0
22,13,1,0,0,0,0,0,0,0,0,0,3.4817145,0,0,0
15,6,1,0,0,0,0,0,0,0,0,0,3.4565647,0,0,0
20,11,1,0,0,0,0,0,0,0,0,0,3.408695,0,0,0
21,12,1,0,0,0,0,0,0,0,0,0,3.4992275,0,0,0
20,11,1,0,0,0,0,0,0,0,0,0,3.7841837,0,0,0
23,14,1,0,0,0,0,0,0,0,0,0,3.7950885,0,0,0
26,17,1,0,0,0,0,0,0,0,0,0,3.9500637,0,0,0
22,13,1,0,0,0,0,0,0,0,0,0,3.5039976,0,0,0
20,11,1,0,0,0,0,0,0,0,0,0,3.5841837,0,0,0
21,12,1,0,2,0,0,0,0,0,0,0,3.8442328,0,0,0
26,17,1,0,0,0,0,0,0,0,0,0,3.8441064,0,0,0
18,9,1,0,0,0,0,0,0,0,0,0,3.5724313,0,0,0
20,11,1,0,0,0,0,0,0,0,0,0,3.6841838,0,0,0
16,7,1,0,0,0,0,0,0,0,0,0,3.4528196,0,0,0
19,10,1,0,0,0,0,0,0,0,0,0,3.5368867,0,0,0
23,14,1,0,0,0,0,0,0,0,0,0,3.9690015,0,0,0
25,16,1,0,0,0,0,0,0,0,0,0,3.9434652,0,0,0
27,18,1,0,0,0,0,0,0,0,0,0,4.0784187,0,0,0
20,11,1,0,0,0,0,0,0,0,0,0,3.6841838,0,0,0
19,10,1,0,0,0,0,0,0,0,0,0,3.3263605,0,0,0
27,18,1,0,0,0,0,0,0,0,0,0,3.810081,0,0,0
22,13,1,0,0,0,0,0,0,0,0,0,3.5160277,0,0,0
25,16,1,0,0,0,0,0,0,0,0,0,3.8936608,0,0,0
19,10,1,0,0,0,0,0,0,0,0,0,3.64215,0,0,0
18,9,1,0,0,0,0,0,0,0,0,0,3.5724313,0,0,0
14,5,1,0,0,0,0,0,0,0,0,0,3.324863,0,0,0
16,7,1,0,0,0,0,0,0,0,0,0,3.4528196,0,0,0
18,9,1,0,0,0,0,0,0,0,0,0,3.4193819,0,0,0
22,13,1,0,0,0,0,0,0,0,0,0,3.5383105,0,0,0
24,15,1,0,0,1,0,0,0,0,0,0,3.8553886,0,0,0
17,8,1,0,0,0,0,0,0,0,0,0,3.1751232,0,0,0
29,20,1,0,0,3,0,0,0,0,0,0,3.874211,0,0,0
21,12,1,0,0,0,0,0,0,0,0,0,3.6178098,0,0,0
25,16,1,0,0,0,0,0,0,0,0,0,3.669275,0,0,0
25,16,1,0,0,0,0,0,0,0,0,0,4.053661,0,0,0
17,8,1,0,0,0,0,0,0,0,0,0,3.6901164,0,0,0
17,8,1,0,0,0,0,0,0,0,0,0,3.5724695,0,0,0
19,10,1,0,0,0,0,0,0,0,0,0,3.3660913,0,0,0
24,15,1,0,0,0,0,0,0,0,0,0,3.8553886,0,0,0
20,11,1,0,0,0,0,0,0,0,0,0,3.6464393,0,0,0
25,16,1,0,0,0,0,0,0,0,0,0,3.7034652,0,0,0
21,12,1,0,0,0,0,0,0,0,0,0,3.5944657,0,0,0
20,11,1,0,0,0,0,0,0,0,0,0,3.6464393,0,0,0
24,15,1,0,0,0,0,0,0,0,0,0,3.938722,0,0,0
19,10,1,0,0,0,0,0,0,0,0,0,3.64215,0,0,0
23,14,1,0,0,0,0,0,0,0,0,0,4.142915,0,0,0
20,11,1,0,0,0,0,0,0,0,0,0,3.3841836,0,0,0
22,13,1,0,0,0,0,0,0,0,0,0,3.5383105,0,0,0
15,6,1,0,0,0,0,0,0,0,0,0,3.2729056,0,0,0
17,8,1,0,0,0,0,0,0,0,0,0,3.4104173,0,0,0
17,8,1,0,0,0,0,0,0,0,0,0,3.2927701,0,0,0
22,13,1,0,0,0,0,0,0,0,0,0,3.6292198,0,0,0
17,8,1,0,0,0,0,0,0,0,0,0,3.5724695,0,0,0
14,5,1,0,1,0,0,0,0,0,0,0,3.324863,0,0,0
15,6,1,0,0,0,0,0,0,0,0,0,3.3232315,0,0,0
21,12,1,0,0,0,0,0,0,0,0,0,3.6178098,0,0,0
20,11,1,0,0,0,0,0,0,0,0,0,3.6841838,0,0,0
20,11,1,0,0,0,0,0,0,0,0,0,3.7841837,0,0,0
22,13,1,0,0,0,0,0,0,0,0,0,3.5383105,0,0,0
21,12,1,0,0,1,0,0,0,0,0,0,3.7489948,0,0,0
27,18,1,0,0,0,0,0,0,0,0,0,3.9023116,0,0,0
19,10,1,0,0,0,0,0,0,0,0,0,3.4316235,0,0,0
23,14,1,0,0,0,0,0,0,0,0,0,3.6424897,0,0,0
18,9,1,0,0,0,0,0,0,0,0,0,3.5724313,0,0,0
19,10,1,0,0,0,0,0,0,0,0,0,3.64215,0,0,0
23,14,1,0,0,0,0,0,0,0,0,0,3.6211755,0,0,0
20,11,1,0,0,0,0,0,0,0,0,0,3.6464393,0,0,0
20,11,1,0,0,0,0,0,0,0,0,0,3.6841838,0,0,0
18,9,1,0,0,0,0,0,0,0,0,0,3.7946534,0,0,0
18,9,1,0,0,0,0,0,0,0,0,0,3.4193819,0,0,0
23,14,1,0,0,0,0,0,0,0,0,0,3.7622674,0,0,0
21,12,1,0,0,0,0,0,0,0,0,0,3.4992275,0,0,0
20,11,1,0,0,0,0,0,0,0,0,0,3.8841836,0,0,0
14,5,1,0,0,0,0,0,0,0,0,0,3.182006,0,0,0
20,11,1,0,0,0,0,0,0,0,0,0,3.6464393,0,0,0
15,6,1,0,0,0,0,0,0,0,0,0,3.3232315,0,0,0
20,11,1,0,0,0,0,0,0,0,0,0,3.7841837,0,0,0
29,20,1,0,0,0,0,0,0,0,0,0,4.047299,0,0,0
17,8,1,0,0,0,0,0,0,0,0,0,3.5280643,0,0,0
20,11,1,0,0,0,0,0,0,0,0,0,3.7464395,0,0,0
17,8,1,0,0,0,0,0,0,0,0,0,3.3371754,0,0,0
22,13,1,0,0,0,0,0,0,0,0,0,3.6292198,0,0,0
15,6,1,0,0,0,0,0,0,0,0,0,3.3232315,0,0,0
19,10,1,0,2,0,0,0,0,0,0,0,3.6818807,0,0,0
16,7,1,0,0,0,0,0,0,0,0,0,3.2028196,0,0,0
18,9,1,0,0,0,0,0,0,0,0,0,3.4613202,0,0,0
20,11,1,0,0,0,0,0,0,0,0,0,3.408695,0,0,0
21,12,1,0,0,0,0,0,0,0,0,0,3.784942,0,0,0
20,11,1,0,0,0,0,0,0,0,0,0,3.508695,0,0,0
18,9,1,0,0,0,0,0,0,0,0,0,3.530493,0,0,0
22,13,1,0,0,0,0,0,0,0,0,0,3.6635327,0,0,0
20,11,1,0,0,0,0,0,0,0,0,0,3.7841837,0,0,0
20,11,1,0,0,0,0,0,0,0,0,0,3.7841837,0,0,0
18,9,1,0,0,0,0,0,0,0,0,0,3.5724313,0,0,0
16,7,1,0,0,0,0,0,0,0,0,0,3.4528196,0,0,0
18,9,1,0,0,0,0,0,0,0,0,0,3.5724313,0,0,0
22,13,1,0,0,0,0,0,0,0,0,0,3.5949066,0,0,0
22,13,1,0,2,1,0,0,0,0,0,0,3.93626,0,0,0
15,6,1,0,0,0,0,0,0,0,0,0,3.3232315,0,0,0
19,10,1,0,0,0,0,0,0,0,0,0,3.3263605,0,0,0
22,13,1,0,0,0,0,0,0,0,0,0,3.5726237,0,0,0
20,11,1,0,0,0,0,0,0,0,0,0,3.6464393,0,1,0
31,22,1,0,1,0,0,0,0,0,0,0,3.950344,0,0,0
20,11,1,0,0,0,0,0,0,0,0,0,3.6464393,0,0,0
21,12,1,0,0,0,0,0,0,0,0,0,3.5585186,0,0,0
26,17,1,0,0,0,0,0,0,0,0,0,3.8150723,0,0,0
19,10,1,0,0,0,0,0,0,0,0,0,3.4713545,0,0,0
20,11,1,0,0,0,0,0,0,0,0,0,3.7464395,0,0,0
21,12,1,0,0,0,0,0,0,0,0,0,3.6537566,0,0,0
15,6,1,0,0,0,0,0,0,0,0,0,3.4565647,0,0,0
26,17,1,0,0,0,0,0,0,0,0,0,3.9021747,0,0,0
25,16,1,0,0,0,0,0,0,0,0,0,3.7230742,0,0,0
23,14,1,0,0,0,0,0,0,0,0,0,3.708132,0,0,0
18,9,1,0,0,0,0,0,0,0,0,0,3.6835423,0,0,0
23,14,1,0,0,0,0,0,0,0,0,0,3.696625,0,0,0
18,9,1,0,0,0,0,0,0,0,0,0,3.6835423,0,0,0
20,11,1,0,0,0,0,0,0,0,0,0,3.7464395,0,0,0
21,12,1,0,0,0,0,0,0,0,0,0,3.88018,0,0,0
15,6,1,0,0,0,0,0,0,0,0,0,3.4565647,0,0,0
20,11,1,0,1,0,0,0,0,0,0,0,3.8841836,0,0,0
20,11,1,0,0,0,0,0,0,0,0,0,3.3464394,0,0,0
23,14,1,0,0,0,0,0,0,0,0,0,3.7950885,0,0,0
20,11,1,0,0,0,0,0,0,0,0,0,3.7464395,0,0,0
22,13,1,0,0,0,0,0,0,0,0,0,3.6292198,0,0,0
23,14,1,0,0,0,0,0,0,0,0,0,3.9361804,0,0,0
29,20,1,0,0,0,0,0,0,0,0,0,3.857307,0,0,0
35,26,1,0,1,1,0,0,0,0,0,0,3.821442,0,0,0
16,7,1,0,0,0,0,0,0,0,0,0,3.5778196,0,0,0
21,12,1,0,0,0,0,0,0,0,0,0,3.6178098,0,0,0
20,11,1,0,0,0,0,0,0,0,0,0,3.8841836,0,0,0
20,11,1,0,1,0,0,0,0,0,0,0,3.7841837,0,0,0
15,6,1,0,0,0,0,0,0,0,0,0,3.1395721,0,0,0
20,11,1,0,0,0,0,0,0,0,0,0,3.5464394,0,0,0
19,10,1,0,0,0,0,0,0,0,0,0,3.5766177,0,0,0
20,11,1,0,0,0,0,0,0,0,0,0,3.7841837,0,0,0
21,12,1,0,0,0,0,0,0,0,0,0,3.6537566,0,0,0
20,11,1,0,0,0,0,0,0,0,0,0,3.4841838,0,0,0
20,11,1,0,0,0,0,0,0,0,0,0,3.9841838,0,0,0
29,20,1,0,0,0,0,0,0,0,0,0,4.1852303,0,0,0
22,13,1,0,0,0,0,0,0,0,0,0,3.5160277,0,0,0
21,12,1,0,0,0,0,0,0,0,0,0,3.6537566,0,0,0
20,11,1,0,0,0,0,0,0,0,0,0,3.508695,0,0,0
24,15,1,0,0,0,0,0,0,0,0,0,3.938722,0,0,0
14,5,1,0,1,0,0,0,0,0,0,0,3.182006,0,0,0
19,10,1,0,0,0,0,0,0,0,0,0,3.3918927,0,0,0
17,8,1,0,0,0,0,0,0,0,0,0,3.5724695,0,0,0
20,11,1,0,0,0,0,0,0,0,0,0,3.8841836,0,0,0
14,5,1,0,0,0,0,0,0,0,0,0,2.985228,0,0,0
16,7,1,0,0,0,0,0,0,0,0,0,3.4528196,0,0,0
21,12,1,0,0,0,0,0,0,0,0,0,3.5944657,0,0,0
20,11,1,0,0,0,0,0,0,0,0,0,3.7841837,0,0,0
18,9,1,0,0,0,0,0,0,0,0,0,3.1971598,0,0,0
26,17,1,0,0,0,0,0,0,0,0,0,3.9500637,0,0,0
22,13,1,0,0,0,0,0,0,0,0,0,3.7201288,0,0,0
16,7,1,0,2,0,0,0,0,0,0,0,3.4056392,0,0,0
21,12,1,0,1,0,0,0,0,0,0,0,3.784942,0,0,0
17,8,1,0,0,0,0,0,0,0,0,0,3.6901164,0,0,0
18,9,1,0,0,0,0,0,0,0,0,0,3.6835423,0,0,0
23,14,1,0,0,0,0,0,0,0,0,0,3.9361804,0,0,0
22,13,1,0,0,0,0,0,0,0,0,0,3.4817145,0,0,0
23,14,1,0,0,0,0,0,0,0,0,0,3.7950885,0,0,0
23,14,1,0,0,0,0,0,0,0,0,0,3.882045,0,0,0
26,17,1,0,0,0,0,0,0,0,0,0,3.8441064,0,0,0
15,6,1,0,0,0,0,0,0,0,0,0,3.189898,0,0,0
21,12,1,0,0,0,0,0,0,0,0,0,3.2368574,0,0,0
22,13,1,0,0,0,0,0,0,0,0,0,3.5039976,0,0,0
20,11,1,0,0,0,0,0,0,0,0,0,3.6841838,0,0,0
21,12,1,0,0,0,0,0,0,0,0,0,3.7489948,0,0,0
22,13,1,0,0,0,0,0,0,0,0,0,3.788755,0,0,0
22,13,1,0,0,0,0,0,0,0,0,0,3.9705732,0,0,0
21,12,1,0,0,0,0,0,0,0,0,0,3.7489948,0,0,0
22,13,1,0,0,0,0,0,0,0,0,0,3.879664,0,0,0
24,15,1,0,0,0,0,0,0,0,0,0,3.6258147,0,0,0
23,14,1,0,0,0,0,0,0,0,0,0,3.9361804,0,0,0
19,10,1,0,0,0,0,0,0,0,0,0,3.6818807,0,0,0
14,5,1,0,0,0,0,0,0,0,0,0,3.182006,0,0,0
24,15,1,0,0,0,0,0,0,0,0,0,3.8868423,0,0,0
23,14,1,0,0,0,0,0,0,0,0,0,3.9690015,0,0,0
25,16,1,0,0,0,0,0,0,0,0,0,3.7532697,0,0,0
20,11,1,0,0,0,0,0,0,0,0,0,3.6464393,0,0,0
22,13,1,0,2,1,0,0,0,0,0,0,3.7201288,0,0,0
19,10,1,0,0,0,0,0,0,0,0,0,3.787144,0,0,0
14,5,1,0,0,0,0,0,0,0,0,0,3.182006,0,0,0
20,11,1,0,0,0,0,0,0,0,0,0,3.8841836,0,0,0
36,27,1,0,0,0,0,0,0,0,0,0,4.0623055,0,0,0
22,13,1,0,2,1,0,0,0,0,0,0,3.93626,0,0,0
26,17,1,0,0,0,0,0,0,0,0,0,3.9210296,0,0,0
14,5,1,0,0,0,0,0,0,0,0,0,2.985228,0,0,0
17,8,1,0,0,0,0,0,0,0,0,0,3.5724695,0,0,0
25,16,1,0,0,0,0,0,0,0,0,0,3.7532697,0,0,0
21,12,1,0,0,0,0,0,0,0,0,0,3.6537566,0,0,0
18,9,1,0,0,0,0,0,0,0,0,0,3.7946534,0,0,0
16,7,1,0,0,0,0,0,0,0,0,0,3.3278196,0,0,0
23,14,1,0,0,0,0,0,0,0,0,0,3.7950885,0,0,0
19,10,1,0,0,0,0,0,0,0,0,0,3.5368867,0,0,0
22,13,1,0,2,1,0,0,0,0,0,0,3.93626,0,0,0
15,6,1,0,0,0,0,0,0,0,0,0,3.189898,0,0,0
17,8,1,0,0,0,0,0,0,0,0,0,3.6901164,0,0,0
21,12,1,0,0,0,0,0,0,0,0,0,3.5585186,0,0,0
20,11,1,0,1,0,0,0,0,0,0,0,3.6464393,0,0,0
15,6,1,0,0,0,0,0,0,0,0,0,3.3232315,0,0,0
22,13,1,0,0,0,0,0,0,0,0,0,3.788755,0,0,0
18,9,1,0,0,0,0,0,0,0,0,0,3.5724313,0,0,0
21,12,1,0,0,0,0,0,0,0,0,0,3.5585186,0,0,0
26,17,1,0,0,1,0,0,0,0,0,0,3.9210296,0,0,0
19,10,1,0,0,1,0,0,0,0,0,0,3.8924072,0,0,0
27,18,1,0,0,0,0,0,0,0,0,0,3.7541635,0,0,0
18,9,1,0,0,0,0,0,0,0,0,0,3.5724313,0,0,0
15,6,1,0,0,0,0,0,0,0,0,0,3.2729056,0,0,0
24,15,1,0,0,0,0,0,0,0,0,0,3.2924812,0,0,0
19,10,1,0,0,0,0,0,0,0,0,0,3.4316235,0,0,0
22,13,1,0,2,1,0,0,0,0,0,0,3.93626,0,0,0
23,14,1,0,0,0,0,0,0,0,0,0,3.8492239,0,0,0
18,9,1,0,0,0,0,0,0,0,0,0,3.6835423,0,0,0
20,11,1,0,0,0,0,0,0,0,0,0,3.6841838,0,0,0
22,13,1,0,0,0,0,0,0,0,0,0,3.93626,0,0,0
15,6,1,0,0,0,0,0,0,0,0,0,3.2729056,0,0,0
21,12,1,0,0,0,0,0,0,0,0,0,3.5225716,0,0,0
22,13,1,0,0,0,0,0,0,0,0,0,3.7544417,0,0,0
22,13,1,0,0,1,0,0,0,0,0,0,3.7544417,0,0,0
22,13,1,0,0,0,0,0,0,0,0,0,3.879664,0,0,0
18,9,1,0,0,0,0,0,0,0,0,0,3.4613202,0,0,0
22,13,1,0,0,0,0,0,0,0,0,0,3.6635327,0,0,0
22,13,1,0,0,0,0,0,0,0,0,0,3.697846,0,0,0
21,12,1,0,0,0,0,0,0,0,0,0,3.6897037,0,0,0
16,7,1,0,0,0,0,0,0,0,0,0,3.5778196,0,0,0
18,9,1,0,0,0,0,0,0,0,0,0,3.4193819,0,0,0
21,12,1,0,0,0,0,0,0,0,0,0,3.5585186,0,0,0
19,10,1,0,0,0,0,0,0,0,0,0,3.64215,0,0,0
16,7,1,0,0,0,0,0,0,0,0,0,3.4056392,0,0,0
22,13,1,0,0,0,0,0,0,0,0,0,3.7201288,0,0,0
15,6,1,0,0,0,0,0,0,0,0,0,3.189898,0,0,0
21,12,1,0,0,0,0,0,0,0,0,0,3.5225716,0,0,0
22,13,1,0,0,0,0,0,0,0,0,0,3.6292198,0,0,0
19,10,1,0,0,1,0,0,0,0,0,0,3.5368867,0,0,0
22,13,1,0,2,1,0,0,0,0,0,0,3.93626,0,0,0
22,13,1,0,0,0,0,0,0,0,0,0,3.845351,0,0,0
28,19,1,0,0,0,0,0,0,0,0,0,3.8693314,0,0,0
17,8,1,0,0,0,0,0,0,0,0,0,3.4104173,0,0,0
20,11,1,0,0,0,0,0,0,0,0,0,3.5464394,0,0,0
21,12,1,0,1,0,0,0,0,0,0,0,3.8442328,0,0,0
19,10,1,0,0,0,0,0,0,0,0,0,3.4713545,0,0,0
29,20,1,0,0,0,0,0,0,0,0,0,3.8143718,0,0,0
19,10,1,0,1,0,0,0,0,0,0,0,3.3918927,0,0,0
22,13,1,0,2,1,0,0,0,0,0,0,3.93626,0,0,0
19,10,1,0,0,0,0,0,0,0,0,0,3.64215,0,0,0
25,16,1,0,0,0,0,0,0,0,0,0,3.8332696,0,0,0
22,13,1,0,2,1,0,0,0,0,0,0,3.93626,0,0,0
23,14,1,0,0,0,0,0,0,0,0,0,4.0559583,0,0,0
16,7,1,0,0,0,0,0,0,0,0,0,3.4056392,0,0,0
19,10,1,0,0,0,0,0,0,0,0,0,3.6818807,0,0,0
19,10,1,0,0,0,0,0,0,0,0,0,3.6818807,0,0,0
21,12,1,0,0,0,0,0,0,0,0,0,3.5225716,0,0,0
23,14,1,0,0,0,0,0,0,0,0,0,3.708132,0,0,0
19,10,1,0,0,0,0,0,0,0,0,0,3.5766177,0,0,0
22,13,1,0,0,0,0,0,0,0,0,0,3.697846,0,0,0
31,22,1,0,0,0,0,0,0,0,0,0,4.042433,0,0,0
16,7,1,0,0,0,0,0,0,0,0,0,3.3278196,0,0,0
22,13,1,0,0,0,0,0,0,0,0,0,3.697846,0,0,0
22,13,1,0,0,0,0,0,0,0,0,0,3.5726237,0,0,0
23,14,1,0,0,0,0,0,0,0,0,0,3.8492239,0,0,0
30,21,1,0,0,0,0,0,0,0,0,0,3.9647353,0,0,0
22,13,1,0,0,0,0,0,0,0,0,0,3.6069367,0,0,0
14,5,1,0,0,0,0,0,0,0,0,0,2.985228,0,0,0
21,12,1,0,0,0,0,0,0,0,0,0,3.5585186,0,0,0
23,14,1,0,0,0,0,0,0,0,0,0,3.8492239,0,0,0
26,17,1,0,0,0,0,0,0,0,0,0,3.7962177,0,0,0
16,7,1,0,0,0,0,0,0,0,0,0,3.4528196,0,0,0
22,13,1,0,0,1,0,0,0,0,0,0,3.9705732,0,0,0
19,10,1,0,0,0,0,0,0,0,0,0,3.787144,0,0,0
22,13,1,0,0,0,0,0,0,0,0,0,3.6292198,0,0,0
21,12,1,0,2,0,0,0,0,0,0,0,3.7130477,0,0,0
20,11,1,0,0,0,0,0,0,0,0,0,3.7841837,0,0,0
21,12,1,0,0,0,0,0,0,0,0,0,3.3913865,0,0,0
16,7,1,0,0,0,0,0,0,0,0,0,3.5778196,0,0,0
18,9,1,0,0,0,0,0,0,0,0,0,3.4193819,0,0,0
25,16,1,0,0,0,0,0,0,0,0,0,3.7230742,0,0,0
20,11,1,0,0,0,0,0,0,0,0,0,3.5841837,0,0,0
29,20,1,0,0,0,0,0,0,0,0,0,3.9262724,0,0,0
18,9,1,0,0,0,0,0,0,0,0,0,3.6835423,0,0,0
20,11,1,0,0,0,0,0,0,0,0,0,3.6464393,0,0,0
23,14,1,0,0,0,0,0,0,0,0,0,3.7622674,0,0,0
15,6,1,0,0,0,0,0,0,0,0,0,3.189898,0,0,0
16,7,1,0,0,0,0,0,0,0,0,0,3.3278196,0,0,0
22,13,1,0,0,0,0,0,0,0,0,0,3.7544417,0,0,0
21,12,1,0,0,0,0,0,0,0,0,0,3.7489948,0,0,0
20,11,1,0,0,0,0,0,0,0,0,0,3.4841838,0,0,0
21,12,1,0,0,0,0,0,0,0,0,0,3.7489948,0,0,0
22,13,1,0,0,0,0,0,0,0,0,0,3.697846,0,0,0
21,12,1,0,0,0,0,0,0,0,0,0,3.975418,0,0,0
19,10,1,0,0,0,0,0,0,0,0,0,3.5766177,0,0,0
21,12,1,0,0,0,0,0,0,0,0,0,3.88018,0,0,0
21,12,1,0,0,1,0,0,0,0,0,0,3.6537566,0,0,0
19,10,1,0,0,0,0,0,0,0,0,0,3.497156,0,0,0
19,10,1,0,0,0,0,0,0,0,0,0,3.5368867,0,0,0
19,10,1,0,0,0,0,0,0,0,0,0,3.4713545,0,0,0
16,7,1,0,0,0,0,0,0,0,0,0,3.5778196,0,0,0
24,15,1,0,0,1,0,0,0,0,0,0,3.9072683,0,0,0
18,9,1,0,0,0,0,0,0,0,0,0,3.4613202,0,0,0
18,9,1,0,0,0,0,0,0,0,0,0,3.4193819,0,0,0
25,16,1,0,0,0,0,0,0,0,0,0,3.9434652,0,0,0
20,11,1,0,0,0,0,0,0,0,0,0,3.7464395,0,0,0
16,7,1,0,0,0,0,0,0,0,0,0,3.4528196,0,0,0
19,10,1,0,0,0,0,0,0,0,0,0,3.4713545,0,0,0
22,13,1,0,2,1,0,0,0,0,0,0,3.93626,0,0,0
20,11,1,0,0,0,0,0,0,0,0,0,3.7841837,0,0,0
21,12,1,0,0,0,0,0,0,0,0,0,3.7489948,0,0,0
22,13,1,0,2,1,0,0,0,0,0,0,3.93626,0,0,0
18,9,1,0,0,0,0,0,0,0,0,0,3.5724313,0,0,0
22,13,1,0,0,0,0,0,0,0,0,0,3.4130883,0,0,0
20,11,1,0,0,0,0,0,0,0,0,0,3.8841836,0,0,0
21,12,1,0,0,0,0,0,0,0,0,0,3.8442328,0,1,0
19,10,1,0,0,0,0,0,0,0,0,0,3.5368867,0,0,0
18,9,1,0,0,0,0,0,0,0,0,0,3.6835423,0,0,0
16,7,1,0,0,0,0,0,0,0,0,0,3.3278196,0,0,0
21,12,1,0,0,0,0,0,0,0,0,0,3.2728043,0,0,0
25,16,1,0,3,0,0,0,0,0,0,0,3.7190795,0,0,0
18,9,1,0,0,0,0,0,0,0,0,0,3.4613202,0,0,0
25,16,1,0,0,0,0,0,0,0,0,0,4.023465,0,0,0
25,16,1,0,3,0,0,0,0,0,0,0,4.103465,0,0,0
25,16,1,0,0,0,0,0,0,0,0,0,3.9434652,0,0,0
21,12,1,0,0,0,0,0,0,0,0,0,3.5585186,0,0,0
22,13,1,0,0,0,0,0,0,0,0,0,3.697846,0,0,0
21,12,1,0,0,0,0,0,0,0,0,0,3.6897037,0,0,0
15,6,1,0,0,0,0,0,0,0,0,0,3.2729056,0,0,0
27,18,1,0,0,0,0,0,0,0,0,0,3.8282375,0,0,0
18,9,1,0,0,0,0,0,0,0,0,0,3.2663326,0,0,0
19,10,1,0,0,0,0,0,0,0,0,0,3.5368867,0,0,0
21,12,1,0,0,0,0,0,0,0,0,0,3.5225716,0,0,0
22,13,1,0,0,0,0,0,0,0,0,0,3.6635327,0,0,0
22,13,1,0,0,0,0,0,0,0,0,0,3.93626,0,0,0
22,13,1,0,1,0,0,0,0,0,0,0,3.7544417,0,0,0
22,13,1,0,0,0,0,0,0,0,0,0,3.788755,0,0,0
19,10,1,0,0,0,0,0,0,0,0,0,3.5766177,0,0,0
23,14,1,0,0,0,0,0,0,0,0,0,3.8164027,0,0,0
24,15,1,0,0,0,0,0,0,0,0,0,3.688722,0,0,0
21,12,1,0,0,0,0,0,0,0,0,0,3.8442328,0,0,0
22,13,1,0,2,1,0,0,0,0,0,0,3.93626,0,0,0
22,13,1,0,0,1,0,0,0,0,0,0,3.6292198,0,0,0
17,8,1,0,0,0,0,0,0,0,0,0,3.6901164,0,0,0
15,6,1,0,0,0,0,0,0,0,0,0,3.3232315,0,0,0
21,12,1,0,0,0,0,0,0,0,0,0,3.6897037,0,0,0
19,10,1,0,0,0,0,0,0,0,0,0,3.5766177,0,0,0
19,10,1,0,0,0,0,0,0,0,0,0,3.6818807,0,0,0
22,13,1,0,2,1,0,0,0,0,0,0,3.93626,0,0,0
26,17,1,0,0,0,0,0,0,0,0,0,4.0560207,0,0,0
19,10,1,0,0,0,0,0,0,0,0,0,3.4713545,0,0,0
22,13,1,0,0,0,0,0,0,0,0,0,3.6635327,0,0,0
19,10,1,0,0,0,0,0,0,0,0,0,3.5766177,0,0,0
21,12,1,0,2,1,0,0,0,0,0,0,3.6178098,0,0,0
19,10,1,0,4,0,0,0,0,0,0,0,3.64215,0,0,0
22,13,1,0,0,0,0,0,0,0,0,0,3.5726237,0,0,0
20,11,1,0,0,0,0,0,0,0,0,0,3.5464394,0,0,0
22,13,1,0,0,0,0,0,0,0,0,0,3.7544417,0,0,0
16,7,1,0,0,0,0,0,0,0,0,0,3.5778196,0,0,0
25,16,1,0,3,0,0,0,0,0,0,0,3.8332696,0,0,0
17,8,1,0,0,0,0,0,0,0,0,0,3.4548223,0,0,0
25,16,1,0,0,0,0,0,0,0,0,0,3.9132698,0,0,0
28,19,1,0,0,0,0,0,0,0,0,0,3.4816616,0,0,0
22,13,1,0,2,1,0,0,0,0,0,0,3.93626,0,0,0
19,10,1,0,0,0,0,0,0,0,0,0,3.6818807,0,0,0
20,11,1,0,0,0,0,0,0,0,0,0,3.5464394,0,1,0
18,9,1,0,0,0,0,0,0,0,0,0,3.6835423,0,0,0
19,10,1,0,0,0,0,0,0,0,0,0,3.787144,0,0,0
17,8,1,0,0,0,0,0,0,0,0,0,3.4548223,0,0,0
27,18,1,0,0,0,0,0,0,0,0,0,4.0323033,0,0,0
21,12,1,0,0,0,0,0,0,0,0,0,3.7489948,0,0,0
15,6,1,0,0,0,0,0,0,0,0,0,3.1395721,0,0,0
20,11,1,0,0,0,0,0,0,0,0,0,3.7464395,0,0,0
30,21,1,0,0,1,0,0,0,0,0,0,4.00291,0,0,0
19,10,1,0,0,0,0,0,0,0,0,0,3.3263605,0,0,0
22,13,1,0,0,0,0,0,0,0,0,0,3.879664,0,0,0
22,13,1,0,2,1,0,0,0,0,0,0,3.93626,0,0,0
24,15,1,0,0,0,0,0,0,0,0,0,3.7201755,0,0,0
20,11,1,0,0,0,0,0,0,0,0,0,3.7464395,0,0,0
24,15,1,0,0,0,0,0,0,0,0,0,3.8239348,0,0,0
21,12,1,0,0,0,0,0,0,0,0,0,3.6537566,0,0,0
18,9,1,0,0,0,0,0,0,0,0,0,3.530493,0,0,0
18,9,1,0,0,0,0,0,0,0,0,0,3.5724313,0,0,0
19,10,1,0,0,0,0,0,0,0,0,0,3.3918927,0,0,0
19,10,1,0,0,0,0,0,0,0,0,0,3.3918927,0,0,0
19,10,1,0,0,0,0,0,0,0,0,0,3.64215,0,0,0
23,14,1,0,0,0,0,0,0,0,0,0,3.6424897,0,0,0
23,14,1,0,0,0,0,0,0,0,0,0,3.6381476,0,0,0
16,7,1,0,0,0,0,0,0,0,0,0,3.3278196,0,0,0
28,19,1,0,0,0,0,0,0,0,0,0,3.8962915,0,0,0
17,8,1,0,0,0,0,0,0,0,0,0,3.5724695,0,0,0
24,15,1,0,0,0,0,0,0,0,0,0,3.6531072,0,0,0
31,22,1,0,0,0,0,0,0,0,0,0,3.8087196,0,0,0
19,10,1,0,0,0,0,0,0,0,0,0,3.5368867,0,0,0
22,13,1,0,2,1,0,0,0,0,0,0,3.93626,0,0,0
21,12,1,0,0,0,0,0,0,0,0,0,3.88018,0,0,0
22,13,1,0,2,1,0,0,0,0,0,0,3.93626,0,0,0
22,13,1,0,0,0,0,0,0,0,0,0,3.697846,0,0,0
17,8,1,0,0,0,0,0,0,0,0,0,3.5724695,0,0,0
19,10,1,0,0,0,0,0,0,0,0,0,3.6818807,0,0,0
25,16,1,0,0,0,0,0,0,0,0,0,3.9434652,0,0,0
16,7,1,0,0,0,0,0,0,0,0,0,3.4528196,0,0,0
19,10,1,0,0,0,0,0,0,0,0,0,3.64215,0,0,0
23,14,1,0,0,0,0,0,0,0,0,0,3.5555332,0,0,0
22,13,1,0,3,0,0,0,0,0,0,0,3.7544417,0,0,0
15,6,1,0,2,0,0,0,0,0,0,0,3.4565647,0,0,0
17,8,1,0,0,0,0,0,0,0,0,0,3.4548223,0,0,0
21,12,1,0,0,0,0,0,0,0,0,0,3.784942,0,0,0
18,9,1,0,0,0,0,0,0,0,0,0,3.4613202,0,0,0
24,15,1,0,0,0,0,0,0,0,0,0,3.688722,0,0,0
23,14,1,0,0,0,0,0,0,0,0,0,3.7950885,0,0,0
22,13,1,0,2,1,0,0,0,0,0,0,3.93626,0,0,0
27,18,1,0,0,0,0,0,0,0,0,0,3.884155,0,0,0
14,5,1,0,0,0,0,0,0,0,0,0,3.324863,1,0,0
18,9,1,0,0,0,0,0,0,0,0,0,3.308271,0,0,0
22,13,1,0,2,1,0,0,0,0,0,0,3.93626,0,0,0
18,9,1,0,0,0,0,0,0,0,0,0,3.530493,0,0,0
15,6,1,0,0,0,0,0,0,0,0,0,3.3232315,0,0,0
19,10,1,0,0,0,0,0,0,0,0,0,3.4713545,0,0,0
21,12,1,0,0,0,0,0,0,0,0,0,3.784942,0,0,0
16,7,1,0,0,0,0,0,0,0,0,0,3.3278196,0,0,0
20,11,1,0,0,0,0,0,0,0,0,0,3.7464395,0,0,0
21,12,1,0,0,0,0,0,0,0,0,0,3.6178098,0,0,0
24,15,1,0,0,0,0,0,0,0,0,0,3.569774,0,0,0
19,10,1,0,0,0,0,0,0,0,0,0,3.3918927,0,0,0
26,17,1,0,0,0,0,0,0,0,0,0,3.8919954,0,0,0
20,11,1,0,0,0,0,0,0,0,0,0,3.7841837,0,0,0
25,16,1,0,0,0,0,0,0,0,0,0,3.863465,0,0,0
26,17,1,0,0,0,0,0,0,0,0,0,3.7962177,0,0,0
22,13,1,0,2,1,0,0,0,0,0,0,3.93626,0,0,0
27,18,1,0,0,0,0,0,0,0,0,0,3.6521306,0,0,0
18,9,1,0,0,0,0,0,0,0,0,0,3.5724313,0,0,0
19,10,1,0,0,0,0,0,0,0,0,0,3.6818807,0,0,0
23,14,1,0,0,0,0,0,0,0,0,0,3.8164027,0,0,0
20,11,1,0,0,0,0,0,0,0,0,0,3.6464393,0,0,0
21,12,1,0,0,0,0,0,0,0,0,0,3.6537566,0,0,0
23,14,1,0,0,0,0,0,0,0,0,0,3.708132,0,0,0
16,7,1,0,0,0,0,0,0,0,0,0,3.5778196,0,0,0
22,13,1,0,0,0,0,0,0,0,0,0,3.4817145,0,0,0
18,9,1,0,0,0,0,0,0,0,0,0,3.5724313,0,0,0
21,12,1,0,0,0,0,0,0,0,0,0,3.6537566,0,0,0
15,6,1,0,0,0,0,0,0,0,0,0,3.3232315,0,0,0
23,14,1,0,0,0,0,0,0,0,0,0,3.696625,0,0,0
18,9,1,0,0,0,0,0,0,0,0,0,3.5724313,0,0,0
15,6,1,0,0,0,0,0,0,0,0,0,3.4565647,0,0,0
19,10,1,0,0,0,0,0,0,0,0,0,3.4316235,0,0,0
22,13,1,0,2,1,0,0,0,0,0,0,3.93626,0,0,0
26,17,1,0,0,0,0,0,0,0,0,0,3.6902604,0,0,0
22,13,1,0,2,1,0,0,0,0,0,0,3.93626,0,0,0
15,6,1,0,0,0,0,0,0,0,0,0,3.4565647,0,0,0
20,11,1,0,0,0,0,0,0,0,0,0,3.5464394,0,0,0
19,10,1,0,0,0,0,0,0,0,0,0,3.787144,0,0,0
16,7,1,0,0,0,0,0,0,0,0,0,3.5778196,0,0,0
21,12,1,0,0,0,0,0,0,0,0,0,3.6537566,0,0,0
19,10,1,0,0,0,0,0,0,0,0,0,3.64215,0,0,0
18,9,1,0,0,0,0,0,0,0,0,0,3.5724313,0,0,0
18,9,1,0,0,0,0,0,0,0,0,0,3.4193819,0,0,0
24,15,1,0,0,1,0,0,0,0,0,0,4.0535088,0,0,0
20,11,1,0,0,0,0,0,0,0,0,0,3.6841838,0,0,0
24,15,1,0,0,0,0,0,0,0,0,0,3.8553886,0,0,0
22,13,1,0,2,1,0,0,0,0,0,0,3.93626,0,0,0
18,9,1,0,0,0,0,0,0,0,0,0,3.5724313,0,0,0
18,9,1,0,4,0,0,0,0,0,0,0,3.6835423,0,0,0
21,12,1,0,0,0,0,0,0,0,0,0,3.88018,0,0,0
19,10,1,0,0,0,0,0,0,0,0,0,3.6818807,0,0,0
24,15,1,0,0,0,0,0,0,0,0,0,3.7720551,0,0,0
22,13,1,0,2,1,0,0,0,0,0,0,3.93626,0,0,0
18,9,1,0,0,0,0,0,0,0,0,0,3.5724313,0,0,0
24,15,1,0,0,0,0,0,0,0,0,0,3.8553886,0,0,0
20,11,1,0,0,0,0,0,0,0,0,0,3.608695,0,0,0
15,6,1,0,0,0,0,0,0,0,0,0,3.3232315,0,0,0
18,9,1,0,0,0,0,0,0,0,0,0,3.308271,0,0,0
19,10,1,0,0,0,0,0,0,0,0,0,3.4316235,0,0,0
16,7,1,0,0,0,0,0,0,0,0,0,3.3278196,0,0,0
33,24,1,0,0,0,0,0,0,0,0,0,4.187889,0,0,0
18,9,1,0,0,0,0,0,0,0,0,0,3.6835423,0,0,0
21,12,1,0,0,0,0,0,0,0,0,0,3.5585186,0,0,0
19,10,1,0,0,0,0,0,0,0,0,0,3.6818807,0,0,0
23,14,1,0,0,1,0,0,0,0,0,0,4.023137,0,0,0
19,10,1,0,0,0,0,0,0,0,0,0,3.6818807,0,0,0
18,9,1,0,0,0,0,0,0,0,0,0,3.530493,0,0,0
17,8,1,0,0,0,0,0,0,0,0,0,3.4104173,0,0,0
26,17,1,0,0,0,0,0,0,0,0,0,3.7381494,0,0,0
23,14,1,0,0,0,0,0,0,0,0,0,3.7294462,0,0,0
22,13,1,0,0,0,0,0,0,0,0,0,3.3908055,0,0,0
16,7,1,0,0,0,0,0,0,0,0,0,3.4528196,0,0,0
19,10,1,0,0,0,0,0,0,0,0,0,3.5766177,0,0,0
28,19,1,0,0,0,0,0,0,0,0,0,3.699514,0,0,0
24,15,1,0,0,0,0,0,0,0,0,0,3.6368423,0,0,0
16,7,1,0,0,0,0,0,0,0,0,0,3.5778196,0,0,0
20,11,1,0,0,0,0,0,0,0,0,0,3.7841837,0,0,0
23,14,1,0,0,0,0,0,0,0,0,0,3.7294462,0,0,0
24,15,1,0,0,0,0,0,0,0,0,0,3.6368423,0,0,0
25,16,1,0,0,0,0,0,0,0,0,0,3.6390796,0,0,0
22,13,1,0,0,0,0,0,0,0,0,0,3.7544417,0,0,0
22,13,1,0,0,0,0,0,0,0,0,0,3.6635327,0,0,0
19,10,1,0,0,0,0,0,0,0,0,0,3.64215,0,0,0
22,13,1,0,2,1,0,0,0,0,0,0,3.845351,0,0,0
26,17,1,0,0,1,0,0,0,0,0,0,3.8731406,0,0,0
21,12,1,0,0,0,0,0,0,0,0,0,3.784942,0,0,0
22,13,1,0,2,1,0,0,0,0,0,0,3.93626,0,0,0
27,18,1,0,0,0,0,0,0,0,0,0,3.958229,0,0,0
21,12,1,0,0,0,0,0,0,0,0,0,3.6537566,0,0,0
22,13,1,0,0,0,0,0,0,0,0,0,3.788755,0,0,0
19,10,1,0,0,0,0,0,0,0,0,0,3.4316235,0,0,0
23,14,1,0,0,0,0,0,0,0,0,0,3.6381476,0,0,0
21,12,1,0,0,0,0,0,0,0,0,0,3.5585186,0,0,0
21,12,1,0,0,0,0,0,0,0,0,0,3.784942,0,0,0
18,9,1,0,0,1,0,0,0,0,0,0,3.6835423,0,0,0
21,12,1,0,0,0,0,0,0,0,0,0,3.975418,0,0,0
20,11,1,0,0,0,0,0,0,0,0,0,3.7841837,0,0,0
15,6,1,0,0,0,0,0,0,0,0,0,3.0565648,0,0,0
24,15,1,0,0,0,0,0,0,0,0,0,3.6572683,0,0,0
21,12,1,0,0,0,0,0,0,0,0,0,3.4992275,0,0,0
24,15,1,0,0,0,0,0,0,0,0,0,3.938722,0,0,0
18,9,1,0,0,0,0,0,0,0,0,0,3.5724313,0,0,0
18,9,1,0,0,0,0,0,0,0,0,0,3.6416042,0,0,0
22,13,1,0,0,0,0,0,0,0,0,0,3.6635327,0,0,0
22,13,1,0,0,0,0,0,0,0,0,0,3.879664,0,0,0
17,8,1,0,0,0,0,0,0,0,0,0,3.5280643,0,0,0
22,13,1,0,2,1,0,0,0,0,0,0,3.93626,0,0,0
18,9,1,0,1,0,0,0,0,0,0,0,3.6416042,0,0,0
22,13,1,0,0,0,0,0,0,0,0,0,3.7544417,0,0,0
25,16,1,0,0,0,0,0,0,0,0,0,3.7532697,0,0,0
19,10,1,0,0,0,0,0,0,0,0,0,3.4713545,0,0,0
22,13,1,0,0,0,0,0,0,0,0,0,3.845351,0,0,0
26,17,1,0,0,0,0,0,0,0,0,0,3.8441064,0,0,0
15,6,1,0,0,0,0,0,0,0,0,0,3.1395721,0,0,0
15,6,1,0,0,0,0,0,0,0,0,0,3.3232315,0,0,0
24,15,1,0,0,0,0,0,0,0,0,0,3.7406015,0,0,0
23,14,1,0,0,0,0,0,0,0,0,0,3.7622674,0,0,0
17,8,1,0,2,0,0,0,0,0,0,0,3.5280643,0,0,0
22,13,1,0,0,0,0,0,0,0,0,0,3.845351,0,0,0
18,9,1,0,0,0,0,0,0,0,0,0,3.4613202,0,0,0
20,11,1,0,0,0,0,0,0,0,0,0,3.608695,0,0,0
21,12,1,0,0,0,0,0,0,0,0,0,3.6537566,0,0,0
19,10,1,0,0,0,0,0,0,0,0,0,3.7474132,0,0,0
17,8,1,0,0,0,0,0,0,0,0,0,3.3371754,0,0,0
24,15,1,0,0,0,0,0,0,0,0,0,3.938722,0,0,0
22,13,1,0,0,0,0,0,0,0,0,0,3.6635327,0,0,0
15,6,1,0,0,0,0,0,0,0,0,0,3.3232315,0,0,0
19,10,1,0,0,0,0,0,0,0,0,0,3.64215,0,0,0
27,18,1,0,0,0,0,0,0,0,0,0,3.9023116,0,0,0
19,10,1,0,0,0,0,0,0,0,0,0,3.6818807,0,0,0
27,18,1,0,0,0,0,0,0,0,0,0,3.7504647,0,0,0
17,8,1,0,0,0,0,0,0,0,0,0,3.5724695,0,0,0
22,13,1,0,0,0,0,0,0,0,0,0,3.9705732,0,0,0
21,12,1,0,0,0,0,0,0,0,0,0,3.8442328,0,0,0
15,6,1,0,0,0,0,0,0,0,0,0,3.2729056,0,0,0
14,5,1,0,0,0,0,0,0,0,0,0,3.0391486,0,0,0
21,12,1,0,0,0,0,0,0,0,0,0,3.88018,0,0,0
18,9,1,0,0,0,0,0,0,0,0,0,3.530493,0,0,0
16,7,1,0,0,0,0,0,0,0,0,0,3.4528196,0,0,0
15,6,1,0,0,0,0,0,0,0,0,0,3.189898,0,0,0
16,7,1,0,0,0,0,0,0,0,0,0,3.4528196,0,0,0
18,9,1,0,0,0,0,0,0,0,0,0,3.5724313,0,0,0
23,14,1,0,0,0,0,0,0,0,0,0,3.3816202,0,0,0
18,9,1,0,0,0,0,0,0,0,0,0,3.308271,0,0,0
22,13,1,0,0,0,0,0,0,0,0,0,3.6635327,0,0,0
26,17,1,0,0,0,0,0,0,0,0,0,4.0269866,0,0,0
21,12,1,0,0,0,0,0,0,0,0,0,3.88018,0,0,0
35,26,1,0,0,0,0,0,0,0,0,0,3.7783055,0,0,0
23,14,1,0,0,0,0,0,0,0,0,0,3.6753109,0,0,0
22,13,1,0,2,1,0,0,0,0,0,0,3.845351,0,0,0
22,13,1,0,0,0,0,0,0,0,0,0,3.6635327,0,0,0
15,6,1,0,0,0,0,0,0,0,0,0,3.4565647,0,0,0
21,12,1,0,0,0,0,0,0,0,0,0,3.8442328,0,0,0
20,11,1,0,0,0,0,0,0,0,0,0,3.5464394,0,0,0
15,6,1,0,0,0,0,0,0,0,0,0,3.3232315,0,0,0
22,13,1,0,0,0,0,0,0,0,0,0,3.7544417,0,0,0
20,11,1,0,0,0,0,0,0,0,0,0,3.6841838,0,0,0
17,8,1,0,0,0,0,0,0,0,0,0,3.4548223,0,0,0
19,10,1,0,0,0,0,0,0,0,0,0,3.4316235,0,0,0
22,13,1,0,0,0,0,0,0,0,0,0,3.6069367,0,0,0
19,10,1,0,0,0,0,0,0,0,0,0,3.64215,0,0,0
22,13,1,0,0,0,0,0,0,0,0,0,3.6635327,0,0,0
16,7,1,0,0,0,0,0,0,0,0,0,3.4056392,0,0,0
16,7,1,0,0,0,0,0,0,0,0,0,3.3278196,0,0,0
32,23,1,0,0,0,0,0,0,0,0,0,3.8195488,0,0,0
22,13,1,0,0,0,0,0,0,0,0,0,3.7544417,0,0,0
21,12,1,0,0,0,0,0,0,0,0,0,3.784942,0,0,0
22,13,1,0,0,0,0,0,0,0,0,0,3.788755,0,0,0
18,9,1,0,0,0,0,0,0,0,0,0,3.7946534,0,0,0
22,13,1,0,0,0,0,0,0,0,0,0,3.6635327,0,0,0
21,12,1,0,0,0,0,0,0,0,0,0,3.88018,0,0,0
18,9,1,0,0,0,0,0,0,0,0,0,3.6835423,0,0,0
22,13,1,0,2,1,0,0,0,0,0,0,3.93626,0,0,0
21,12,1,0,0,0,0,0,0,0,0,0,3.6537566,0,0,0
20,11,1,0,0,0,0,0,0,0,0,0,3.2464395,0,0,0
18,9,1,0,0,0,0,0,0,0,0,0,3.5724313,0,0,0
19,10,1,0,0,0,0,0,0,0,0,0,3.64215,0,0,0
23,14,1,0,0,0,0,0,0,0,0,0,3.7622674,0,0,0
20,11,1,0,0,0,0,0,0,0,0,0,3.3464394,0,0,0
15,6,1,0,0,0,0,0,0,0,0,0,3.189898,0,0,0
22,13,1,0,0,1,0,0,0,0,0,0,3.6635327,0,0,0
17,8,1,0,0,0,0,0,0,0,0,0,3.4548223,0,0,0
15,6,1,0,0,0,0,0,0,0,0,0,3.189898,0,0,0
20,11,1,0,0,0,0,0,0,0,0,0,3.5464394,0,0,0
21,12,1,0,0,0,0,0,0,0,0,0,3.6897037,0,0,0
21,12,1,0,0,0,0,0,0,0,0,0,3.5585186,0,0,0
20,11,1,0,0,0,0,0,0,0,0,0,3.8841836,0,0,0
17,8,1,0,0,0,0,0,0,0,0,0,3.4548223,0,0,0
21,12,1,0,0,0,0,0,0,0,0,0,3.784942,0,0,0
20,11,1,0,0,0,0,0,0,0,0,0,3.7464395,0,0,0
17,8,1,0,0,0,0,0,0,0,0,0,3.5724695,0,0,0
20,11,1,0,0,0,0,0,0,0,0,0,3.4464393,0,0,0
22,13,1,0,0,0,0,0,0,0,0,0,3.6635327,0,0,0
20,11,1,0,0,0,0,0,0,0,0,0,3.308695,0,0,0
18,9,1,0,1,0,0,0,0,0,0,0,3.6835423,0,0,0
22,13,1,0,3,0,0,0,0,0,0,0,3.6292198,0,0,0
25,16,1,0,0,0,0,0,0,0,0,0,3.863465,0,0,0
21,12,1,0,0,0,0,0,0,0,0,0,3.784942,0,0,0
19,10,1,0,0,0,0,0,0,0,0,0,3.6818807,0,0,0
29,20,1,0,0,1,0,0,0,0,0,0,4.090234,0,0,0
22,13,1,0,0,0,0,0,0,0,0,0,3.7544417,0,0,0
23,14,1,0,0,0,0,0,0,0,0,0,3.9690015,0,0,0
15,6,1,0,0,0,0,0,0,0,0,0,3.006239,0,0,0
22,13,1,0,2,1,0,0,0,0,0,0,3.93626,0,0,0
22,13,1,0,0,0,0,0,0,0,0,0,3.7544417,0,0,0
21,12,1,0,0,0,0,0,0,0,0,0,3.7489948,0,0,0
18,9,1,0,0,0,0,0,0,0,0,0,3.4193819,0,0,0
15,6,1,0,1,0,0,0,0,0,0,0,3.1395721,0,0,0
17,8,1,0,0,0,0,0,0,0,0,0,3.4548223,0,0,0
20,11,1,0,1,0,0,0,0,0,0,0,3.8841836,0,0,0
20,11,1,0,0,0,0,0,0,0,0,0,3.6464393,0,0,0
23,14,1,0,0,0,0,0,0,0,0,0,3.708132,0,0,0
19,10,1,0,0,0,0,0,0,0,0,0,3.5766177,0,0,0
21,12,1,0,1,0,0,0,0,0,0,0,3.5225716,0,0,0
23,14,1,0,0,0,0,0,0,0,0,0,3.9690015,0,0,0
22,13,1,0,0,0,0,0,0,0,0,0,3.5160277,0,0,0
23,14,1,0,0,1,0,0,0,0,0,0,3.8492239,0,0,0
17,8,1,0,0,0,0,0,0,0,0,0,3.5724695,0,0,0
23,14,1,0,0,0,0,0,0,0,0,0,3.8164027,0,0,0
24,15,1,0,0,0,0,0,0,0,0,0,3.6053886,0,0,0
23,14,1,0,0,0,0,0,0,0,0,0,3.6096685,0,0,0
18,9,1,0,0,0,0,0,0,0,0,0,3.1552215,0,0,0
17,8,1,0,0,0,0,0,0,0,0,0,3.5724695,0,0,0
18,9,1,0,0,0,0,0,0,0,0,0,3.2663326,0,0,0
23,14,1,0,0,0,0,0,0,0,0,0,3.9361804,0,0,0
25,16,1,0,0,1,0,0,0,0,0,0,3.7336607,0,0,0
22,13,1,0,0,0,0,0,0,0,0,0,3.845351,0,0,0
21,12,1,0,0,0,0,0,0,0,0,0,3.88018,0,0,0
24,15,1,0,0,0,0,0,0,0,0,0,3.938722,0,1,0
23,14,1,0,0,0,0,0,0,0,0,0,3.6753109,0,0,0
15,6,1,0,0,0,0,0,0,0,0,0,3.4565647,0,0,0
20,11,1,0,0,1,0,0,0,0,0,0,3.608695,0,0,0
22,13,1,0,2,1,0,0,0,0,0,0,3.93626,0,0,0
22,13,1,0,2,1,0,0,0,0,0,0,3.93626,0,0,0
22,13,1,0,0,0,0,0,0,0,0,0,3.9705732,0,0,0
22,13,1,0,0,1,0,0,0,0,0,0,3.845351,0,0,0
18,9,1,0,0,0,0,0,0,0,0,0,3.4613202,0,0,0
22,13,1,0,0,0,0,0,0,0,0,0,3.7544417,0,0,0
17,8,1,0,1,0,0,0,0,0,0,0,3.5724695,0,0,0
18,9,1,0,0,0,0,0,0,0,0,0,3.6416042,0,0,0
18,9,1,0,0,0,0,0,0,0,0,0,3.308271,0,0,0
24,15,1,0,0,0,0,0,0,0,0,0,3.6572683,0,0,0
16,7,1,0,0,0,0,0,0,0,0,0,3.4528196,0,0,0
19,10,1,0,0,0,0,0,0,0,0,0,3.4316235,0,0,0
31,22,1,0,0,1,0,0,0,0,0,0,4.2359815,0,0,0
26,17,1,0,0,0,0,0,0,0,0,0,3.9500637,0,0,0
22,13,1,0,0,0,0,0,0,0,0,0,3.788755,0,0,0
22,13,1,0,2,1,0,0,0,0,0,0,3.93626,0,0,0
23,14,1,0,0,0,0,0,0,0,0,0,3.9361804,0,0,0
20,11,1,0,0,0,0,0,0,0,0,0,3.8841836,0,0,0
17,8,1,0,0,0,0,0,0,0,0,0,3.4548223,0,0,0
21,12,1,0,0,0,0,0,0,0,0,0,3.784942,0,0,0
22,13,1,0,0,0,0,0,0,0,0,0,3.6635327,0,0,0
17,8,1,0,0,0,0,0,0,0,0,0,3.5724695,0,0,0
25,16,1,0,0,0,0,0,0,0,0,0,3.6732697,0,0,0
21,12,1,0,0,0,0,0,0,0,0,0,3.4632804,0,0,0
18,9,1,0,0,0,0,0,0,0,0,0,3.530493,0,0,0
21,12,1,0,0,0,0,0,0,0,0,0,3.4992275,0,0,0
20,11,1,0,0,0,0,0,0,0,0,0,3.6841838,0,0,0
19,10,1,0,0,0,0,0,0,0,0,0,3.6818807,0,0,0
25,16,1,0,0,0,0,0,0,0,0,0,3.8332696,0,0,0
27,18,1,0,0,0,0,0,0,0,0,0,3.958229,0,0,0
23,14,1,0,0,0,0,0,0,0,0,0,3.882045,0,0,0
18,9,1,0,0,0,0,0,0,0,0,0,3.4193819,0,0,0
21,12,1,0,0,0,0,0,0,0,0,0,3.6537566,0,0,0
20,11,1,0,0,0,0,0,0,0,0,0,3.7841837,0,0,0
15,6,1,0,0,0,0,0,0,0,0,0,3.3232315,0,0,0
18,9,1,0,0,0,0,0,0,0,0,0,3.4613202,0,0,0
29,20,1,0,0,0,0,0,0,0,0,0,3.8143718,0,0,0
21,12,1,0,0,0,0,0,0,0,0,0,3.5585186,0,0,0
19,10,1,0,0,0,0,0,0,0,0,0,3.787144,0,0,0
22,13,1,0,0,0,0,0,0,0,0,0,3.7201288,0,0,0
21,12,1,0,0,0,0,0,0,0,0,0,3.5944657,0,0,0
28,19,1,0,0,1,0,0,0,0,0,0,3.7979026,0,0,0
21,12,1,0,0,0,0,0,0,0,0,0,3.6897037,0,0,0
21,12,1,0,0,0,0,0,0,0,0,0,3.7489948,0,0,0
22,13,1,0,1,1,0,0,0,0,0,0,3.7544417,0,0,0
25,16,1,0,0,0,0,0,0,0,0,0,3.863465,0,0,0
24,15,1,0,0,0,0,0,0,0,0,0,3.7720551,0,0,0
28,19,1,0,0,0,0,0,0,0,0,0,3.9137995,0,0,0
22,13,1,0,2,1,0,0,0,0,0,0,3.93626,0,0,0
22,13,1,0,2,1,0,0,0,0,0,0,3.93626,0,0,0
15,6,1,0,0,0,0,0,0,0,0,0,3.1395721,0,0,0
16,7,1,0,0,0,0,0,0,0,0,0,3.3278196,0,0,0
17,8,1,0,0,0,0,0,0,0,0,0,3.4548223,0,0,0
22,13,1,0,0,0,0,0,0,0,0,0,3.9705732,0,0,0
24,15,1,0,0,0,0,0,0,0,0,0,4.022055,0,0,0
22,13,1,0,2,1,0,0,0,0,0,0,3.845351,0,0,0
25,16,1,0,0,0,0,0,0,0,0,0,3.8332696,0,0,0
22,13,1,0,0,0,0,0,0,0,0,0,3.5383105,0,0,0
22,13,1,0,0,0,0,0,0,0,0,0,3.6635327,0,0,0
19,10,1,0,0,0,0,0,0,0,0,0,3.6818807,0,0,0
23,14,1,0,0,0,0,0,0,0,0,0,3.7950885,0,0,0
23,14,1,0,0,0,0,0,0,0,0,0,3.7622674,0,0,0
20,11,1,0,0,0,0,0,0,0,0,0,3.5841837,0,0,0
25,16,1,0,0,1,0,0,0,0,0,0,3.8936608,0,0,0
18,9,1,0,0,0,0,0,0,0,0,0,3.530493,0,0,0
32,23,1,0,0,0,0,0,0,0,0,0,3.9650183,0,0,0
17,8,1,0,0,0,0,0,0,0,0,0,3.4104173,0,0,0
15,6,1,0,0,0,0,0,0,0,0,0,3.4565647,0,0,0
22,13,1,0,0,0,0,0,0,0,0,0,3.7544417,0,0,0
18,9,1,0,1,0,0,0,0,0,0,0,3.7946534,0,0,0
15,6,1,0,0,0,0,0,0,0,0,0,3.3232315,0,0,0
22,13,1,0,2,1,0,0,0,0,0,0,3.845351,0,0,0
18,9,1,0,0,0,0,0,0,0,0,0,3.4193819,0,0,0
20,11,1,0,0,0,0,0,0,0,0,0,3.6464393,0,0,0
22,13,1,0,2,1,0,0,0,0,0,0,3.93626,0,0,0
24,15,1,0,0,0,0,0,0,0,0,0,3.688722,0,0,0
19,10,1,0,0,0,0,0,0,0,0,0,3.6818807,0,0,0
27,18,1,0,0,0,0,0,0,0,0,0,3.8282375,0,0,0
21,12,1,0,0,0,0,0,0,0,0,0,3.6537566,0,0,0
20,11,1,0,0,0,0,0,0,0,0,0,3.7841837,0,0,0
19,10,1,0,0,0,0,0,0,0,0,0,3.3263605,0,0,0
18,9,1,0,0,0,0,0,0,0,0,0,3.5724313,0,0,0
19,10,1,0,0,0,0,0,0,0,0,0,3.5766177,0,0,0
19,10,1,0,0,0,0,0,0,0,0,0,3.4316235,0,0,0
22,13,1,0,0,0,0,0,0,0,0,0,3.5383105,0,0,0
23,14,1,0,0,0,0,0,0,0,0,0,4.0559583,0,0,0
18,9,1,0,0,0,0,0,0,0,0,0,3.3774438,0,0,0
15,6,1,0,0,0,0,0,0,0,0,0,3.4565647,0,0,0
41,32,1,0,1,3,0,0,0,0,0,0,4.3874435,0,0,0
20,11,1,0,0,0,0,0,0,0,0,0,3.5464394,0,0,0
16,7,1,0,0,0,0,0,0,0,0,0,3.5778196,0,0,0
22,13,1,0,0,0,0,0,0,0,0,0,3.6635327,0,0,0
15,6,1,0,0,0,0,0,0,0,0,0,3.189898,0,0,0
23,14,1,0,0,0,0,0,0,0,0,0,4.023137,0,0,0
18,9,1,0,0,0,0,0,0,0,0,0,3.5724313,0,0,0
20,11,1,0,1,1,0,0,0,0,0,0,3.6464393,0,0,0
22,13,1,0,0,0,0,0,0,0,0,0,3.4817145,0,0,0
21,12,1,0,0,0,0,0,0,0,0,0,3.5585186,0,0,0
25,16,1,0,0,0,0,0,0,0,0,0,3.9434652,0,0,0
22,13,1,0,0,0,0,0,0,0,0,0,3.6069367,0,0,0
18,9,1,0,0,0,0,0,0,0,0,0,3.4193819,0,0,0
20,11,1,0,0,0,0,0,0,0,0,0,3.5841837,0,0,0
30,21,1,0,0,1,0,0,0,0,0,0,3.9483943,0,0,0
32,23,1,0,0,2,0,0,0,0,0,0,4.16391,0,0,0
18,9,1,0,0,0,0,0,0,0,0,0,3.6416042,0,0,0
21,12,1,0,0,0,0,0,0,0,0,0,3.88018,0,0,0
23,14,1,0,0,0,0,0,0,0,0,0,3.8164027,0,0,0
18,9,1,0,4,0,0,0,0,0,0,0,3.6835423,0,0,0
18,9,1,0,1,0,0,0,0,0,0,0,3.7946534,0,0,0
15,6,1,0,0,0,0,0,0,0,0,0,3.1395721,0,0,0
22,13,1,0,0,0,0,0,0,0,0,0,3.7544417,0,0,0
16,7,1,0,0,0,0,0,0,0,0,0,3.3278196,0,0,0
24,15,1,0,0,0,0,0,0,0,0,0,3.9701755,0,0,0
22,13,1,0,0,0,0,0,0,0,0,0,3.788755,0,0,0
24,15,1,0,0,0,0,0,0,0,0,0,3.6053886,0,0,0
22,13,1,0,0,0,0,0,0,0,0,0,3.4817145,0,0,0
23,14,1,0,0,0,0,0,0,0,0,0,3.7622674,0,0,0
17,8,1,0,0,0,0,0,0,0,0,0,3.3371754,0,0,0
15,6,1,0,0,0,0,0,0,0,0,0,3.3232315,0,0,0
20,11,1,0,0,0,0,0,0,0,0,0,3.4464393,0,0,0
27,18,1,0,3,2,0,0,0,0,0,0,4.2084103,0,0,0
19,10,1,0,0,0,0,0,0,0,0,0,3.6818807,0,0,0
18,9,1,0,0,0,0,0,0,0,0,0,3.530493,0,0,0
26,17,1,0,0,0,0,0,0,0,0,0,3.9210296,0,0,0
24,15,1,0,0,0,0,0,0,0,0,0,3.7406015,0,0,0
18,9,1,0,0,0,0,0,0,0,0,0,3.6835423,0,0,0
27,18,1,0,0,0,0,0,0,0,0,0,3.9302704,0,0,0
14,5,1,0,1,0,0,0,0,0,0,0,3.324863,0,0,0
23,14,1,0,0,0,0,0,0,0,0,0,3.7622674,0,0,0
23,14,1,0,0,0,0,0,0,0,0,0,3.882045,0,0,0
26,17,1,0,0,0,0,0,0,0,0,0,3.9979527,0,0,0
16,7,1,0,0,0,0,0,0,0,0,0,3.4528196,0,0,0
21,12,1,0,0,1,0,0,0,0,0,0,3.5225716,0,0,0
20,11,1,0,0,0,0,0,0,0,0,0,3.6464393,0,0,0
20,11,1,0,0,0,0,0,0,0,0,0,3.408695,0,0,0
16,7,1,0,0,0,0,0,0,0,0,0,3.4528196,0,0,0
22,13,1,0,0,0,0,0,0,0,0,0,3.7544417,0,0,0
26,17,1,0,0,0,0,0,0,0,0,0,4.0269866,0,0,0
16,7,1,0,0,0,0,0,0,0,0,0,2.9834585,0,0,0
24,15,1,0,0,0,0,0,0,0,0,0,3.8035088,0,0,0
19,10,1,0,0,0,0,0,0,0,0,0,3.6818807,0,0,0
21,12,1,0,0,0,0,0,0,0,0,0,3.975418,0,0,0
17,8,1,0,0,0,0,0,0,0,0,0,3.4548223,0,0,0
15,6,1,0,1,0,0,0,0,0,0,0,3.4565647,0,0,0
20,11,1,0,0,0,0,0,0,0,0,0,3.7841837,0,0,0
17,8,1,0,0,0,0,0,0,0,0,0,3.5724695,0,0,0
16,7,1,0,0,0,0,0,0,0,0,0,3.4528196,0,0,0
18,9,1,0,0,0,0,0,0,0,0,0,3.6416042,0,0,0
22,13,1,0,2,1,0,0,0,0,0,0,3.93626,0,0,0
23,14,1,0,0,0,0,0,0,0,0,0,3.6211755,0,0,0
19,10,1,0,0,0,0,0,0,0,0,0,3.5766177,0,0,0
23,14,1,0,0,0,0,0,0,0,0,0,3.5555332,0,0,0
22,13,1,0,0,0,0,0,0,0,0,0,3.6635327,0,0,0
21,12,1,0,0,0,0,0,0,0,0,0,3.4039896,0,0,0
16,7,1,0,0,0,0,0,0,0,0,0,3.4528196,0,0,0
22,13,1,0,0,0,0,0,0,0,0,0,3.879664,0,0,0
24,15,1,0,0,0,0,0,0,0,0,0,3.7201755,0,0,0
20,11,1,0,0,0,0,0,0,0,0,0,3.5841837,0,0,0
15,6,1,0,0,0,0,0,0,0,0,0,3.4565647,0,0,0
20,11,1,0,0,0,0,0,0,0,0,0,3.608695,0,0,0
23,14,1,0,0,0,0,0,0,0,0,0,3.6424897,0,0,0
25,16,1,0,0,0,0,0,0,0,0,0,3.9132698,0,0,0
18,9,1,0,0,0,0,0,0,0,0,0,3.4613202,0,0,0
27,18,1,0,0,0,0,0,0,0,0,0,3.9302704,0,0,0
21,12,1,0,0,0,0,0,0,0,0,0,3.4273336,0,0,0
18,9,1,0,0,0,0,0,0,0,0,0,3.4613202,0,0,0
25,16,1,0,0,0,0,0,0,0,0,0,3.9434652,0,0,0
17,8,1,0,0,0,0,0,0,0,0,0,3.130718,0,0,0
21,12,1,0,0,1,0,0,0,0,0,0,3.6178098,0,0,0
23,14,1,0,0,0,0,0,0,0,0,0,3.882045,0,0,0
24,15,1,0,0,0,0,0,0,0,0,0,3.688722,0,0,0
25,16,1,0,0,0,0,0,0,0,0,0,3.7532697,0,0,0
23,14,1,0,0,1,0,0,0,0,0,0,3.9361804,0,0,0
21,12,1,0,0,1,0,0,0,0,0,0,3.6537566,0,0,0
21,12,1,0,0,0,0,0,0,0,0,0,3.5225716,0,0,0
20,11,1,0,0,0,0,0,0,0,0,0,3.7841837,0,0,0
26,17,1,0,0,1,0,0,0,0,0,0,4.0269866,0,0,0
15,6,1,0,0,0,0,0,0,0,0,0,2.955913,0,0,0
22,13,1,0,2,1,0,0,0,0,0,0,3.93626,0,0,0
23,14,1,0,0,0,0,0,0,0,0,0,3.4685767,0,0,0
19,10,1,0,0,0,0,0,0,0,0,0,3.5368867,0,0,0
22,13,1,0,2,1,0,0,0,0,0,0,3.93626,0,0,0
17,8,1,0,0,0,0,0,0,0,0,0,3.2927701,0,0,0
22,13,1,0,0,0,0,0,0,0,0,0,3.5949066,0,0,0
18,9,1,0,0,0,0,0,0,0,0,0,3.5724313,0,0,0
21,12,1,0,0,0,0,0,0,0,0,0,3.2913928,0,0,0
15,6,1,0,0,0,0,0,0,0,0,0,3.3232315,0,0,0
18,9,1,0,0,0,0,0,0,0,0,0,3.4613202,0,0,0
23,14,1,0,0,0,0,0,0,0,0,0,3.7622674,0,0,0
29,20,1,0,2,0,0,0,0,0,0,0,4.090234,0,0,0
30,21,1,0,0,0,0,0,0,0,0,0,3.9647353,0,0,0
16,7,1,0,0,0,0,0,0,0,0,0,3.3278196,0,0,0
26,17,1,0,0,0,0,0,0,0,0,0,3.7192945,0,0,0
17,8,1,0,0,0,0,0,0,0,0,0,3.4548223,0,0,0
23,14,1,0,0,0,0,0,0,0,0,0,3.6381476,0,0,0
16,7,1,0,0,0,0,0,0,0,0,0,3.1556392,0,0,0
22,13,1,0,0,0,0,0,0,0,0,0,3.7544417,0,0,0
21,12,1,0,1,0,0,0,0,0,0,0,3.6897037,0,0,0
18,9,1,0,0,0,0,0,0,0,0,0,3.4193819,0,0,0
25,16,1,0,1,0,0,0,0,0,0,0,3.863465,0,0,0
14,5,1,0,0,0,0,0,0,0,0,0,2.842371,0,0,0
22,13,1,0,2,1,0,0,0,0,0,0,3.7201288,0,0,0
20,11,1,0,0,0,0,0,0,0,0,0,3.7841837,0,0,0
18,9,1,0,0,0,0,0,0,0,0,0,3.5724313,0,0,0
31,22,1,0,0,2,0,0,0,0,0,0,3.6679285,0,0,0
23,14,1,0,0,0,0,0,0,0,0,0,3.7622674,0,0,0
19,10,1,0,0,0,0,0,0,0,0,0,3.3918927,0,0,0
16,7,1,0,0,0,0,0,0,0,0,0,3.2028196,0,0,0
23,14,1,0,0,0,0,0,0,0,0,0,3.8492239,0,0,0
16,7,1,0,3,0,0,0,0,0,0,0,3.4056392,0,0,0
19,10,1,0,0,0,0,0,0,0,0,0,3.64215,0,0,0
19,10,1,0,0,0,0,0,0,0,0,0,3.4316235,0,0,0
22,13,1,0,0,0,0,0,0,0,0,0,3.7544417,0,0,0
17,8,1,0,0,0,0,0,0,0,0,0,3.5724695,0,0,0
21,12,1,0,0,0,0,0,0,0,0,0,3.5944657,0,0,0
25,16,1,0,0,0,0,0,0,0,0,0,3.6234653,0,0,0
32,23,1,0,0,0,0,0,0,0,0,0,4.1167293,0,0,0
27,18,1,0,0,0,0,0,0,0,0,0,3.7541635,0,0,0
22,13,1,0,2,1,0,0,0,0,0,0,3.93626,0,0,0
15,6,1,0,0,0,0,0,0,0,0,0,3.189898,0,0,0
20,11,1,0,0,0,0,0,0,0,0,0,3.608695,0,0,0
22,13,1,0,0,0,0,0,0,0,0,0,3.6635327,0,0,0
23,14,1,0,0,0,0,0,0,0,0,0,3.8492239,0,0,0
18,9,1,0,0,0,0,0,0,0,0,0,3.4613202,0,0,0
17,8,1,0,0,0,0,0,0,0,0,0,3.4104173,0,0,0
25,16,1,0,0,0,0,0,0,0,0,0,3.5736606,0,0,0
20,11,1,0,0,0,0,0,0,0,0,0,3.6464393,0,0,0
25,16,1,0,0,0,0,0,0,0,0,0,3.9434652,0,0,0
23,14,1,0,0,0,0,0,0,0,0,0,3.7294462,0,0,0
21,12,1,0,0,0,0,0,0,0,0,0,3.5585186,0,0,0
19,10,1,0,0,0,0,0,0,0,0,0,3.64215,0,0,0
22,13,1,0,0,1,0,0,0,0,0,0,3.6635327,0,0,0
25,16,1,0,0,0,0,0,0,0,0,0,3.863465,0,0,0
31,22,1,0,0,1,0,0,0,0,0,0,3.873236,0,0,0
23,14,1,0,0,0,0,0,0,0,0,0,3.8492239,0,0,0
17,8,1,0,0,0,0,0,0,0,0,0,3.4548223,0,0,0
21,12,1,0,1,0,0,0,0,0,0,0,3.6537566,0,0,0
24,15,1,0,0,0,0,0,0,0,0,0,3.7201755,0,0,0
19,10,1,0,0,1,0,0,0,0,0,0,3.64215,0,0,0
19,10,1,0,0,0,0,0,0,0,0,0,3.5368867,0,0,0
20,11,1,0,2,0,0,0,0,0,0,0,3.6841838,0,0,0
18,9,1,0,0,0,0,0,0,0,0,0,3.2663326,0,0,0
22,13,1,0,0,0,0,0,0,0,0,0,3.697846,0,0,0
23,14,1,0,0,0,0,0,0,0,0,0,3.522712,0,0,0
21,12,1,0,2,0,0,0,0,0,0,0,3.5585186,0,0,0
19,10,1,0,0,0,0,0,0,0,0,0,3.6818807,0,0,0
17,8,1,0,0,0,0,0,0,0,0,0,3.5724695,0,0,0
16,7,1,0,0,0,0,0,0,0,0,0,3.2806392,0,0,0
27,18,1,0,0,1,0,0,0,0,0,0,4.0323033,0,0,0
15,6,1,0,0,1,0,0,0,0,0,0,3.3232315,0,0,0
20,11,1,0,0,0,0,0,0,0,0,0,3.6464393,0,0,0
22,13,1,0,1,0,0,0,0,0,0,0,3.6635327,0,0,0
22,13,1,0,0,0,0,0,0,0,0,0,3.5383105,0,0,0
25,16,1,0,0,1,0,0,0,0,0,0,3.6234653,0,0,0
25,16,1,0,0,0,0,0,0,0,0,0,3.8332696,0,0,0
25,16,1,0,0,0,0,0,0,0,0,0,3.6732697,0,0,0
20,11,1,0,0,0,0,0,0,0,0,0,3.5464394,0,0,0
22,13,1,0,0,0,0,0,0,0,0,0,3.788755,0,0,0
27,18,1,0,0,0,0,0,0,0,0,0,3.884155,0,0,0
23,14,1,0,0,0,0,0,0,0,0,0,3.882045,0,0,0
24,15,1,0,0,0,0,0,0,0,0,0,3.7406015,0,0,0
23,14,1,0,0,0,0,0,0,0,0,0,3.8492239,0,0,0
21,12,1,0,0,1,0,0,0,0,0,0,3.6178098,0,0,0
18,9,1,0,0,0,0,0,0,0,0,0,3.7946534,0,0,0
24,15,1,0,0,0,0,0,0,0,0,0,3.6368423,0,0,0
22,13,1,0,0,0,0,0,0,0,0,0,3.4428623,0,0,0
19,10,1,0,0,0,0,0,0,0,0,0,3.5368867,0,0,0
22,13,1,0,2,1,0,0,0,0,0,0,3.93626,0,0,0
19,10,1,0,0,0,0,0,0,0,0,0,3.5368867,0,0,0
26,17,1,0,0,0,0,0,0,0,0,0,3.9021747,0,0,0
22,13,1,0,0,0,0,0,0,0,0,0,3.6635327,0,0,0
21,12,1,0,0,0,0,0,0,0,0,0,3.6897037,0,0,0
23,14,1,0,0,0,0,0,0,0,0,0,3.7950885,0,0,0
22,13,1,0,0,0,0,0,0,0,0,0,3.6635327,0,0,0
21,12,1,0,0,0,0,0,0,0,0,0,3.88018,0,0,0
24,15,1,0,0,0,0,0,0,0,0,0,3.8553886,0,0,0
18,9,1,0,0,0,0,0,0,0,0,0,3.530493,0,0,0
15,6,1,0,0,0,0,0,0,0,0,0,3.4565647,0,0,0
19,10,1,0,0,0,0,0,0,0,0,0,3.64215,0,0,0
19,10,1,0,0,0,0,0,0,0,0,0,3.787144,0,0,0
15,6,1,0,0,0,0,0,0,0,0,0,3.3232315,0,0,0
16,7,1,0,0,0,0,0,0,0,0,0,3.4528196,0,0,0
19,10,1,0,0,0,0,0,0,0,0,0,3.3918927,0,0,0
18,9,1,0,0,0,0,0,0,0,0,0,3.6835423,0,0,0
21,12,1,0,0,0,0,0,0,0,0,0,3.6897037,0,0,0
21,12,1,0,0,1,0,0,0,0,0,0,3.784942,0,0,0
17,8,1,0,0,0,0,0,0,0,0,0,3.4548223,0,0,0
33,24,1,0,0,1,0,0,0,0,0,0,4.043802,0,0,0
20,11,1,0,0,0,0,0,0,0,0,0,3.7841837,0,0,0
21,12,1,0,0,1,0,0,0,0,0,0,3.6537566,0,0,0
19,10,1,0,0,0,0,0,0,0,0,0,3.64215,0,0,0
21,12,1,0,0,0,0,0,0,0,0,0,3.5585186,0,0,0
20,11,1,0,0,0,0,0,0,0,0,0,3.608695,0,0,0
17,8,1,0,0,0,0,0,0,0,0,0,3.2927701,0,0,0
18,9,1,0,0,0,0,0,0,0,0,0,3.6416042,0,0,0
25,16,1,0,0,0,0,0,0,0,0,0,3.8936608,0,0,0
22,13,1,0,0,0,0,0,0,0,0,0,3.7544417,0,0,0
22,13,1,0,0,0,0,0,0,0,0,0,3.788755,0,0,0
26,17,1,0,0,0,0,0,0,0,0,0,3.555269,0,0,0
23,14,1,0,0,0,0,0,0,0,0,0,3.7622674,0,0,0
23,14,1,0,0,0,0,0,0,0,0,0,3.6211755,0,0,0
29,20,1,0,0,0,0,0,0,0,0,0,3.909368,0,0,0
21,12,1,0,0,0,0,0,0,0,0,0,3.784942,0,0,0
20,11,1,0,0,0,0,0,0,0,0,0,3.5464394,0,0,0
21,12,1,0,0,0,0,0,0,0,0,0,3.6897037,0,0,0
19,10,1,0,0,0,0,0,0,0,0,0,3.5766177,0,0,0
15,6,1,0,0,0,0,0,0,0,0,0,3.189898,0,0,0
17,8,1,0,0,0,0,0,0,0,0,0,3.4104173,0,0,0
17,8,1,0,4,0,0,0,0,0,0,0,3.4104173,0,0,0
19,10,1,0,0,0,0,0,0,0,0,0,3.4316235,0,0,0
20,11,1,0,0,0,0,0,0,0,0,0,3.4464393,0,0,0
28,19,1,0,0,0,0,0,0,0,0,0,3.824863,0,0,0
17,8,1,0,0,0,0,0,0,0,0,0,3.4548223,0,0,0
19,10,1,0,0,0,0,0,0,0,0,0,3.64215,0,0,0
21,12,1,0,0,0,0,0,0,0,0,0,3.6537566,0,0,0
19,10,1,0,0,0,0,0,0,0,0,0,3.2210972,0,0,0
27,18,1,0,0,1,0,0,0,0,0,0,3.986188,0,0,0
16,7,1,0,0,0,0,0,0,0,0,0,3.4528196,0,0,0
16,7,1,0,0,0,0,0,0,0,0,0,3.4528196,0,0,0
24,15,1,0,0,0,0,0,0,0,0,0,3.6368423,0,0,0
18,9,1,0,0,0,0,0,0,0,0,0,3.4193819,0,0,0
17,8,1,0,2,0,0,0,0,0,0,0,3.5724695,0,0,0
25,16,1,0,2,0,0,0,0,0,0,0,4.103465,0,0,0
19,10,1,0,0,0,0,0,0,0,0,0,3.3918927,0,0,0
17,8,1,0,0,0,0,0,0,0,0,0,3.4104173,0,0,0
24,15,1,0,0,0,0,0,0,0,0,0,3.6053886,0,0,0
20,11,1,0,0,0,0,0,0,0,0,0,3.6464393,0,0,0
23,14,1,0,0,0,0,0,0,0,0,0,3.7950885,0,0,0
26,17,1,0,1,0,0,0,0,0,0,0,3.8441064,0,0,0
15,6,1,0,0,0,0,0,0,0,0,0,3.189898,0,0,0
15,6,1,0,0,0,0,0,0,0,0,0,3.3232315,0,0,0
16,7,1,0,0,0,0,0,0,0,0,0,3.5778196,0,0,0
20,11,1,0,0,0,0,0,0,0,0,0,3.4464393,0,0,0
20,11,1,0,0,0,0,0,0,0,0,0,3.7841837,0,0,0
16,7,1,0,0,0,0,0,0,0,0,0,3.5778196,0,0,0
20,11,1,0,0,0,0,0,0,0,0,0,3.6841838,0,0,0
21,12,1,0,0,0,0,0,0,0,0,0,3.7489948,0,0,0
18,9,1,0,0,0,0,0,0,0,0,0,3.4193819,0,0,0
21,12,1,0,0,0,0,0,0,0,0,0,3.4273336,0,0,0
26,17,1,0,0,0,0,0,0,0,0,0,3.8252518,0,0,0
21,12,1,0,0,0,0,0,0,0,0,0,3.784942,0,0,0
25,16,1,0,0,0,0,0,0,0,0,0,3.4186885,0,0,0
21,12,1,0,0,0,0,0,0,0,0,0,3.784942,0,0,0
18,9,1,0,0,1,0,0,0,0,0,0,3.530493,0,0,0
18,9,1,0,0,0,0,0,0,0,0,0,3.6835423,0,0,0
18,9,1,0,0,0,0,0,0,0,0,0,3.4613202,0,0,0
19,10,1,0,0,0,0,0,0,0,0,0,3.2210972,0,0,0
20,11,1,0,0,0,0,0,0,0,0,0,3.6464393,0,0,0
20,11,1,0,0,0,0,0,0,0,0,0,3.5464394,0,0,0
22,13,1,0,0,0,0,0,0,0,0,0,3.5726237,0,0,0
25,16,1,0,0,1,0,0,0,0,0,0,3.7532697,0,0,0
25,16,1,0,0,1,0,0,0,0,0,0,3.5328786,0,0,0
26,17,1,0,0,0,0,0,0,0,0,0,3.8112314,0,0,0
15,6,1,0,0,0,0,0,0,0,0,0,3.4565647,0,0,0
21,12,1,0,0,0,0,0,0,0,0,0,3.7130477,0,0,0
25,16,1,0,0,0,0,0,0,0,0,0,3.9132698,0,0,0
22,13,1,0,0,0,0,0,0,0,0,0,3.845351,0,0,0
20,11,1,0,0,0,0,0,0,0,0,0,3.7464395,0,0,0
17,8,1,0,0,0,0,0,0,0,0,0,3.4548223,0,0,0
19,10,1,0,0,0,0,0,0,0,0,0,3.787144,0,0,0
21,12,1,0,0,0,0,0,0,0,0,0,3.5225716,0,0,0
16,7,1,0,0,0,0,0,0,0,0,0,3.5778196,0,0,0
19,10,1,0,0,0,0,0,0,0,0,0,3.4316235,0,0,0
19,10,1,0,0,0,0,0,0,0,0,0,3.5766177,0,0,0
19,10,1,0,0,0,0,0,0,0,0,0,3.497156,0,0,0
16,7,1,0,0,0,0,0,0,0,0,0,3.2028196,0,0,0
22,13,1,0,1,0,0,0,0,0,0,0,3.845351,0,0,0
19,10,1,0,0,0,0,0,0,0,0,0,3.4713545,0,0,0
19,10,1,0,0,0,0,0,0,0,0,0,3.787144,0,0,0
21,12,1,0,4,0,0,0,0,0,0,0,3.6178098,0,0,0
22,13,1,0,2,1,0,0,0,0,0,0,3.7201288,0,0,0
24,15,1,0,0,0,0,0,0,0,0,0,3.7406015,0,0,0
21,12,1,0,0,0,0,0,0,0,0,0,3.5585186,0,0,0
17,8,1,0,0,0,0,0,0,0,0,0,3.5724695,0,0,0
23,14,1,0,0,0,0,0,0,0,0,0,3.6424897,0,0,0
22,13,1,0,0,0,0,0,0,0,0,0,3.6069367,0,0,0
20,11,1,0,0,0,0,0,0,0,0,0,3.6464393,0,0,0
24,15,1,0,2,1,0,0,0,0,0,0,4.022055,0,0,0
26,17,1,0,0,0,0,0,0,0,0,0,3.8919954,0,0,0
19,10,1,0,0,0,0,0,0,0,0,0,3.4316235,0,0,0
27,18,1,0,0,0,0,0,0,0,0,0,4.0323033,0,0,0
15,6,1,0,0,0,0,0,0,0,0,0,3.3232315,0,0,0
16,7,1,0,0,0,0,0,0,0,0,0,3.4528196,0,0,0
24,15,1,0,0,0,0,0,0,0,0,0,3.7720551,0,0,0
19,10,1,0,0,0,0,0,0,0,0,0,3.6818807,0,0,0
16,7,1,0,2,0,0,0,0,0,0,0,3.4528196,0,0,0
22,13,1,0,0,0,0,0,0,0,0,0,3.6292198,0,0,0
18,9,1,0,0,0,0,0,0,0,0,0,3.4193819,0,0,0
21,12,1,0,0,0,0,0,0,0,0,0,3.7489948,0,0,0
19,10,1,0,0,0,0,0,0,0,0,0,3.6818807,0,0,0
21,12,1,0,0,0,0,0,0,0,0,0,3.88018,0,0,0
24,15,1,0,1,1,0,0,0,0,0,0,3.8868423,0,0,0
18,9,1,0,0,0,0,0,0,0,0,0,3.5724313,0,0,0
24,15,1,0,0,0,0,0,0,0,0,0,3.8239348,0,0,0
19,10,1,0,0,0,0,0,0,0,0,0,3.5368867,0,0,0
22,13,1,0,0,0,0,0,0,0,0,0,3.845351,0,0,0
28,19,1,0,0,0,0,0,0,0,0,0,3.699514,0,0,0
22,13,1,0,0,0,0,0,0,0,0,0,3.4474015,0,0,0
20,11,1,0,0,0,0,0,0,0,0,0,3.7464395,0,0,0
23,14,1,0,0,0,0,0,0,0,0,0,3.7622674,0,0,0
15,6,1,0,0,0,0,0,0,0,0,0,3.189898,0,0,0
24,15,1,0,0,0,0,0,0,0,0,0,3.6572683,0,0,0
25,16,1,0,0,0,0,0,0,0,0,0,3.863465,0,0,0
17,8,1,0,0,0,0,0,0,0,0,0,3.5280643,0,0,0
22,13,1,0,0,0,0,0,0,0,0,0,3.7544417,0,0,0
18,9,1,0,0,0,0,0,0,0,0,0,3.530493,0,0,0
19,10,1,0,0,0,0,0,0,0,0,0,3.3660913,0,0,0
20,11,1,0,0,0,0,0,0,0,0,0,3.4464393,0,0,0
22,13,1,0,0,0,0,0,0,0,0,0,3.879664,0,0,0
20,11,1,0,0,0,0,0,0,0,0,0,3.4841838,0,0,0
21,12,1,0,0,0,0,0,0,0,0,0,3.88018,0,0,0
21,12,1,0,0,1,0,0,0,0,0,0,3.88018,0,0,0
24,15,1,0,0,0,0,0,0,0,0,0,3.7720551,0,0,0
15,6,1,0,0,0,0,0,0,0,0,0,3.3232315,0,0,0
18,9,1,0,0,0,0,0,0,0,0,0,3.5724313,0,0,0
21,12,1,0,0,0,0,0,0,0,0,0,3.88018,0,1,0
22,13,1,0,0,0,0,0,0,0,0,0,3.6635327,0,0,0
21,12,1,0,0,0,0,0,0,0,0,0,3.6537566,0,0,0
20,11,1,0,0,0,0,0,0,0,0,0,3.5841837,0,0,0
25,16,1,0,0,0,0,0,0,0,0,0,3.7532697,0,0,0
19,10,1,0,0,0,0,0,0,0,0,0,3.64215,0,0,0
19,10,1,0,0,0,0,0,0,0,0,0,3.787144,0,0,0
23,14,1,0,0,1,0,0,0,0,0,0,3.7294462,0,0,0
22,13,1,0,0,0,0,0,0,0,0,0,3.879664,0,0,0
26,17,1,0,0,0,0,0,0,0,0,0,4.0560207,0,0,0
15,6,1,0,0,0,0,0,0,0,0,0,3.3232315,0,0,0
21,12,1,0,2,1,0,0,0,0,0,0,3.784942,0,0,0
15,6,1,0,0,0,0,0,0,0,0,0,3.4565647,0,0,0
22,13,1,0,0,0,0,0,0,0,0,0,3.6635327,0,0,0
20,11,1,0,0,0,0,0,0,0,0,0,3.8841836,0,0,0
18,9,1,0,0,0,0,0,0,0,0,0,3.4613202,0,0,0
17,8,1,0,0,0,0,0,0,0,0,0,3.5724695,0,0,0
23,14,1,0,0,0,0,0,0,0,0,0,3.9690015,0,0,0
30,21,1,0,0,0,0,0,0,0,0,0,4.0729055,0,0,0
23,14,1,0,0,0,0,0,0,0,0,0,3.6424897,0,0,0
23,14,1,0,0,0,0,0,0,0,0,0,3.9690015,0,0,0
18,9,1,0,0,0,0,0,0,0,0,0,3.530493,0,0,0
26,17,1,0,0,0,0,0,0,0,0,0,3.9210296,0,0,0
24,15,1,0,0,0,0,0,0,0,0,0,3.8035088,0,0,0
21,12,1,0,0,0,0,0,0,0,0,0,3.3680425,0,0,0
21,12,1,0,0,0,0,0,0,0,0,0,3.5585186,0,0,0
22,13,1,0,0,0,0,0,0,0,0,0,3.5726237,0,0,0
18,9,1,0,0,0,0,0,0,0,0,0,3.5724313,0,0,0
21,12,1,0,0,0,0,0,0,0,0,0,3.784942,0,0,0
19,10,1,0,0,0,0,0,0,0,0,0,3.64215,0,0,0
20,11,1,0,0,0,0,0,0,0,0,0,3.3841836,0,0,0
21,12,1,0,0,0,0,0,0,0,0,0,3.422578,0,0,0
20,11,1,0,0,0,0,0,0,0,0,0,3.4841838,0,0,0
22,13,1,0,0,0,0,0,0,0,0,0,3.7544417,0,0,0
22,13,1,0,0,0,0,0,0,0,0,0,3.845351,0,0,0
19,10,1,0,0,0,0,0,0,0,0,0,3.5368867,0,0,0
22,13,1,0,0,1,0,0,0,0,0,0,3.845351,0,0,0
19,10,1,0,0,0,0,0,0,0,0,0,3.5766177,0,0,0
23,14,1,0,0,0,0,0,0,0,0,0,3.8492239,0,0,0
18,9,1,0,0,0,0,0,0,0,0,0,3.2390978,0,0,0
23,14,1,0,0,0,0,0,0,0,0,0,3.7294462,0,0,0
19,10,1,0,0,0,0,0,0,0,0,0,3.8924072,0,0,0
21,12,1,0,0,0,0,0,0,0,0,0,3.88018,0,0,0
22,13,1,0,0,0,0,0,0,0,0,0,3.7201288,0,1,0
17,8,1,0,0,0,0,0,0,0,0,0,3.4104173,0,0,0
16,7,1,0,0,0,0,0,0,0,0,0,3.4528196,0,0,0
22,13,1,0,2,1,0,0,0,0,0,0,3.7201288,0,0,0
29,20,1,0,0,0,0,0,0,0,0,0,3.9262724,0,0,0
20,11,1,0,0,0,0,0,0,0,0,0,3.7841837,0,0,0
21,12,1,0,0,0,0,0,0,0,0,0,3.784942,0,0,0
18,9,1,0,0,0,0,0,0,0,0,0,3.1971598,0,0,0
24,15,1,0,0,0,0,0,0,0,0,0,3.709148,0,0,0
22,13,1,0,2,1,0,0,0,0,0,0,3.7201288,0,0,0
24,15,1,0,0,0,0,0,0,0,0,0,3.938722,0,0,0
15,6,1,0,1,0,0,0,0,0,0,0,3.3232315,0,0,0
15,6,1,0,0,0,0,0,0,0,0,0,3.4565647,0,0,0
28,19,1,0,0,0,0,0,0,0,0,0,3.96772,0,0,0
24,15,1,0,0,0,0,0,0,0,0,0,3.5424812,0,0,0
24,15,1,0,0,0,0,0,0,0,0,0,3.6053886,0,0,0
19,10,1,0,0,0,0,0,0,0,0,0,3.6818807,0,0,0
20,11,1,0,3,0,0,0,0,0,0,0,3.7464395,0,0,0
15,6,1,0,0,0,0,0,0,0,0,0,3.2729056,0,0,0
16,7,1,0,0,0,0,0,0,0,0,0,3.3278196,0,0,0
19,10,1,0,0,0,0,0,0,0,0,0,3.6818807,0,0,0
28,19,1,0,0,0,0,0,0,0,0,0,3.8154106,0,0,0
22,13,1,0,0,0,0,0,0,0,0,0,3.788755,0,0,0
19,10,1,0,0,0,0,0,0,0,0,0,3.497156,0,0,0
22,13,1,0,0,0,0,0,0,0,0,0,3.5383105,0,0,0
22,13,1,0,0,0,0,0,0,0,0,0,3.7544417,0,0,0
19,10,1,0,0,0,0,0,0,0,0,0,3.64215,0,0,0
17,8,1,0,0,0,0,0,0,0,0,0,3.4104173,0,0,0
26,17,1,0,0,1,0,0,0,0,0,0,4.132944,0,0,0
21,12,1,0,0,0,0,0,0,0,0,0,3.6537566,0,0,0
21,12,1,0,0,1,0,0,0,0,0,0,3.7489948,0,0,0
27,18,1,0,0,1,0,0,0,0,0,0,3.958229,0,0,0
22,13,1,0,0,0,0,0,0,0,0,0,3.7544417,0,0,0
23,14,1,0,0,0,0,0,0,0,0,0,3.6424897,0,0,0
20,11,1,0,0,0,0,0,0,0,0,0,3.6841838,0,0,0
30,21,1,0,0,2,0,0,0,0,0,0,3.9483943,0,0,0
25,16,1,0,0,1,0,0,0,0,0,0,3.9132698,0,0,0
19,10,1,0,0,0,0,0,0,0,0,0,3.6818807,0,0,0
18,9,1,0,0,0,0,0,0,0,0,0,3.308271,0,0,0
26,17,1,0,0,0,0,0,0,0,0,0,3.9979527,0,0,0
23,14,1,0,0,0,0,0,0,0,0,0,3.7622674,0,0,0
24,15,1,0,0,0,0,0,0,0,0,0,3.6572683,0,0,0
22,13,1,0,2,1,0,0,0,0,0,0,3.7201288,0,0,0
19,10,1,0,0,0,0,0,0,0,0,0,3.5766177,0,0,0
20,11,1,0,1,1,0,0,0,0,0,0,3.6464393,0,0,0
23,14,1,0,0,1,0,0,0,0,0,0,3.7622674,0,0,0
20,11,1,0,0,0,0,0,0,0,0,0,3.508695,0,0,0
21,12,1,0,0,0,0,0,0,0,0,0,3.6178098,0,0,0
19,10,1,0,0,0,0,0,0,0,0,0,3.64215,0,0,0
35,26,1,0,0,0,0,0,0,0,0,0,4.0931497,0,0,0
19,10,1,0,0,0,0,0,0,0,0,0,3.2866294,0,0,0
21,12,1,0,0,0,0,0,0,0,0,0,3.88018,0,0,0
22,13,1,0,0,0,0,0,0,0,0,0,3.7544417,0,0,0
20,11,1,0,0,0,0,0,0,0,0,0,3.6841838,0,0,0
18,9,1,0,0,0,0,0,0,0,0,0,3.4193819,0,0,0
19,10,1,0,0,0,0,0,0,0,0,0,3.64215,0,0,0
23,14,1,0,0,0,0,0,0,0,0,0,3.708132,0,0,0
20,11,1,0,0,0,0,0,0,0,0,0,3.7841837,0,0,0
21,12,1,0,0,0,0,0,0,0,0,0,3.2135134,0,0,0
21,12,1,0,0,0,0,0,0,0,0,0,3.784942,0,0,0
18,9,1,0,0,0,0,0,0,0,0,0,3.6835423,0,0,0
17,8,1,0,0,0,0,0,0,0,0,0,3.6901164,0,0,0
22,13,1,0,0,1,0,0,0,0,0,0,3.788755,0,0,0
21,12,1,0,0,0,0,0,0,0,0,0,3.7489948,0,0,0
19,10,1,0,0,0,0,0,0,0,0,0,3.4316235,0,0,0
16,7,1,0,0,0,0,0,0,0,0,0,3.5778196,0,0,0
20,11,1,0,0,0,0,0,0,0,0,0,3.6464393,0,0,0
27,18,1,0,0,0,0,0,0,0,0,0,3.485826,0,0,0
17,8,1,0,0,0,0,0,0,0,0,0,3.4104173,0,0,0
18,9,1,0,0,0,0,0,0,0,0,0,3.5724313,0,0,0
25,16,1,0,0,0,0,0,0,0,0,0,3.8332696,0,0,0
22,13,1,0,0,0,0,0,0,0,0,0,3.879664,0,0,0
24,15,1,0,0,0,0,0,0,0,0,0,3.7406015,0,0,0
17,8,1,0,0,0,0,0,0,0,0,0,3.4104173,0,0,0
16,7,1,0,0,0,0,0,0,0,0,0,3.4056392,0,0,0
17,8,1,0,0,0,0,0,0,0,0,0,3.5280643,0,0,0
17,8,1,0,0,0,0,0,0,0,0,0,3.4548223,0,0,0
24,15,1,0,2,1,0,0,0,0,0,0,4.022055,0,0,0
28,19,1,0,0,0,0,0,0,0,0,0,3.842371,0,0,0
22,13,1,0,1,0,0,0,0,0,0,0,3.6635327,0,0,0
19,10,1,0,0,0,0,0,0,0,0,0,3.64215,0,0,0
23,14,1,0,0,0,0,0,0,0,0,0,3.6211755,0,0,0
19,10,1,0,0,0,0,0,0,0,0,0,3.3918927,0,0,0
24,15,1,0,0,0,0,0,0,0,0,0,3.8239348,0,0,0
18,9,1,0,0,0,0,0,0,0,0,0,3.7946534,0,0,0
18,9,1,0,0,0,0,0,0,0,0,0,3.530493,0,0,0
22,13,1,0,0,0,0,0,0,0,0,0,3.845351,0,0,0
16,7,1,0,2,0,0,0,0,0,0,0,3.5778196,0,0,0
23,14,1,0,0,0,0,0,0,0,0,0,3.5883543,0,0,0
20,11,1,0,0,0,0,0,0,0,0,0,3.508695,0,0,0
19,10,1,0,0,0,0,0,0,0,0,0,3.6818807,0,0,0
20,11,1,0,0,0,0,0,0,0,0,0,3.8841836,0,0,0
23,14,1,0,0,1,0,0,0,0,0,0,3.6381476,0,0,0
23,14,1,0,0,0,0,0,0,0,0,0,3.3274848,0,0,0
19,10,1,0,0,0,0,0,0,0,0,0,3.787144,0,0,0
22,13,1,0,0,0,0,0,0,0,0,0,3.5160277,0,0,0
20,11,1,0,0,0,0,0,0,0,0,0,3.7841837,0,0,0
25,16,1,0,0,0,0,0,0,0,0,0,3.863465,0,0,0
23,14,1,0,0,0,0,0,0,0,0,0,3.6753109,0,0,0
14,5,1,0,1,0,0,0,0,0,0,0,3.324863,0,0,0
25,16,1,0,0,0,0,0,0,0,0,0,3.7336607,0,0,0
21,12,1,0,0,1,0,0,0,0,0,0,3.422578,0,0,0
16,7,1,0,0,0,0,0,0,0,0,0,3.4528196,0,0,0
23,14,1,0,0,0,0,0,0,0,0,0,3.882045,0,0,0
26,17,1,0,0,0,0,0,0,0,0,0,3.8112314,0,0,0
22,13,1,0,0,0,0,0,0,0,0,0,3.6292198,0,0,0
25,16,1,0,0,0,0,0,0,0,0,0,3.7532697,0,0,0
19,10,1,0,0,0,0,0,0,0,0,0,3.787144,0,0,0
21,12,1,0,0,0,0,0,0,0,0,0,3.3680425,0,0,0
19,10,1,0,0,0,0,0,0,0,0,0,3.787144,0,0,0
20,11,1,0,0,0,0,0,0,0,0,0,3.4841838,0,0,0
19,10,1,0,0,0,0,0,0,0,0,0,3.787144,0,0,0
24,15,1,0,0,0,0,0,0,0,0,0,3.938722,0,0,0
18,9,1,0,0,0,0,0,0,0,0,0,3.6416042,0,0,0
26,17,1,0,0,0,0,0,0,0,0,0,3.7192945,0,0,0
19,10,1,0,0,0,0,0,0,0,0,0,3.3263605,0,0,0
18,9,1,0,0,0,0,0,0,0,0,0,3.308271,0,0,0
19,10,1,0,0,0,0,0,0,0,0,0,3.5368867,0,0,0
19,10,1,0,0,0,0,0,0,0,0,0,3.787144,0,0,0
24,15,1,0,0,0,0,0,0,0,0,0,3.7406015,0,0,0
18,9,1,0,0,0,0,0,0,0,0,0,3.5724313,0,0,0
16,7,1,0,0,0,0,0,0,0,0,0,3.3278196,0,0,0
23,14,1,0,0,0,0,0,0,0,0,0,3.9361804,0,0,0
16,7,1,0,0,0,0,0,0,0,0,0,3.2806392,0,0,0
22,13,1,0,0,0,0,0,0,0,0,0,3.6069367,0,0,0
24,15,1,0,2,1,0,0,0,0,0,0,4.022055,0,0,0
21,12,1,0,0,0,0,0,0,0,0,0,3.5585186,0,0,0
23,14,1,0,2,0,0,0,0,0,0,0,4.0559583,0,0,0
16,7,1,0,0,0,0,0,0,0,0,0,3.3278196,0,0,0
26,17,1,0,0,0,0,0,0,0,0,0,4.0269866,0,0,0
21,12,1,0,0,0,0,0,0,0,0,0,3.975418,0,0,0
20,11,1,0,0,0,0,0,0,0,0,0,3.7464395,0,0,0
15,6,1,0,3,0,0,0,0,0,0,0,3.4565647,0,0,0
19,10,1,0,0,0,0,0,0,0,0,0,3.5766177,0,0,0
22,13,1,0,0,0,0,0,0,0,0,0,3.6292198,0,0,0
19,10,1,0,0,0,0,0,0,0,0,0,3.3263605,0,0,0
19,10,1,0,0,0,0,0,0,0,0,0,3.3918927,0,0,0
15,6,1,0,0,0,0,0,0,0,0,0,3.2729056,0,0,0
21,12,1,0,0,0,0,0,0,0,0,0,3.7489948,0,0,0
16,7,1,0,0,0,0,0,0,0,0,0,3.3278196,0,0,0
20,11,1,0,0,0,0,0,0,0,0,0,3.6464393,0,0,0
20,11,1,0,0,0,0,0,0,0,0,0,3.5464394,0,0,0
24,15,1,0,0,0,0,0,0,0,0,0,3.7720551,0,0,0
17,8,1,0,1,0,0,0,0,0,0,0,3.5724695,0,0,0
21,12,1,0,0,0,0,0,0,0,0,0,3.6897037,0,0,0
15,6,1,0,1,0,0,0,0,0,0,0,3.2729056,0,0,0
20,11,1,0,0,0,0,0,0,0,0,0,3.6841838,0,0,0
22,13,1,0,0,0,0,0,0,0,0,0,3.6635327,0,0,0
22,13,1,0,0,1,0,0,0,0,0,0,3.9705732,0,0,0
23,14,1,0,0,0,0,0,0,0,0,0,3.5883543,0,0,0
24,15,1,0,0,0,0,0,0,0,0,0,3.8553886,0,0,0
19,10,1,0,0,0,0,0,0,0,0,0,3.6818807,0,0,0
24,15,1,0,2,1,0,0,0,0,0,0,4.022055,0,0,0
16,7,1,0,0,0,0,0,0,0,0,0,3.3278196,0,0,0
24,15,1,0,0,0,0,0,0,0,0,0,3.8239348,0,0,0
19,10,1,0,0,0,0,0,0,0,0,0,3.787144,0,0,0
20,11,1,0,0,0,0,0,0,0,0,0,3.3464394,0,0,0
17,8,1,0,0,0,0,0,0,0,0,0,3.5724695,0,0,0
25,16,1,0,0,0,0,0,0,0,0,0,3.7834651,0,0,0
23,14,1,0,0,0,0,0,0,0,0,0,3.9033592,0,0,0
20,11,1,0,0,0,0,0,0,0,0,0,3.6464393,0,0,0
17,8,1,0,0,0,0,0,0,0,0,0,3.3371754,0,0,0
20,11,1,0,0,0,0,0,0,0,0,0,3.8841836,0,0,0
17,8,1,0,0,0,0,0,0,0,0,0,3.4104173,0,0,0
17,8,1,0,0,0,0,0,0,0,0,0,3.2927701,0,0,0
22,13,1,0,0,0,0,0,0,0,0,0,3.845351,0,0,0
27,18,1,0,0,0,0,0,0,0,0,0,3.736007,0,0,0
19,10,1,0,0,0,0,0,0,0,0,0,3.5368867,0,0,0
23,14,1,0,0,0,0,0,0,0,0,0,3.7622674,0,0,0
19,10,1,0,0,0,0,0,0,0,0,0,3.4316235,0,0,0
22,13,1,0,0,0,0,0,0,0,0,0,3.845351,0,0,0
22,13,1,0,0,0,0,0,0,0,0,0,3.6292198,0,0,0
20,11,1,0,0,0,0,0,0,0,0,0,3.8841836,0,0,0
22,13,1,0,0,0,0,0,0,0,0,0,3.6635327,0,0,0
21,12,1,0,0,0,0,0,0,0,0,0,3.4992275,0,0,0
21,12,1,0,0,0,0,0,0,0,0,0,3.5944657,0,0,0
16,7,1,0,3,0,0,0,0,0,0,0,3.1556392,0,0,0
27,18,1,0,0,0,0,0,0,0,0,0,4.060262,0,0,0
24,15,1,0,0,0,0,0,0,0,0,0,4.0535088,0,0,0
18,9,1,0,0,0,0,0,0,0,0,0,3.530493,0,0,0
22,13,1,0,0,1,0,0,0,0,0,0,3.845351,0,0,0
22,13,1,0,0,0,0,0,0,0,0,0,3.697846,0,0,0
24,15,1,0,0,0,0,0,0,0,0,0,3.709148,0,0,0
22,13,1,0,2,1,0,0,0,0,0,0,3.7201288,0,0,0
23,14,1,0,0,0,0,0,0,0,0,0,3.8492239,0,0,0
21,12,1,0,0,1,0,0,0,0,0,0,3.4632804,0,0,0
19,10,1,0,0,0,0,0,0,0,0,0,3.497156,0,0,0
18,9,1,0,0,0,0,0,0,0,0,0,3.530493,0,0,0
19,10,1,0,0,0,0,0,0,0,0,0,3.5368867,0,0,0
21,12,1,0,0,0,0,0,0,0,0,0,3.88018,0,0,0
18,9,1,0,0,0,0,0,0,0,0,0,3.530493,0,0,0
17,8,1,0,0,0,0,0,0,0,0,0,3.5724695,0,0,0
34,25,1,0,0,0,0,0,0,0,0,0,3.9986525,0,0,0
22,13,1,0,0,0,0,0,0,0,0,0,3.788755,0,0,0
19,10,1,0,0,0,0,0,0,0,0,0,3.5766177,0,0,0
20,11,1,0,0,0,0,0,0,0,0,0,3.5464394,0,0,0
19,10,1,0,0,0,0,0,0,0,0,0,3.6818807,0,0,0
25,16,1,0,0,0,0,0,0,0,0,0,3.6732697,0,0,0
22,13,1,0,0,0,0,0,0,0,0,0,3.5726237,0,0,0
18,9,1,0,3,0,0,0,0,0,0,0,3.7946534,0,0,0
19,10,1,0,0,0,0,0,0,0,0,0,3.6818807,0,0,0
29,20,1,0,0,0,0,0,0,0,0,0,3.7193758,0,0,0
22,13,1,0,2,1,0,0,0,0,0,0,3.7201288,0,0,0
18,9,1,0,0,0,0,0,0,0,0,0,3.530493,0,0,0
19,10,1,0,0,0,0,0,0,0,0,0,3.5368867,0,0,0
24,15,1,0,2,1,0,0,0,0,0,0,4.022055,0,0,0
17,8,1,0,0,0,0,0,0,0,0,0,3.4548223,0,0,0
16,7,1,0,0,0,0,0,0,0,0,0,3.4528196,0,0,0
28,19,1,0,2,0,0,0,0,0,0,0,4.0121884,0,0,0
22,13,1,0,0,0,0,0,0,0,0,0,3.6292198,0,0,0
19,10,1,0,0,0,0,0,0,0,0,0,3.4713545,0,0,0
18,9,1,0,0,0,0,0,0,0,0,0,3.4193819,0,0,0
19,10,1,0,0,0,0,0,0,0,0,0,3.3263605,0,0,0
18,9,1,0,0,0,0,0,0,0,0,0,3.308271,0,0,0
21,12,1,0,0,0,0,0,0,0,0,0,3.6537566,0,0,0
22,13,1,0,0,0,0,0,0,0,0,0,3.7544417,0,0,0
18,9,1,0,0,0,0,0,0,0,0,0,3.6835423,0,0,0
18,9,1,0,0,0,0,0,0,0,0,0,3.4613202,0,0,0
20,11,1,0,0,0,0,0,0,0,0,0,3.6841838,0,0,0
23,14,1,0,0,0,0,0,0,0,0,0,3.9361804,0,0,0
22,13,1,0,2,1,0,0,0,0,0,0,3.7201288,0,0,0
28,19,1,0,0,0,0,0,0,0,0,0,3.842371,0,0,0
25,16,1,0,0,0,0,0,0,0,0,0,3.8030741,0,0,0
30,21,1,0,0,0,0,0,0,0,0,0,3.7362435,0,0,0
18,9,1,0,0,0,0,0,0,0,0,0,3.6416042,0,0,0
22,13,1,0,0,0,0,0,0,0,0,0,3.845351,0,0,0
19,10,1,0,1,0,0,0,0,0,0,0,3.5766177,0,0,0
19,10,1,0,0,0,0,0,0,0,0,0,3.4713545,0,0,0
24,15,1,0,2,1,0,0,0,0,0,0,4.022055,0,0,0
22,13,1,0,0,0,0,0,0,0,0,0,3.6635327,0,0,0
25,16,1,0,3,0,0,0,0,0,0,0,3.8332696,0,0,0
24,15,1,0,0,0,0,0,0,0,0,0,3.7720551,0,0,0
19,10,1,0,0,0,0,0,0,0,0,0,3.4316235,0,0,0
16,7,1,0,0,0,0,0,0,0,0,0,3.4056392,0,0,0
24,15,1,0,2,1,0,0,0,0,0,0,4.022055,0,0,0
21,12,1,0,0,0,0,0,0,0,0,0,3.8442328,0,0,0
23,14,1,0,3,0,0,0,0,0,0,0,4.0559583,0,0,0
20,11,1,0,0,0,0,0,0,0,0,0,3.4464393,0,0,0
30,21,1,0,0,1,0,0,0,0,0,0,4.0980687,0,0,0
17,8,1,0,0,0,0,0,0,0,0,0,3.5724695,0,0,0
24,15,1,0,0,0,0,0,0,0,0,0,3.8868423,0,0,0
22,13,1,0,2,1,0,0,0,0,0,0,3.7201288,0,0,0
18,9,1,0,0,0,0,0,0,0,0,0,3.530493,0,0,0
19,10,1,0,0,0,0,0,0,0,0,0,3.4316235,0,0,0
24,15,1,0,2,1,0,0,0,0,0,0,4.022055,0,0,0
33,24,1,0,0,0,0,0,0,0,0,0,4.066677,0,0,0
20,11,1,0,0,0,0,0,0,0,0,0,3.5464394,0,0,0
18,9,1,0,0,0,0,0,0,0,0,0,3.5724313,0,0,0
22,13,1,0,0,0,0,0,0,0,0,0,3.6635327,0,0,0
20,11,1,0,0,0,0,0,0,0,0,0,3.6464393,0,0,0
21,12,1,0,0,0,0,0,0,0,0,0,3.8442328,0,0,0
18,9,1,0,0,0,0,0,0,0,0,0,3.5724313,0,0,0
19,10,1,0,0,0,0,0,0,0,0,0,3.3918927,0,0,0
21,12,1,0,0,0,0,0,0,0,0,0,3.5225716,0,0,0
18,9,1,0,0,0,0,0,0,0,0,0,3.530493,0,0,0
16,7,1,0,3,0,0,0,0,0,0,0,3.5778196,0,0,0
21,12,1,0,0,0,0,0,0,0,0,0,3.7489948,0,0,0
17,8,1,0,0,0,0,0,0,0,0,0,3.3371754,0,0,0
16,7,1,0,1,0,0,0,0,0,0,0,3.2806392,0,0,0
22,13,1,0,2,1,0,0,0,0,0,0,3.7201288,0,0,0
17,8,1,0,0,0,0,0,0,0,0,0,3.5724695,0,0,0
25,16,1,0,0,0,0,0,0,0,0,0,3.6234653,0,0,0
23,14,1,0,0,0,0,0,0,0,0,0,3.8164027,0,0,0
22,13,1,0,2,1,0,0,0,0,0,0,3.7201288,0,0,0
15,6,1,0,0,0,0,0,0,0,0,0,3.3232315,0,0,0
22,13,1,0,0,0,0,0,0,0,0,0,3.6635327,0,0,0
30,21,1,0,0,0,0,0,0,0,0,0,3.9144094,0,0,0
28,19,1,0,0,0,0,0,0,0,0,0,3.8693314,0,0,0
23,14,1,0,0,1,0,0,0,0,0,0,3.9690015,0,0,0
26,17,1,0,0,0,0,0,0,0,0,0,3.8731406,0,0,0
18,9,1,0,0,1,0,0,0,0,0,0,3.6835423,0,0,0
21,12,1,0,0,0,0,0,0,0,0,0,3.5944657,0,0,0
21,12,1,0,0,0,0,0,0,0,0,0,3.784942,0,0,0
20,11,1,0,0,0,0,0,0,0,0,0,3.408695,0,0,0
17,8,1,0,0,0,0,0,0,0,0,0,3.1751232,0,0,0
21,12,1,0,0,1,0,0,0,0,0,0,3.88018,0,0,0
22,13,1,0,2,1,0,0,0,0,0,0,3.7201288,0,0,0
21,12,1,0,0,0,0,0,0,0,0,0,3.6537566,0,0,0
22,13,1,0,0,0,0,0,0,0,0,0,3.6292198,0,0,0
23,14,1,0,0,1,0,0,0,0,0,0,3.6753109,0,0,0
17,8,1,0,0,0,0,0,0,0,0,0,3.4548223,0,0,0
22,13,1,0,2,1,0,0,0,0,0,0,3.6292198,0,0,0
22,13,1,0,0,0,0,0,0,0,0,0,3.5160277,0,0,0
23,14,1,0,0,0,0,0,0,0,0,0,3.8492239,0,0,0
14,5,1,0,0,0,0,0,0,0,0,0,3.1280854,0,0,0
15,6,1,0,0,0,0,0,0,0,0,0,3.189898,0,0,0
25,16,1,0,0,0,0,0,0,0,0,0,3.6234653,0,0,0
20,11,1,0,0,0,0,0,0,0,0,0,3.6464393,0,0,0
19,10,1,0,0,0,0,0,0,0,0,0,3.4713545,0,0,0
17,8,1,0,0,0,0,0,0,0,0,0,3.5724695,0,0,0
17,8,1,0,0,0,0,0,0,0,0,0,3.4548223,0,0,0
36,27,1,0,0,2,0,0,0,0,0,0,4.2181287,0,0,0
20,11,1,0,0,0,0,0,0,0,0,0,3.9841838,0,0,0
22,13,1,0,0,0,0,0,0,0,0,0,3.879664,0,0,0
19,10,1,0,0,0,0,0,0,0,0,0,3.5766177,0,0,0
29,20,1,0,0,0,0,0,0,0,0,0,3.9952378,0,0,0
17,8,1,0,5,0,0,0,0,0,0,0,3.5724695,0,0,0
18,9,1,0,1,1,0,0,0,0,0,0,3.6835423,0,0,0
24,15,1,0,0,0,0,0,0,0,0,0,3.8868423,0,0,0
22,13,1,0,0,0,0,0,0,0,0,0,3.7544417,0,0,0
16,7,1,0,0,0,0,0,0,0,0,0,3.2806392,0,0,0
31,22,1,0,0,0,0,0,0,0,0,0,3.7324445,0,0,0
23,14,1,0,0,0,0,0,0,0,0,0,3.882045,0,0,0
24,15,1,0,2,1,0,0,0,0,0,0,3.938722,0,0,0
24,15,1,0,0,0,0,0,0,0,0,0,3.5383203,0,0,0
19,10,1,0,0,0,0,0,0,0,0,0,3.4316235,0,0,0
18,9,1,0,0,0,0,0,0,0,0,0,3.5724313,0,0,0
17,8,1,0,0,0,0,0,0,0,0,0,3.2927701,0,0,0
17,8,1,0,0,0,0,0,0,0,0,0,3.2927701,0,0,0
22,13,1,0,2,1,0,0,0,0,0,0,3.7201288,0,0,0
24,15,1,0,2,1,0,0,0,0,0,0,4.022055,0,0,0
20,11,1,0,0,0,0,0,0,0,0,0,3.6464393,0,0,0
29,20,1,0,0,0,0,0,0,0,0,0,3.8833375,0,1,0
18,9,1,0,0,0,0,0,0,0,0,0,3.5724313,0,0,0
24,15,1,0,0,0,0,0,0,0,0,0,3.8035088,0,0,0
21,12,1,0,0,0,0,0,0,0,0,0,3.7489948,0,0,0
20,11,1,0,0,0,0,0,0,0,0,0,3.6841838,0,0,0
17,8,1,0,0,0,0,0,0,0,0,0,3.5724695,0,0,0
22,13,1,0,0,0,0,0,0,0,0,0,3.6069367,0,0,0
15,6,1,0,0,0,0,0,0,0,0,0,3.3232315,0,0,0
24,15,1,0,2,1,0,0,0,0,0,0,4.022055,0,0,0
16,7,1,0,0,0,0,0,0,0,0,0,3.3278196,0,0,0
20,11,1,0,0,1,0,0,0,0,0,0,3.508695,0,0,0
36,27,1,0,0,0,0,0,0,0,0,0,4.0304933,0,0,0
20,11,1,0,0,0,0,0,0,0,0,0,3.5464394,0,0,0
21,12,1,0,0,1,0,0,0,0,0,0,3.6178098,0,0,0
20,11,1,0,0,0,0,0,0,0,0,0,3.7464395,0,0,0
16,7,1,0,0,0,0,0,0,0,0,0,3.4056392,0,0,0
22,13,1,0,0,0,0,0,0,0,0,0,3.8110378,0,0,0
19,10,1,0,0,0,0,0,0,0,0,0,3.6818807,0,0,0
22,13,1,0,0,0,0,0,0,0,0,0,3.7544417,0,0,0
20,11,1,0,0,0,0,0,0,0,0,0,3.8841836,0,0,0
25,16,1,0,0,0,0,0,0,0,0,0,3.7834651,0,0,0
23,14,1,0,0,0,0,0,0,0,0,0,3.6424897,0,0,0
16,7,1,0,0,0,0,0,0,0,0,0,3.4528196,0,0,0
17,8,1,0,0,0,0,0,0,0,0,0,3.4104173,0,0,0
19,10,1,0,0,0,0,0,0,0,0,0,3.5766177,0,0,0
22,13,1,0,0,0,0,0,0,0,0,0,3.5726237,0,0,0
28,19,1,0,0,1,0,0,0,0,0,0,4.0121884,0,0,0
16,7,1,0,0,0,0,0,0,0,0,0,3.5778196,0,0,0
22,13,1,0,2,1,0,0,0,0,0,0,3.7201288,0,0,0
20,11,1,0,0,0,0,0,0,0,0,0,3.5464394,0,0,0
23,14,1,0,0,0,0,0,0,0,0,0,3.6424897,0,0,0
19,10,1,0,0,0,0,0,0,0,0,0,3.4713545,0,0,0
16,7,1,0,0,0,0,0,0,0,0,0,3.3278196,0,0,0
26,17,1,0,0,0,0,0,0,0,0,0,3.8441064,0,0,0
19,10,1,0,0,0,0,0,0,0,0,0,3.6818807,0,0,0
16,7,1,0,0,0,0,0,0,0,0,0,3.4056392,0,0,0
23,14,1,0,0,0,0,0,0,0,0,0,3.708132,0,0,0
22,13,1,0,2,1,0,0,0,0,0,0,3.7201288,0,0,0
25,16,1,0,0,0,0,0,0,0,0,0,3.7834651,0,0,0
21,12,1,0,0,0,0,0,0,0,0,0,3.5944657,0,0,0
27,18,1,0,0,0,0,0,0,0,0,0,3.912114,0,0,0
23,14,1,0,0,0,0,0,0,0,0,0,3.7294462,0,0,0
22,13,1,0,2,1,0,0,0,0,0,0,3.7201288,0,0,0
18,9,1,0,0,0,0,0,0,0,0,0,3.5724313,0,0,0
16,7,1,0,0,0,0,0,0,0,0,0,3.4528196,0,0,0
20,11,1,0,0,0,0,0,0,0,0,0,3.7841837,0,0,0
16,7,1,0,0,0,0,0,0,0,0,0,3.4528196,0,0,0
22,13,1,0,0,0,0,0,0,0,0,0,3.5726237,0,0,0
26,17,1,0,0,0,0,0,0,0,0,0,3.6423714,0,0,0
25,16,1,0,0,0,0,0,0,0,0,0,3.6234653,0,0,0
24,15,1,0,0,0,0,0,0,0,0,0,3.7924812,0,0,0
18,9,1,0,0,0,0,0,0,0,0,0,3.6835423,0,0,0
17,8,1,0,0,0,0,0,0,0,0,0,3.5724695,0,0,0
21,12,1,0,0,1,0,0,0,0,0,0,3.7489948,0,0,0
24,15,1,0,0,0,0,0,0,0,0,0,3.6258147,0,0,0
22,13,1,0,0,0,0,0,0,0,0,0,3.6292198,0,0,0
16,7,1,0,0,0,0,0,0,0,0,0,3.4528196,0,0,0
21,12,1,0,0,0,0,0,0,0,0,0,3.7489948,0,0,0
19,10,1,0,0,0,0,0,0,0,0,0,3.2210972,0,0,0
20,11,1,0,0,0,0,0,0,0,0,0,3.7464395,0,0,0
22,13,1,0,2,1,0,0,0,0,0,0,3.7201288,0,0,0
26,17,1,0,0,0,0,0,0,0,0,0,3.8731406,0,0,0
22,13,1,0,0,0,0,0,0,0,0,0,3.6635327,0,0,0
16,7,1,0,0,0,0,0,0,0,0,0,3.4528196,0,0,0
24,15,1,0,2,1,0,0,0,0,0,0,3.938722,0,0,0
24,15,1,0,0,0,0,0,0,0,0,0,3.8553886,0,0,0
23,14,1,0,0,0,0,0,0,0,0,0,3.6424897,0,0,0
20,11,1,0,0,0,0,0,0,0,0,0,3.6841838,0,0,0
17,8,1,0,0,0,0,0,0,0,0,0,3.5280643,0,0,0
22,13,1,0,0,0,0,0,0,0,0,0,3.879664,0,0,0
22,13,1,0,0,0,0,0,0,0,0,0,3.7544417,0,0,0
23,14,1,0,1,0,0,0,0,0,0,0,3.9361804,0,0,0
23,14,1,0,0,0,0,0,0,0,0,0,3.5013978,0,0,0
20,11,1,0,0,0,0,0,0,0,0,0,3.6841838,0,0,0
18,9,1,0,0,0,0,0,0,0,0,0,3.6416042,0,0,0
27,18,1,0,0,0,0,0,0,0,0,0,3.9302704,0,0,0
24,15,1,0,2,1,0,0,0,0,0,0,4.022055,0,0,0
19,10,1,0,0,0,0,0,0,0,0,0,3.4316235,0,0,0
16,7,1,0,2,1,0,0,0,0,0,0,3.4528196,0,0,0
21,12,1,0,0,0,0,0,0,0,0,0,3.6537566,0,0,0
19,10,1,0,0,0,0,0,0,0,0,0,3.5368867,0,0,0
29,20,1,0,0,0,0,0,0,0,0,0,3.857307,0,0,0
22,13,1,0,2,1,0,0,0,0,0,0,3.7201288,0,0,0
20,11,1,0,0,0,0,0,0,0,0,0,3.5464394,0,0,0
19,10,1,0,0,0,0,0,0,0,0,0,3.5368867,0,0,0
18,9,1,0,0,0,0,0,0,0,0,0,3.6835423,0,0,0
20,11,1,0,0,0,0,0,0,0,0,0,3.4464393,0,0,0
18,9,1,0,0,0,0,0,0,0,0,0,3.6835423,0,0,0
22,13,1,0,2,1,0,0,0,0,0,0,3.7201288,0,0,0
18,9,1,0,0,0,0,0,0,0,0,0,3.4193819,0,0,0
22,13,1,0,0,0,0,0,0,0,0,0,3.6069367,0,0,0
21,12,1,0,0,0,0,0,0,0,0,0,3.8442328,0,0,0
15,6,1,0,0,0,0,0,0,0,0,0,3.2729056,0,0,0
17,8,1,0,0,0,0,0,0,0,0,0,3.4548223,0,0,0
16,7,1,0,0,0,0,0,0,0,0,0,3.3278196,0,0,0
25,16,1,0,0,0,0,0,0,0,0,0,3.8136606,0,0,0
18,9,1,0,1,0,0,0,0,0,0,0,3.6835423,0,0,0
24,15,1,0,0,0,0,0,0,0,0,0,3.8035088,0,0,0
21,12,1,0,0,0,0,0,0,0,0,0,3.6537566,0,0,0
17,8,1,0,0,0,0,0,0,0,0,0,3.5724695,0,0,0
24,15,1,0,0,0,0,0,0,0,0,0,3.8868423,0,0,0
18,9,1,0,0,0,0,0,0,0,0,0,3.530493,0,0,0
20,11,1,0,0,0,0,0,0,0,0,0,3.3841836,0,0,0
20,11,1,0,0,0,0,0,0,0,0,0,3.408695,0,0,0
18,9,1,0,0,0,0,0,0,0,0,0,3.5724313,0,0,0
22,13,1,0,2,1,0,0,0,0,0,0,3.7201288,0,0,0
17,8,1,0,0,0,0,0,0,0,0,0,3.2927701,0,0,0
18,9,1,0,0,0,0,0,0,0,0,0,3.4193819,0,0,0
24,15,1,0,2,1,0,0,0,0,0,0,4.022055,0,0,0
23,14,1,0,0,0,0,0,0,0,0,0,3.7950885,0,0,0
24,15,1,0,2,1,0,0,0,0,0,0,4.022055,0,0,0
18,9,1,0,0,0,0,0,0,0,0,0,3.2663326,0,0,0
22,13,1,0,0,0,0,0,0,0,0,0,3.4474015,0,0,0
17,8,1,0,0,0,0,0,0,0,0,0,3.5280643,0,0,0
22,13,1,0,2,1,0,0,0,0,0,0,3.7201288,0,0,0
22,13,1,0,0,0,0,0,0,0,0,0,3.6635327,0,0,0
19,10,1,0,0,0,0,0,0,0,0,0,3.787144,0,0,0
21,12,1,0,0,0,0,0,0,0,0,0,3.975418,0,0,0
24,15,1,0,2,1,0,0,0,0,0,0,4.022055,0,0,0
21,12,1,0,0,0,0,0,0,0,0,0,3.8442328,0,0,0
23,14,1,0,0,0,0,0,0,0,0,0,3.5013978,0,0,0
22,13,1,0,0,0,0,0,0,0,0,0,3.6292198,0,0,0
21,12,1,0,0,0,0,0,0,0,0,0,3.784942,0,0,0
20,11,1,0,0,0,0,0,0,0,0,0,3.7841837,0,0,0
19,10,1,0,0,0,0,0,0,0,0,0,3.64215,0,0,0
23,14,1,0,0,0,0,0,0,0,0,0,3.882045,0,0,0
23,14,1,0,0,1,0,0,0,0,0,0,3.7622674,0,0,0
24,15,1,0,2,1,0,0,0,0,0,0,4.022055,0,0,0
22,13,1,0,0,0,0,0,0,0,0,0,3.4428623,0,0,0
29,20,1,0,0,0,0,0,0,0,0,0,4.116265,0,0,0
22,13,1,0,0,0,0,0,0,0,0,0,3.4817145,0,0,0
19,10,1,0,0,0,0,0,0,0,0,0,3.6818807,0,0,0
24,15,1,0,2,1,0,0,0,0,0,0,4.022055,0,0,0
19,10,1,0,0,0,0,0,0,0,0,0,3.3918927,0,0,0
19,10,1,0,0,0,0,0,0,0,0,0,3.787144,0,0,0
22,13,1,0,2,1,0,0,0,0,0,0,3.7201288,0,0,0
21,12,1,0,0,0,0,0,0,0,0,0,3.8442328,0,0,0
23,14,1,0,2,0,0,0,0,0,0,0,3.708132,0,0,0
20,11,1,0,0,1,0,0,0,0,0,0,3.0464394,0,0,0
20,11,1,0,0,0,0,0,0,0,0,0,3.3464394,0,0,0
20,11,1,0,0,0,0,0,0,0,0,0,3.4464393,0,0,0
15,6,1,0,0,0,0,0,0,0,0,0,3.189898,0,0,0
21,12,1,0,0,0,0,0,0,0,0,0,3.5585186,0,0,0
20,11,1,0,0,0,0,0,0,0,0,0,3.5464394,0,0,0
25,16,1,0,0,1,0,0,0,0,0,0,4.053661,0,0,0
19,10,1,0,0,0,0,0,0,0,0,0,3.497156,0,0,0
20,11,1,0,0,0,0,0,0,0,0,0,3.7841837,0,0,0
19,10,1,0,0,0,0,0,0,0,0,0,3.5368867,0,0,0
19,10,1,0,0,0,0,0,0,0,0,0,3.4316235,0,0,0
20,11,1,0,0,0,0,0,0,0,0,0,3.8841836,0,0,0
17,8,1,0,0,0,0,0,0,0,0,0,3.3371754,0,0,0
17,8,1,0,0,0,0,0,0,0,0,0,3.5724695,0,0,0
22,13,1,0,2,1,0,0,0,0,0,0,3.7201288,0,0,0
15,6,1,0,0,0,0,0,0,0,0,0,3.1395721,0,0,0
21,12,1,0,0,0,0,0,0,0,0,0,3.88018,0,0,0
16,7,1,0,0,0,0,0,0,0,0,0,3.3278196,0,0,0
19,10,1,0,0,0,0,0,0,0,0,0,3.5368867,0,0,0
20,11,1,0,0,1,0,0,0,0,0,0,3.7841837,0,0,0
22,13,1,0,2,1,0,0,0,0,0,0,3.7201288,0,0,0
23,14,1,0,0,0,0,0,0,0,0,0,3.2733495,0,0,0
17,8,1,0,0,1,0,0,0,0,0,0,3.5280643,0,0,0
21,12,1,0,0,0,0,0,0,0,0,0,3.88018,0,0,0
17,8,1,0,0,0,0,0,0,0,0,0,3.6901164,0,0,0
24,15,1,0,0,0,0,0,0,0,0,0,4.0535088,0,0,0
20,11,1,0,0,0,0,0,0,0,0,0,3.7841837,0,0,0
23,14,1,0,0,0,0,0,0,0,0,0,3.6753109,0,0,0
24,15,1,0,2,1,0,0,0,0,0,0,4.022055,0,0,0
18,9,1,0,0,0,0,0,0,0,0,0,3.530493,0,0,0
17,8,1,0,0,0,0,0,0,0,0,0,3.4548223,0,0,0
19,10,1,0,0,0,0,0,0,0,0,0,3.5766177,0,0,0
20,11,1,0,0,0,0,0,0,0,0,0,3.6464393,0,0,0
21,12,1,0,0,0,0,0,0,0,0,0,3.7489948,0,0,0
29,20,1,0,0,0,0,0,0,0,0,0,3.6504104,0,0,0
21,12,1,0,0,0,0,0,0,0,0,0,3.88018,0,0,0
18,9,1,0,0,0,0,0,0,0,0,0,3.4193819,0,0,0
16,7,1,0,1,0,0,0,0,0,0,0,3.5778196,0,0,0
17,8,1,0,0,0,0,0,0,0,0,0,3.6901164,0,0,0
23,14,1,0,0,0,0,0,0,0,0,0,3.8492239,0,0,0
15,6,1,0,0,0,0,0,0,0,0,0,3.4565647,0,0,0
25,16,1,0,0,0,0,0,0,0,0,0,3.863465,0,0,0
23,14,1,0,0,0,0,0,0,0,0,0,3.9361804,0,0,0
23,14,1,0,0,0,0,0,0,0,0,0,4.0559583,0,0,0
21,12,1,0,0,0,0,0,0,0,0,0,3.6178098,0,0,0
28,19,1,0,0,0,0,0,0,0,0,0,3.7673757,0,0,0
19,10,1,0,0,0,0,0,0,0,0,0,3.5368867,0,0,0
20,11,1,0,0,0,0,0,0,0,0,0,3.8464394,0,0,0
23,14,1,0,0,0,0,0,0,0,0,0,3.882045,0,0,0
26,17,1,0,0,0,0,0,0,0,0,0,3.6612263,0,0,0
21,12,1,0,0,0,0,0,0,0,0,0,3.5225716,0,0,0
20,11,1,0,0,0,0,0,0,0,0,0,3.6841838,0,0,0
18,9,1,0,0,0,0,0,0,0,0,0,3.530493,0,0,0
17,8,1,0,0,0,0,0,0,0,0,0,3.5724695,0,0,0
19,10,1,0,0,0,0,0,0,0,0,0,3.5766177,0,0,0
20,11,1,0,1,0,0,0,0,0,0,0,3.4841838,0,0,0
19,10,1,0,0,0,0,0,0,0,0,0,3.5766177,0,0,0
22,13,1,0,0,0,0,0,0,0,0,0,3.697846,0,0,0
18,9,1,0,0,0,0,0,0,0,0,0,3.6835423,0,0,0
17,8,1,0,0,0,0,0,0,0,0,0,3.6901164,0,0,0
24,15,1,0,0,0,0,0,0,0,0,0,3.8553886,0,0,0
20,11,1,0,2,0,0,0,0,0,0,0,3.7841837,0,0,0
20,11,1,0,0,0,0,0,0,0,0,0,3.6464393,0,0,0
25,16,1,0,0,0,0,0,0,0,0,0,3.863465,0,0,0
18,9,1,0,0,0,0,0,0,0,0,0,3.5724313,0,0,0
27,18,1,0,0,0,0,0,0,0,0,0,3.6763906,0,0,0
19,10,1,0,0,0,0,0,0,0,0,0,3.64215,0,0,0
16,7,1,0,0,0,0,0,0,0,0,0,3.4528196,0,0,0
32,23,1,0,0,0,0,0,0,0,0,0,3.7806392,0,0,0
29,20,1,0,0,0,0,0,0,0,0,0,4.0212684,0,0,0
17,8,1,0,0,0,0,0,0,0,0,0,3.2195282,0,0,0
14,5,1,0,0,0,0,0,0,0,0,0,3.182006,0,0,0
22,13,1,0,0,0,0,0,0,0,0,0,3.6635327,0,0,0
23,14,1,0,0,0,0,0,0,0,0,0,3.5013978,0,0,0
26,17,1,0,0,0,0,0,0,0,0,0,3.9790978,0,0,0
21,12,1,0,0,0,0,0,0,0,0,0,3.88018,0,0,0
21,12,1,0,0,0,0,0,0,0,0,0,3.6178098,0,0,0
20,11,1,0,0,0,0,0,0,0,0,0,3.508695,0,0,0
20,11,1,0,0,0,0,0,0,0,0,0,3.7841837,0,0,0
21,12,1,0,0,0,0,0,0,0,0,0,3.8442328,0,0,0
18,9,1,0,0,0,0,0,0,0,0,0,3.5724313,0,0,0
27,18,1,0,0,0,0,0,0,0,0,0,3.810081,0,0,0
24,15,1,0,2,1,0,0,0,0,0,0,4.022055,0,0,0
22,13,1,0,1,0,0,0,0,0,0,0,3.7544417,0,0,0
21,12,1,0,0,0,0,0,0,0,0,0,3.5585186,0,0,0
18,9,1,0,0,0,0,0,0,0,0,0,3.2390978,0,0,0
25,16,1,0,0,0,0,0,0,0,0,0,3.8332696,0,1,0
15,6,1,0,0,0,0,0,0,0,0,0,3.0565648,0,0,0
19,10,1,0,2,0,0,0,0,0,0,0,3.787144,0,0,0
18,9,1,0,0,0,0,0,0,0,0,0,3.6835423,0,0,0
20,11,1,0,0,0,0,0,0,0,0,0,3.5841837,0,0,0
24,15,1,0,2,1,0,0,0,0,0,0,4.022055,0,0,0
20,11,1,0,0,0,0,0,0,0,0,0,3.5464394,0,0,0
24,15,1,0,0,0,0,0,0,0,0,0,3.8553886,0,0,0
22,13,1,0,2,1,0,0,0,0,0,0,3.7201288,0,0,0
26,17,1,0,0,0,0,0,0,0,0,0,3.9210296,0,0,0
20,11,1,0,0,0,0,0,0,0,0,0,3.7464395,0,0,0
29,20,1,0,0,0,0,0,0,0,0,0,3.7454064,0,0,0
19,10,1,0,0,0,0,0,0,0,0,0,3.5766177,0,0,0
16,7,1,0,0,0,0,0,0,0,0,0,3.3278196,0,0,0
19,10,1,0,0,0,0,0,0,0,0,0,3.5368867,0,0,0
16,7,1,0,1,0,0,0,0,0,0,0,3.4528196,0,0,0
22,13,1,0,2,1,0,0,0,0,0,0,3.7201288,0,0,0
18,9,1,0,0,0,0,0,0,0,0,0,3.5724313,0,0,0
22,13,1,0,2,1,0,0,0,0,0,0,3.7201288,0,0,0
18,9,1,0,0,0,0,0,0,0,0,0,3.6835423,0,0,0
24,15,1,0,2,1,0,0,0,0,0,0,4.022055,0,0,0
18,9,1,0,1,0,0,0,0,0,0,0,3.5724313,0,0,0
20,11,1,0,0,1,0,0,0,0,0,0,3.6841838,0,0,0
24,15,1,0,0,0,0,0,0,0,0,0,3.7720551,0,0,0
36,27,1,0,0,0,0,0,0,0,0,0,4.19716,0,0,0
18,9,1,0,0,0,0,0,0,0,0,0,3.2663326,0,0,0
17,8,1,0,0,0,0,0,0,0,0,0,3.1751232,0,0,0
20,11,1,0,0,0,0,0,0,0,0,0,3.7841837,0,0,0
19,10,1,0,0,0,0,0,0,0,0,0,3.3263605,0,0,0
20,11,1,0,0,0,0,0,0,0,0,0,3.7464395,0,0,0
25,16,1,0,0,1,0,0,0,0,0,0,3.9132698,0,0,0
15,6,1,0,0,0,0,0,0,0,0,0,3.4565647,0,0,0
26,17,1,0,0,0,0,0,0,0,0,0,3.6612263,0,0,0
25,16,1,0,0,1,0,0,0,0,0,0,3.8030741,0,0,0
22,13,1,0,0,0,0,0,0,0,0,0,3.879664,0,0,0
19,10,1,0,2,0,0,0,0,0,0,0,3.64215,0,0,0
16,7,1,0,0,0,0,0,0,0,0,0,3.2806392,0,0,0
20,11,1,0,0,0,0,0,0,0,0,0,3.1659572,0,0,0
23,14,1,0,0,0,0,0,0,0,0,0,3.5555332,0,0,0
19,10,1,0,0,0,0,0,0,0,0,0,3.497156,0,0,0
15,6,1,0,0,0,0,0,0,0,0,0,3.4565647,0,0,0
22,13,1,0,0,0,0,0,0,0,0,0,3.788755,0,0,0
21,12,1,0,0,0,0,0,0,0,0,0,3.7489948,0,0,0
22,13,1,0,0,0,0,0,0,0,0,0,3.845351,0,0,0
17,8,1,0,1,0,0,0,0,0,0,0,3.5724695,0,0,0
24,15,1,0,0,0,0,0,0,0,0,0,3.6572683,0,0,0
20,11,1,0,0,0,0,0,0,0,0,0,3.4464393,0,0,0
22,13,1,0,2,1,0,0,0,0,0,0,3.7201288,0,0,0
17,8,1,0,1,0,0,0,0,0,0,0,3.4548223,0,0,0
23,14,1,0,0,0,0,0,0,0,0,0,3.51837,0,0,0
16,7,1,0,0,0,0,0,0,0,0,0,3.4528196,0,0,0
20,11,1,0,0,0,0,0,0,0,0,0,3.508695,0,0,0
25,16,1,0,0,0,0,0,0,0,0,0,3.9132698,0,0,0
23,14,1,0,0,0,0,0,0,0,0,0,3.7622674,0,0,0
28,19,1,0,0,0,0,0,0,0,0,0,4.0121884,0,0,0
26,17,1,0,0,0,0,0,0,0,0,0,3.8919954,0,0,0
23,14,1,0,0,1,0,0,0,0,0,0,3.7950885,0,0,0
15,6,1,0,0,0,0,0,0,0,0,0,3.3232315,0,0,0
18,9,1,0,0,0,0,0,0,0,0,0,3.350209,0,0,0
20,11,1,0,0,0,0,0,0,0,0,0,3.7464395,0,0,0
27,18,1,0,0,0,0,0,0,0,0,0,3.7821221,0,0,0
31,22,1,0,0,1,0,0,0,0,0,0,3.9746954,0,0,0
22,13,1,0,2,1,0,0,0,0,0,0,3.7201288,0,0,0
17,8,1,0,0,0,0,0,0,0,0,0,3.6901164,0,0,0
22,13,1,0,0,0,0,0,0,0,0,0,3.6635327,0,0,0
18,9,1,0,0,0,0,0,0,0,0,0,3.7946534,0,0,0
27,18,1,0,0,0,0,0,0,0,0,0,3.5002837,0,0,0
19,10,1,0,0,0,0,0,0,0,0,0,3.3263605,0,0,0
17,8,1,0,0,0,0,0,0,0,0,0,3.5280643,0,0,0
18,9,1,0,0,0,0,0,0,0,0,0,3.5724313,0,0,0
30,21,1,0,0,1,0,0,0,0,0,0,3.8695767,0,0,0
19,10,1,0,0,0,0,0,0,0,0,0,3.787144,0,0,0
25,16,1,0,0,0,0,0,0,0,0,0,3.863465,0,0,0
21,12,1,0,0,0,0,0,0,0,0,0,3.6897037,0,0,0
23,14,1,0,0,0,0,0,0,0,0,0,3.8492239,0,0,0
33,24,1,0,0,0,0,0,0,0,0,0,3.9831955,0,0,0
23,14,1,0,0,0,0,0,0,0,0,0,3.7294462,0,0,0
19,10,1,0,0,0,0,0,0,0,0,0,3.7474132,0,0,0
22,13,1,0,0,0,0,0,0,0,0,0,3.6635327,0,0,0
26,17,1,0,0,0,0,0,0,0,0,0,3.9210296,0,0,0
22,13,1,0,0,0,0,0,0,0,0,0,3.845351,0,0,0
19,10,1,0,0,0,0,0,0,0,0,0,3.4316235,0,0,0
21,12,1,0,0,1,0,0,0,0,0,0,3.7489948,0,0,0
25,16,1,0,0,0,0,0,0,0,0,0,3.7532697,0,0,0
19,10,1,0,0,0,0,0,0,0,0,0,3.6818807,0,0,0
15,6,1,0,0,0,0,0,0,0,0,0,3.3232315,0,0,0
20,11,1,0,1,0,0,0,0,0,0,0,3.5464394,0,0,0
21,12,1,0,0,0,0,0,0,0,0,0,3.7489948,0,0,0
26,17,1,0,0,0,0,0,0,0,0,0,3.8441064,0,0,0
25,16,1,0,0,0,0,0,0,0,0,0,3.7834651,0,0,0
24,15,1,0,2,1,0,0,0,0,0,0,4.022055,0,0,0
23,14,1,0,0,0,0,0,0,0,0,0,3.7294462,0,0,0
21,12,1,0,0,0,0,0,0,0,0,0,3.5944657,0,0,0
20,11,1,0,0,0,0,0,0,0,0,0,3.5464394,0,0,0
14,5,1,0,0,0,0,0,0,0,0,0,3.182006,0,0,0
19,10,1,0,3,0,0,0,0,0,0,0,3.64215,0,0,0
20,11,1,0,0,0,0,0,0,0,0,0,3.6464393,0,0,0
25,16,1,0,0,0,0,0,0,0,0,0,3.5590796,0,0,0
24,15,1,0,2,1,0,0,0,0,0,0,4.022055,0,0,0
20,11,1,0,0,0,0,0,0,0,0,0,3.7841837,0,0,0
26,17,1,0,0,1,0,0,0,0,0,0,3.9500637,0,0,0
18,9,1,0,0,0,0,0,0,0,0,0,3.530493,0,0,0
17,8,1,0,0,0,0,0,0,0,0,0,3.4548223,0,0,0
21,12,1,0,0,0,0,0,0,0,0,0,3.6537566,0,0,0
20,11,1,0,0,0,0,0,0,0,0,0,3.7464395,0,0,0
18,9,1,0,0,0,0,0,0,0,0,0,3.4613202,0,0,0
22,13,1,0,0,0,0,0,0,0,0,0,3.845351,0,0,0
26,17,1,0,0,0,0,0,0,0,0,0,3.9210296,0,0,0
24,15,1,0,0,0,0,0,0,0,0,0,3.7720551,0,0,0
21,12,1,0,0,0,0,0,0,0,0,0,3.6537566,0,0,0
23,14,1,0,0,0,0,0,0,0,0,0,3.8164027,0,0,0
24,15,1,0,2,0,0,0,0,0,0,0,3.8553886,0,0,0
22,13,1,0,0,0,0,0,0,0,0,0,3.6069367,0,0,0
23,14,1,0,0,0,0,0,0,0,0,0,3.6211755,0,0,0
21,12,1,0,0,0,0,0,0,0,0,0,3.8442328,0,0,0
19,10,1,0,0,0,0,0,0,0,0,0,3.6818807,0,0,0
20,11,1,0,0,0,0,0,0,0,0,0,3.7464395,0,0,0
18,9,1,0,0,1,0,0,0,0,0,0,3.6835423,0,0,0
22,13,1,0,0,0,0,0,0,0,0,0,4.027169,0,0,0
21,12,1,0,0,0,0,0,0,0,0,0,3.6537566,0,0,0
19,10,1,0,0,0,0,0,0,0,0,0,3.64215,0,0,0
22,13,1,0,0,0,0,0,0,0,0,0,3.9705732,0,0,0
22,13,1,0,0,0,0,0,0,0,0,0,3.9705732,0,0,0
18,9,1,0,4,0,0,0,0,0,0,0,3.308271,0,0,0
17,8,1,0,0,0,0,0,0,0,0,0,3.2927701,0,0,0
22,13,1,0,0,0,0,0,0,0,0,0,3.6635327,0,0,0
18,9,1,0,0,0,0,0,0,0,0,0,3.6416042,0,0,0
25,16,1,0,0,0,0,0,0,0,0,0,3.7532697,0,0,0
22,13,1,0,2,1,0,0,0,0,0,0,3.7201288,0,0,0
24,15,1,0,0,0,0,0,0,0,0,0,3.6572683,0,0,0
20,11,1,0,0,0,0,0,0,0,0,0,3.6464393,0,0,0
20,11,1,0,0,0,0,0,0,0,0,0,3.6841838,0,0,0
21,12,1,0,0,0,0,0,0,0,0,0,3.6897037,0,0,0
23,14,1,0,0,0,0,0,0,0,0,0,3.5883543,0,0,0
24,15,1,0,0,0,0,0,0,0,0,0,3.5739348,0,0,0
18,9,1,0,0,0,0,0,0,0,0,0,3.6835423,0,0,0
22,13,1,0,0,0,0,0,0,0,0,0,3.879664,0,0,0
20,11,1,0,0,0,0,0,0,0,0,0,3.7841837,0,0,0
31,22,1,0,0,0,0,0,0,0,0,0,4.1069493,0,0,0
19,10,1,0,0,0,0,0,0,0,0,0,3.5368867,0,0,0
20,11,1,0,0,0,0,0,0,0,0,0,3.5464394,0,0,0
16,7,1,0,0,0,0,0,0,0,0,0,3.3278196,0,0,0
20,11,1,0,0,0,0,0,0,0,0,0,3.5841837,0,0,0
25,16,1,0,0,1,0,0,0,0,0,0,3.9132698,0,0,0
21,12,1,0,0,0,0,0,0,0,0,0,3.6897037,0,0,0
22,13,1,0,0,0,0,0,0,0,0,0,3.6292198,0,0,0
18,9,1,0,0,1,0,0,0,0,0,0,3.3774438,0,0,0
24,15,1,0,0,0,0,0,0,0,0,0,3.6368423,0,0,0
17,8,1,0,0,0,0,0,0,0,0,0,3.5724695,0,0,0
17,8,1,0,0,0,0,0,0,0,0,0,3.4548223,0,0,0
18,9,1,0,0,0,0,0,0,0,0,0,3.4613202,0,0,0
25,16,1,0,0,1,0,0,0,0,0,0,4.133661,0,0,0
26,17,1,0,0,0,0,0,0,0,0,0,4.0560207,0,0,0
21,12,1,0,0,0,0,0,0,0,0,0,3.6537566,0,0,0
16,7,1,0,0,0,0,0,0,0,0,0,3.3278196,0,0,0
24,15,1,0,0,0,0,0,0,0,0,0,3.7720551,0,0,0
23,14,1,0,0,0,0,0,0,0,0,0,3.8492239,0,0,0
24,15,1,0,2,1,0,0,0,0,0,0,4.022055,0,0,0
29,20,1,0,0,0,0,0,0,0,0,0,3.7159321,0,0,0
21,12,1,0,0,0,0,0,0,0,0,0,3.6537566,0,0,0
24,15,1,0,2,0,0,0,0,0,0,0,3.8553886,0,0,0
19,10,1,0,0,0,0,0,0,0,0,0,3.4316235,0,0,0
15,6,1,0,1,0,0,0,0,0,0,0,3.2729056,0,0,0
17,8,1,0,0,0,0,0,0,0,0,0,3.4104173,0,0,0
29,20,1,0,0,0,0,0,0,0,0,0,3.5519705,0,0,0
30,21,1,0,0,0,0,0,0,0,0,0,3.8477428,0,1,0
18,9,1,0,0,0,0,0,0,0,0,0,3.5724313,0,0,0
19,10,1,0,0,0,0,0,0,0,0,0,3.6818807,0,0,0
21,12,1,0,0,0,0,0,0,0,0,0,3.7489948,0,0,0
23,14,1,0,0,0,0,0,0,0,0,0,3.7622674,0,0,0
17,8,1,0,0,0,0,0,0,0,0,0,3.4104173,0,0,0
21,12,1,0,0,0,0,0,0,0,0,0,3.6537566,0,0,0
21,12,1,0,0,0,0,0,0,0,0,0,3.4992275,0,0,0
16,7,1,0,0,0,0,0,0,0,0,0,3.3278196,0,0,0
20,11,1,0,0,0,0,0,0,0,0,0,3.5464394,0,0,0
23,14,1,0,0,0,0,0,0,0,0,0,3.9690015,0,0,0
19,10,1,0,0,0,0,0,0,0,0,0,3.8924072,0,0,0
19,10,1,0,0,0,0,0,0,0,0,0,3.5368867,0,0,0
16,7,1,0,0,0,0,0,0,0,0,0,3.3278196,0,0,0
18,9,1,0,0,0,0,0,0,0,0,0,3.6835423,0,0,0
21,12,1,0,0,0,0,0,0,0,0,0,3.6897037,0,0,0
15,6,1,0,0,0,0,0,0,0,0,0,3.4565647,0,0,0
22,13,1,0,0,0,0,0,0,0,0,0,3.879664,0,0,0
24,15,1,0,0,0,0,0,0,0,0,0,3.8868423,0,0,0
19,10,1,0,0,0,0,0,0,0,0,0,3.5368867,0,0,0
23,14,1,0,0,0,0,0,0,0,0,0,3.6424897,0,0,0
21,12,1,0,0,0,0,0,0,0,0,0,3.4632804,0,0,0
27,18,1,0,3,2,0,0,0,0,0,0,4.2084103,0,0,0
20,11,1,0,0,0,0,0,0,0,0,0,3.8841836,0,0,0
20,11,1,0,0,0,0,0,0,0,0,0,3.6464393,0,0,0
19,10,1,0,0,0,0,0,0,0,0,0,3.5368867,0,0,0
19,10,1,0,0,0,0,0,0,0,0,0,3.787144,0,0,0
27,18,1,0,0,1,0,0,0,0,0,0,4.060262,0,0,0
22,13,1,0,2,1,0,0,0,0,0,0,3.7201288,0,0,0
25,16,1,0,0,0,0,0,0,0,0,0,4.023465,0,0,0
18,9,1,0,0,1,0,0,0,0,0,0,3.5724313,0,0,0
17,8,1,0,0,0,0,0,0,0,0,0,3.5724695,0,0,0
16,7,1,0,3,0,0,0,0,0,0,0,3.4528196,0,0,0
20,11,1,0,0,0,0,0,0,0,0,0,3.4037018,0,0,0
21,12,1,0,0,0,0,0,0,0,0,0,3.7489948,0,0,0
21,12,1,0,0,0,0,0,0,0,0,0,3.975418,0,0,0
18,9,1,0,0,0,0,0,0,0,0,0,3.4193819,0,0,0
15,6,1,0,0,0,0,0,0,0,0,0,3.189898,0,0,0
25,16,1,0,0,0,0,0,0,0,0,0,3.7834651,0,0,0
24,15,1,0,0,0,0,0,0,0,0,0,3.938722,0,0,0
16,7,1,0,0,0,0,0,0,0,0,0,3.4528196,0,0,0
25,16,1,0,0,0,0,0,0,0,0,0,3.863465,0,0,0
20,11,1,0,0,0,0,0,0,0,0,0,3.5841837,0,0,0
20,11,1,0,0,0,0,0,0,0,0,0,3.508695,0,0,0
16,7,1,0,0,0,0,0,0,0,0,0,3.3278196,0,0,0
20,11,1,0,0,0,0,0,0,0,0,0,3.5464394,0,0,0
27,18,1,0,0,0,0,0,0,0,0,0,3.6763906,0,0,0
16,7,1,0,0,0,0,0,0,0,0,0,3.4528196,0,0,0
19,10,1,0,0,0,0,0,0,0,0,0,3.787144,0,0,0
23,14,1,0,0,0,0,0,0,0,0,0,3.6424897,0,0,0
18,9,1,0,0,0,0,0,0,0,0,0,3.6835423,0,0,0
26,17,1,0,0,0,0,0,0,0,0,0,3.8441064,0,0,0
26,17,1,0,0,0,0,0,0,0,0,0,3.9500637,0,0,0
16,7,1,0,0,0,0,0,0,0,0,0,3.4528196,0,0,0
22,13,1,0,2,1,0,0,0,0,0,0,3.7201288,0,0,0
16,7,1,0,0,0,0,0,0,0,0,0,3.2028196,0,0,0
15,6,1,0,0,0,0,0,0,0,0,0,3.3232315,0,0,0
20,11,1,0,0,0,0,0,0,0,0,0,3.5464394,0,0,0
20,11,1,0,0,0,0,0,0,0,0,0,3.5464394,0,0,0
24,15,1,0,2,1,0,0,0,0,0,0,4.022055,0,0,0
23,14,1,0,0,0,0,0,0,0,0,0,3.8492239,0,0,0
22,13,1,0,0,0,0,0,0,0,0,0,3.7544417,0,0,0
22,13,1,0,0,0,0,0,0,0,0,0,3.5160277,0,0,0
24,15,1,0,0,0,0,0,0,0,0,0,3.6368423,0,0,0
24,15,1,0,0,0,0,0,0,0,0,0,3.9072683,0,0,0
20,11,1,0,0,0,0,0,0,0,0,0,3.5464394,0,0,0
16,7,1,0,0,0,0,0,0,0,0,0,3.5778196,0,0,0
17,8,1,0,0,0,0,0,0,0,0,0,3.5724695,0,0,0
22,13,1,0,0,0,0,0,0,0,0,0,3.4428623,0,0,0
20,11,1,0,0,0,0,0,0,0,0,0,3.5464394,0,0,0
22,13,1,0,0,1,0,0,0,0,0,0,3.788755,0,0,0
22,13,1,0,0,0,0,0,0,0,0,0,3.6292198,0,0,0
16,7,1,0,0,0,0,0,0,0,0,0,3.5778196,0,0,0
24,15,1,0,0,1,0,0,0,0,0,0,3.8239348,0,0,0
27,18,1,0,0,0,0,0,0,0,0,0,3.9023116,0,0,0
19,10,1,0,0,0,0,0,0,0,0,0,3.6818807,0,0,0
19,10,1,0,0,0,0,0,0,0,0,0,3.6818807,0,0,0
22,13,1,0,0,0,0,0,0,0,0,0,3.788755,0,0,0
22,13,1,0,0,0,0,0,0,0,0,0,3.7544417,0,0,0
23,14,1,0,0,0,0,0,0,0,0,0,3.7950885,0,0,0
22,13,1,0,0,0,0,0,0,0,0,0,3.6635327,0,0,0
23,14,1,0,0,0,0,0,0,0,0,0,3.6753109,0,0,0
25,16,1,0,0,0,0,0,0,0,0,0,3.7834651,0,0,0
27,18,1,0,0,0,0,0,0,0,0,0,3.986188,0,0,0
21,12,1,0,0,0,0,0,0,0,0,0,3.784942,0,0,0
19,10,1,0,0,0,0,0,0,0,0,0,3.787144,0,0,0
21,12,1,0,0,0,0,0,0,0,0,0,3.4273336,0,0,0
19,10,1,0,0,0,0,0,0,0,0,0,3.5368867,0,0,0
20,11,1,0,0,0,0,0,0,0,0,0,3.7464395,0,0,0
28,19,1,0,0,0,0,0,0,0,0,0,3.94076,0,0,0
24,15,1,0,0,0,0,0,0,0,0,0,3.6053886,0,0,0
28,19,1,0,0,1,0,0,0,0,0,0,3.8693314,0,0,0
35,26,1,0,0,0,0,0,0,0,0,0,4.011585,0,0,0
22,13,1,0,0,1,0,0,0,0,0,0,3.4474015,0,0,0
23,14,1,0,0,0,0,0,0,0,0,0,3.7622674,0,0,0
19,10,1,0,0,0,0,0,0,0,0,0,3.4316235,0,0,0
18,9,1,0,0,0,0,0,0,0,0,0,3.4613202,0,0,0
22,13,1,0,0,0,0,0,0,0,0,0,3.7544417,0,0,0
18,9,1,0,0,0,0,0,0,0,0,0,3.6835423,0,0,0
23,14,1,0,0,0,0,0,0,0,0,0,3.4472625,0,0,0
17,8,1,0,0,0,0,0,0,0,0,0,3.5724695,0,0,0
20,11,1,0,0,0,0,0,0,0,0,0,3.6464393,0,0,0
20,11,1,0,0,0,0,0,0,0,0,0,3.6464393,0,0,0
20,11,1,0,0,0,0,0,0,0,0,0,3.5841837,0,0,0
20,11,1,0,0,0,0,0,0,0,0,0,3.7841837,0,0,0
23,14,1,0,0,0,0,0,0,0,0,0,3.7294462,0,0,0
22,13,1,0,0,0,0,0,0,0,0,0,3.7544417,0,0,0
18,9,1,0,0,0,0,0,0,0,0,0,3.6835423,0,0,0
21,12,1,0,0,0,0,0,0,0,0,0,3.88018,0,0,0
19,10,1,0,1,0,0,0,0,0,0,0,3.6818807,0,0,0
24,15,1,0,0,0,0,0,0,0,0,0,3.6572683,0,0,0
20,11,1,0,0,0,0,0,0,0,0,0,3.6841838,0,0,0
18,9,1,0,0,0,0,0,0,0,0,0,3.6835423,0,0,0
22,13,1,0,0,0,0,0,0,0,0,0,3.6635327,0,0,0
22,13,1,0,2,1,0,0,0,0,0,0,3.7201288,0,0,0
22,13,1,0,2,1,0,0,0,0,0,0,3.6292198,0,0,0
24,15,1,0,0,0,0,0,0,0,0,0,3.7406015,0,0,0
15,6,1,0,0,0,0,0,0,0,0,0,3.4565647,0,0,0
25,16,1,0,0,0,0,0,0,0,0,0,3.8332696,0,0,0
29,20,1,0,0,0,0,0,0,0,0,0,4.090234,0,0,0
20,11,1,0,0,0,0,0,0,0,0,0,3.4841838,0,0,0
18,9,1,0,0,0,0,0,0,0,0,0,3.5724313,0,0,0
20,11,1,0,0,0,0,0,0,0,0,0,3.6841838,0,0,0
22,13,1,0,0,0,0,0,0,0,0,0,3.7544417,0,0,0
24,15,1,0,0,0,0,0,0,0,0,0,3.9072683,0,0,0
22,13,1,0,0,0,0,0,0,0,0,0,3.6069367,0,0,0
18,9,1,0,0,0,0,0,0,0,0,0,3.4193819,0,0,0
21,12,1,0,0,0,0,0,0,0,0,0,3.4632804,0,0,0
19,10,1,0,0,0,0,0,0,0,0,0,3.497156,0,0,0
20,11,1,0,0,0,0,0,0,0,0,0,3.6841838,0,0,0
20,11,1,0,0,0,0,0,0,0,0,0,3.4464393,0,0,0
24,15,1,0,0,0,0,0,0,0,0,0,3.8239348,0,0,0
23,14,1,0,0,0,0,0,0,0,0,0,3.708132,0,0,0
23,14,1,0,0,0,0,0,0,0,0,0,3.5013978,0,0,0
22,13,1,0,0,0,0,0,0,0,0,0,3.5337713,0,0,0
24,15,1,0,0,0,0,0,0,0,0,0,3.7720551,0,0,0
23,14,1,0,0,0,0,0,0,0,0,0,3.7950885,0,0,0
18,9,1,0,0,0,0,0,0,0,0,0,3.2390978,0,0,0
22,13,1,0,0,0,0,0,0,0,0,0,3.4130883,0,0,0
24,15,1,0,0,0,0,0,0,0,0,0,3.6258147,0,0,0
23,14,1,0,0,0,0,0,0,0,0,0,3.8492239,0,0,0
22,13,1,0,0,0,0,0,0,0,0,0,3.5726237,0,0,0
21,12,1,0,0,0,0,0,0,0,0,0,3.5585186,0,0,0
20,11,1,0,0,0,0,0,0,0,0,0,3.4464393,0,0,0
28,19,1,0,0,0,0,0,0,0,0,0,3.7979026,0,0,0
24,15,1,0,2,1,0,0,0,0,0,0,4.022055,0,0,0
16,7,1,0,0,0,0,0,0,0,0,0,3.5778196,0,0,0
23,14,1,0,0,0,0,0,0,0,0,0,3.8492239,0,0,0
17,8,1,0,0,0,0,0,0,0,0,0,3.2483652,0,0,0
20,11,1,0,0,0,0,0,0,0,0,0,3.8464394,0,0,0
24,15,1,0,0,1,0,0,0,0,0,0,3.6531072,0,0,0
30,21,1,0,0,0,0,0,0,0,0,0,3.9483943,0,0,0
20,11,1,0,0,0,0,0,0,0,0,0,3.408695,0,0,0
23,14,1,0,0,0,0,0,0,0,0,0,3.8492239,0,0,0
24,15,1,0,2,1,0,0,0,0,0,0,4.022055,0,0,0
18,9,1,0,0,0,0,0,0,0,0,0,3.5724313,0,0,0
16,7,1,0,0,0,0,0,0,0,0,0,3.2028196,0,0,0
28,19,1,0,0,0,0,0,0,0,0,0,4.0121884,0,0,0
18,9,1,0,0,0,0,0,0,0,0,0,3.5724313,0,0,0
29,20,1,0,0,0,0,0,0,0,0,0,3.9783335,0,0,0
25,16,1,0,0,0,0,0,0,0,0,0,3.7834651,0,0,0
20,11,1,0,0,0,0,0,0,0,0,0,3.6464393,0,0,0
16,7,1,0,0,0,0,0,0,0,0,0,3.3278196,0,0,0
20,11,1,0,0,0,0,0,0,0,0,0,3.3841836,0,0,0
30,21,1,0,0,0,0,0,0,0,0,0,4.148394,0,0,0
21,12,1,0,0,0,0,0,0,0,0,0,3.88018,0,0,0
24,15,1,0,2,1,0,0,0,0,0,0,4.022055,0,0,0
22,13,1,0,0,0,0,0,0,0,0,0,3.5383105,0,0,0
21,12,1,0,0,0,0,0,0,0,0,0,3.4992275,0,0,0
26,17,1,0,0,0,0,0,0,0,0,0,3.9500637,0,0,0
21,12,1,0,0,0,0,0,0,0,0,0,3.6537566,0,0,0
24,15,1,0,2,1,0,0,0,0,0,0,4.022055,0,0,0
19,10,1,0,0,1,0,0,0,0,0,0,3.4316235,0,0,0
19,10,1,0,0,0,0,0,0,0,0,0,3.787144,0,0,0
25,16,1,0,0,0,0,0,0,0,0,0,4.023465,0,0,0
21,12,1,0,0,0,0,0,0,0,0,0,3.88018,0,0,0
22,13,1,0,2,1,0,0,0,0,0,0,3.7201288,0,0,0
18,9,1,0,0,0,0,0,0,0,0,0,3.350209,0,0,0
17,8,1,0,0,0,0,0,0,0,0,0,3.5724695,0,0,0
15,6,1,0,0,0,0,0,0,0,0,0,3.1395721,0,0,0
15,6,1,0,0,0,0,0,0,0,0,0,3.006239,0,0,0
17,8,1,0,0,0,0,0,0,0,0,0,3.5724695,0,0,0
16,7,1,0,0,0,0,0,0,0,0,0,3.4528196,0,0,0
15,6,1,0,0,0,0,0,0,0,0,0,3.3232315,0,0,0
17,8,1,0,0,0,0,0,0,0,0,0,3.4548223,0,0,0
21,12,1,0,0,0,0,0,0,0,0,0,3.7489948,0,0,0
20,11,1,0,0,0,0,0,0,0,0,0,3.2841837,0,0,0
26,17,1,0,0,0,0,0,0,0,0,0,3.9979527,0,0,0
22,13,1,0,0,0,0,0,0,0,0,0,3.5160277,0,0,0
16,7,1,0,0,0,0,0,0,0,0,0,3.4528196,0,0,0
20,11,1,0,0,0,0,0,0,0,0,0,3.6841838,0,0,0
20,11,1,0,0,0,0,0,0,0,0,0,3.7841837,0,0,0
25,16,1,0,0,0,0,0,0,0,0,0,4.023465,0,0,0
17,8,1,0,0,0,0,0,0,0,0,0,3.6901164,0,0,0
24,15,1,0,2,1,0,0,0,0,0,0,4.022055,0,0,0
25,16,1,0,0,0,0,0,0,0,0,0,3.6732697,0,0,0
18,9,1,0,0,0,0,0,0,0,0,0,3.6835423,0,0,0
21,12,1,0,0,0,0,0,0,0,0,0,3.975418,0,0,0
25,16,1,0,0,0,0,0,0,0,0,0,3.6430743,0,0,0
32,23,1,0,0,0,0,0,0,0,0,0,3.9056392,0,0,0
21,12,1,0,2,0,0,0,0,0,0,0,3.8442328,0,0,0
24,15,1,0,0,0,0,0,0,0,0,0,3.8553886,0,0,0
24,15,1,0,2,1,0,0,0,0,0,0,4.022055,0,0,0
21,12,1,0,0,0,0,0,0,0,0,0,3.7130477,0,0,0
25,16,1,0,0,0,0,0,0,0,0,0,3.7336607,0,0,0
21,12,1,0,0,0,0,0,0,0,0,0,3.5585186,0,0,0
23,14,1,0,0,0,0,0,0,0,0,0,3.6424897,0,0,0
24,15,1,0,0,0,0,0,0,0,0,0,3.6572683,0,0,0
16,7,1,0,0,0,0,0,0,0,0,0,3.2028196,0,0,0
26,17,1,0,0,0,0,0,0,0,0,0,3.9979527,0,0,0
18,9,1,0,0,0,0,0,0,0,0,0,3.6416042,0,0,0
19,10,1,0,0,0,0,0,0,0,0,0,3.787144,0,0,0
23,14,1,0,0,0,0,0,0,0,0,0,3.8164027,0,0,0
21,12,1,0,0,0,0,0,0,0,0,0,3.6537566,0,0,0
22,13,1,0,2,1,0,0,0,0,0,0,3.7201288,0,0,0
24,15,1,0,0,0,0,0,0,0,0,0,3.9701755,0,0,0
18,9,1,0,0,0,0,0,0,0,0,0,3.1552215,0,0,0
22,13,1,0,0,0,0,0,0,0,0,0,3.4817145,0,0,0
25,16,1,0,0,0,0,0,0,0,0,0,3.7230742,0,0,0
20,11,1,0,0,0,0,0,0,0,0,0,3.7841837,0,0,0
16,7,1,0,0,0,0,0,0,0,0,0,3.3278196,0,0,0
20,11,1,0,0,0,0,0,0,0,0,0,3.6841838,0,0,0
19,10,1,0,0,0,0,0,0,0,0,0,3.3263605,0,0,0
23,14,1,0,0,0,0,0,0,0,0,0,3.8164027,0,0,0
18,9,1,0,0,0,0,0,0,0,0,0,3.4193819,0,0,0
21,12,1,0,0,0,0,0,0,0,0,0,3.784942,0,0,0
21,12,1,0,0,0,0,0,0,0,0,0,3.975418,0,0,0
21,12,1,0,0,0,0,0,0,0,0,0,3.784942,0,0,0
15,6,1,0,2,0,0,0,0,0,0,0,3.4565647,0,0,0
15,6,1,0,0,0,0,0,0,0,0,0,3.1395721,0,0,0
17,8,1,0,0,0,0,0,0,0,0,0,3.4104173,0,0,0
18,9,1,0,0,0,0,0,0,0,0,0,3.7946534,0,0,0
18,9,1,0,0,0,0,0,0,0,0,0,3.530493,0,0,0
21,12,1,0,1,0,0,0,0,0,0,0,3.8442328,0,0,0
22,13,1,0,2,1,0,0,0,0,0,0,3.7201288,0,0,0
24,15,1,0,0,0,0,0,0,0,0,0,3.8239348,0,0,0
18,9,1,0,0,0,0,0,0,0,0,0,3.5724313,0,0,0
21,12,1,0,0,0,0,0,0,0,0,0,3.7489948,0,0,0
33,24,1,0,0,0,0,0,0,0,0,0,4.043802,0,0,0
18,9,1,0,0,0,0,0,0,0,0,0,3.6835423,0,0,0
22,13,1,0,0,0,0,0,0,0,0,0,3.7201288,0,0,0
21,12,1,0,0,0,0,0,0,0,0,0,3.6537566,0,0,0
23,14,1,0,0,0,0,0,0,0,0,0,4.0559583,0,0,0
22,13,1,0,0,0,0,0,0,0,0,0,3.7544417,0,0,0
25,16,1,0,0,0,0,0,0,0,0,0,3.7834651,0,0,0
18,9,1,0,0,0,0,0,0,0,0,0,3.6835423,0,0,0
22,13,1,0,2,1,0,0,0,0,0,0,3.7201288,0,0,0
16,7,1,0,0,0,0,0,0,0,0,0,3.4056392,0,0,0
22,13,1,0,0,0,0,0,0,0,0,0,3.9705732,0,0,0
22,13,1,0,2,1,0,0,0,0,0,0,3.7201288,0,0,0
24,15,1,0,2,1,0,0,0,0,0,0,4.022055,0,0,0
24,15,1,0,0,0,0,0,0,0,0,0,3.7720551,0,0,0
24,15,1,0,2,1,0,0,0,0,0,0,3.938722,0,0,0
22,13,1,0,0,0,0,0,0,0,0,0,3.6635327,0,0,0
28,19,1,0,0,0,0,0,0,0,0,0,4.0661087,0,0,0
18,9,1,0,0,0,0,0,0,0,0,0,3.6835423,0,0,0
18,9,1,0,0,0,0,0,0,0,0,0,3.4613202,0,0,0
24,15,1,0,0,0,0,0,0,0,0,0,3.688722,0,0,0
20,11,1,0,0,0,0,0,0,0,0,0,3.5841837,0,0,0
21,12,1,0,0,0,0,0,0,0,0,0,3.784942,0,0,0
22,13,1,0,0,0,0,0,0,0,0,0,3.6292198,0,0,0
23,14,1,0,0,0,0,0,0,0,0,0,3.708132,0,0,0
19,10,1,0,0,0,0,0,0,0,0,0,3.5368867,0,0,0
22,13,1,0,0,0,0,0,0,0,0,0,3.6635327,0,0,0
29,20,1,0,0,0,0,0,0,0,0,0,3.9353986,0,0,0
30,21,1,0,0,0,0,0,0,0,0,0,3.7777472,0,0,0
18,9,1,0,0,0,0,0,0,0,0,0,3.127987,0,0,0
28,19,1,0,0,1,0,0,0,0,0,0,3.96772,0,0,0
21,12,1,0,0,1,0,0,0,0,0,0,3.975418,0,0,0
18,9,1,0,0,0,0,0,0,0,0,0,3.2663326,0,0,0
19,10,1,0,0,0,0,0,0,0,0,0,3.787144,0,0,0
17,8,1,0,0,0,0,0,0,0,0,0,3.5724695,0,0,0
26,17,1,0,0,2,0,0,0,0,0,0,3.7962177,0,0,0
17,8,1,0,0,0,0,0,0,0,0,0,3.2927701,0,0,0
22,13,1,0,0,0,0,0,0,0,0,0,3.5726237,0,0,0
18,9,1,0,0,0,0,0,0,0,0,0,3.4613202,0,0,0
19,10,1,0,0,0,0,0,0,0,0,0,3.2608283,0,0,0
19,10,1,0,0,0,0,0,0,0,0,0,3.787144,0,0,0
19,10,1,0,0,0,0,0,0,0,0,0,3.64215,0,0,0
19,10,1,0,0,0,0,0,0,0,0,0,3.5766177,0,0,0
19,10,1,0,0,0,0,0,0,0,0,0,3.787144,0,0,0
21,12,1,0,0,0,0,0,0,0,0,0,3.6537566,0,0,0
22,13,1,0,0,0,0,0,0,0,0,0,3.6635327,0,0,0
19,10,1,0,0,0,0,0,0,0,0,0,3.6818807,0,0,0
22,13,1,0,2,1,0,0,0,0,0,0,3.7201288,0,0,0
21,12,1,0,0,0,0,0,0,0,0,0,3.4632804,0,0,0
22,13,1,0,0,0,0,0,0,0,0,0,3.7544417,0,0,0
24,15,1,0,2,1,0,0,0,0,0,0,4.022055,0,0,0
15,6,1,0,0,0,0,0,0,0,0,0,3.4565647,0,0,0
25,16,1,0,0,0,0,0,0,0,0,0,3.7834651,0,0,0
15,6,1,0,0,0,0,0,0,0,0,0,3.1395721,0,0,0
18,9,1,0,0,0,0,0,0,0,0,0,3.4193819,0,0,0
21,12,1,0,0,0,0,0,0,0,0,0,3.6897037,0,0,0
22,13,1,0,0,0,0,0,0,0,0,0,3.879664,0,0,0
15,6,1,0,0,0,0,0,0,0,0,0,3.3232315,0,0,0
24,15,1,0,0,0,0,0,0,0,0,0,3.7201755,0,0,0
20,11,1,0,0,0,0,0,0,0,0,0,3.7841837,0,0,0
23,14,1,0,0,0,0,0,0,0,0,0,3.6753109,0,0,0
15,6,1,0,0,0,0,0,0,0,0,0,3.4565647,0,0,0
20,11,1,0,0,0,0,0,0,0,0,0,3.408695,0,0,0
17,8,1,0,0,0,0,0,0,0,0,0,3.3371754,0,0,0
19,10,1,0,0,0,0,0,0,0,0,0,3.3660913,0,0,0
20,11,1,0,0,0,0,0,0,0,0,0,3.6464393,0,0,0
29,20,1,0,0,0,0,0,0,0,0,0,3.952303,0,0,0
16,7,1,0,0,0,0,0,0,0,0,0,3.3278196,0,0,0
31,22,1,0,0,0,0,0,0,0,0,0,3.6626124,0,0,0
19,10,1,0,0,0,0,0,0,0,0,0,3.2210972,0,0,0
19,10,1,0,0,0,0,0,0,0,0,0,3.5368867,0,0,0
22,13,1,0,0,0,0,0,0,0,0,0,3.4817145,0,0,0
24,15,1,0,0,0,0,0,0,0,0,0,3.8239348,0,0,0
18,9,1,0,0,0,0,0,0,0,0,0,3.4193819,0,0,0
22,13,1,0,0,0,0,0,0,0,0,0,3.4251184,0,0,0
19,10,1,0,0,0,0,0,0,0,0,0,3.4316235,0,0,0
24,15,1,0,0,0,0,0,0,0,0,0,4.0535088,0,0,0
21,12,1,0,0,0,0,0,0,0,0,0,3.784942,0,0,0
24,15,1,0,2,1,0,0,0,0,0,0,4.022055,0,0,0
20,11,1,0,0,0,0,0,0,0,0,0,3.6464393,0,0,0
19,10,1,0,0,0,0,0,0,0,0,0,3.6818807,0,0,0
20,11,1,0,1,0,0,0,0,0,0,0,3.7841837,0,0,0
21,12,1,0,0,0,0,0,0,0,0,0,3.5944657,0,0,0
18,9,1,0,0,0,0,0,0,0,0,0,3.5724313,0,0,0
24,15,1,0,2,1,0,0,0,0,0,0,4.022055,0,0,0
30,21,1,0,0,0,0,0,0,0,0,0,3.806239,0,0,0
17,8,1,0,2,0,0,0,0,0,0,0,3.6901164,0,0,0
18,9,1,0,0,0,0,0,0,0,0,0,3.4193819,0,0,0
21,12,1,0,0,0,0,0,0,0,0,0,3.8442328,0,0,0
21,12,1,0,0,0,0,0,0,0,0,0,3.7489948,0,0,0
15,6,1,0,0,0,0,0,0,0,0,0,3.2729056,0,0,0
18,9,1,0,0,0,0,0,0,0,0,0,3.4613202,0,0,0
19,10,1,0,0,0,0,0,0,0,0,0,3.787144,0,0,0
18,9,1,0,0,0,0,0,0,0,0,0,3.4613202,0,0,0
25,16,1,0,0,0,0,0,0,0,0,0,3.7532697,0,0,0
20,11,1,0,0,0,0,0,0,0,0,0,3.6464393,0,0,0
22,13,1,0,2,1,0,0,0,0,0,0,3.7201288,0,0,0
17,8,1,0,0,0,0,0,0,0,0,0,3.4548223,0,0,0
20,11,1,0,0,0,0,0,0,0,0,0,3.6464393,0,0,0
23,14,1,0,0,0,0,0,0,0,0,0,3.6424897,0,0,0
25,16,1,0,0,0,0,0,0,0,0,0,3.6732697,0,0,0
18,9,1,0,0,0,0,0,0,0,0,0,3.308271,0,0,0
21,12,1,0,0,0,0,0,0,0,0,0,3.6537566,0,0,0
21,12,1,0,0,0,0,0,0,0,0,0,3.5225716,0,0,0
24,15,1,0,0,0,0,0,0,0,0,0,3.5739348,0,0,0
15,6,1,0,0,0,0,0,0,0,0,0,3.3232315,0,0,0
23,14,1,0,0,0,0,0,0,0,0,0,3.8492239,0,0,0
16,7,1,0,0,0,0,0,0,0,0,0,3.3278196,0,0,0
27,18,1,0,0,0,0,0,0,0,0,0,3.958229,0,0,0
18,9,1,0,0,0,0,0,0,0,0,0,3.6835423,0,0,0
21,12,1,0,0,0,0,0,0,0,0,0,3.88018,0,0,0
18,9,1,0,0,0,0,0,0,0,0,0,3.4193819,0,0,0
19,10,1,0,0,0,0,0,0,0,0,0,3.64215,0,0,0
17,8,1,0,0,0,0,0,0,0,0,0,3.5724695,0,0,0
27,18,1,0,0,0,0,0,0,0,0,0,3.7262046,0,1,0
20,11,1,0,0,0,0,0,0,0,0,0,3.6464393,0,0,0
24,15,1,0,0,0,0,0,0,0,0,0,3.8868423,0,0,0
18,9,1,0,0,0,0,0,0,0,0,0,3.6416042,0,0,0
18,9,1,0,0,0,0,0,0,0,0,0,3.5724313,0,0,0
19,10,1,0,0,0,0,0,0,0,0,0,3.64215,0,0,0
18,9,1,0,0,0,0,0,0,0,0,0,3.4193819,0,0,0
23,14,1,0,0,0,0,0,0,0,0,0,3.7950885,0,0,0
21,12,1,0,3,0,0,0,0,0,0,0,3.975418,0,0,0
16,7,1,0,0,0,0,0,0,0,0,0,3.5778196,0,0,0
18,9,1,0,1,0,0,0,0,0,0,0,3.4193819,0,0,0
22,13,1,0,0,0,0,0,0,0,0,0,3.5160277,0,0,0
24,15,1,0,0,0,0,0,0,0,0,0,3.6572683,0,0,0
24,15,1,0,0,0,0,0,0,0,0,0,3.9072683,0,0,0
28,19,1,0,0,0,0,0,0,0,0,0,4.0121884,0,0,0
22,13,1,0,0,0,0,0,0,0,0,0,3.6292198,0,0,0
20,11,1,0,0,0,0,0,0,0,0,0,3.4841838,0,0,0
22,13,1,0,0,0,0,0,0,0,0,0,3.7544417,0,0,0
18,9,1,0,0,0,0,0,0,0,0,0,3.530493,0,0,0
15,6,1,0,0,0,0,0,0,0,0,0,3.4565647,0,0,0
23,14,1,0,0,0,0,0,0,0,0,0,3.7294462,0,0,0
21,12,1,0,0,0,0,0,0,0,0,0,3.4039896,0,0,0
22,13,1,0,0,0,0,0,0,0,0,0,3.7544417,0,0,0
23,14,1,0,0,0,0,0,0,0,0,0,3.9033592,0,0,0
19,10,1,0,0,0,0,0,0,0,0,0,3.5368867,0,0,0
22,13,1,0,0,0,0,0,0,0,0,0,3.879664,0,0,0
20,11,1,0,0,0,0,0,0,0,0,0,3.8841836,0,0,0
20,11,1,0,0,0,0,0,0,0,0,0,3.6841838,0,0,0
31,22,1,0,0,0,0,0,0,0,0,0,3.8646984,0,0,0
18,9,1,0,0,0,0,0,0,0,0,0,3.4613202,0,0,0
27,18,1,0,0,0,0,0,0,0,0,0,4.060262,0,0,0
26,17,1,0,0,0,0,0,0,0,0,0,3.8731406,0,0,0
19,10,1,0,0,0,0,0,0,0,0,0,3.4713545,0,0,0
14,5,1,0,0,0,0,0,0,0,0,0,3.182006,0,0,0
24,15,1,0,0,0,0,0,0,0,0,0,3.8035088,0,0,0
21,12,1,0,0,0,0,0,0,0,0,0,3.3680425,0,0,0
26,17,1,0,0,1,0,0,0,0,0,0,3.9021747,0,0,0
22,13,1,0,2,1,0,0,0,0,0,0,3.7201288,0,0,0
23,14,1,0,0,0,0,0,0,0,0,0,3.6424897,0,0,0
24,15,1,0,0,0,0,0,0,0,0,0,3.7720551,0,0,0
20,11,1,0,0,0,0,0,0,0,0,0,3.5464394,0,0,0
22,13,1,0,2,1,0,0,0,0,0,0,3.6292198,0,0,0
22,13,1,0,2,0,0,0,0,0,0,0,3.879664,0,0,0
20,11,1,0,0,0,0,0,0,0,0,0,3.8841836,0,0,0
29,20,1,0,0,0,0,0,0,0,0,0,3.909368,0,0,0
18,9,1,0,0,0,0,0,0,0,0,0,3.5724313,0,1,0
22,13,1,0,0,0,0,0,0,0,0,0,3.879664,0,0,0
29,20,1,0,0,0,0,0,0,0,0,0,3.6933453,0,0,0
16,7,1,0,0,0,0,0,0,0,0,0,3.4528196,0,0,0
19,10,1,0,0,0,0,0,0,0,0,0,3.4316235,0,0,0
23,14,1,0,0,1,0,0,0,0,0,0,3.51837,0,0,0
18,9,1,0,1,0,0,0,0,0,0,0,3.4193819,0,0,0
23,14,1,0,0,0,0,0,0,0,0,0,3.6753109,0,0,0
24,15,1,0,0,0,0,0,0,0,0,0,3.938722,0,0,0
25,16,1,0,0,0,0,0,0,0,0,0,3.8332696,0,0,0
18,9,1,0,0,0,0,0,0,0,0,0,3.530493,0,0,0
17,8,1,0,0,0,0,0,0,0,0,0,3.4104173,0,0,0
22,13,1,0,0,0,0,0,0,0,0,0,3.879664,0,0,0
17,8,1,0,0,1,0,0,0,0,0,0,3.3371754,0,0,0
22,13,1,0,0,0,0,0,0,0,0,0,3.7201288,0,0,0
15,6,1,0,0,0,0,0,0,0,0,0,3.2729056,0,0,0
17,8,1,0,0,0,0,0,0,0,0,0,3.4548223,0,0,0
19,10,1,0,0,0,0,0,0,0,0,0,3.787144,0,0,0
21,12,1,0,0,0,0,0,0,0,0,0,3.3320954,0,0,0
22,13,1,0,0,0,0,0,0,0,0,0,3.845351,0,0,0
23,14,1,0,0,0,0,0,0,0,0,0,3.7622674,0,0,0
23,14,1,0,0,0,0,0,0,0,0,0,3.7950885,0,0,0
19,10,1,0,0,0,0,0,0,0,0,0,3.5368867,0,0,0
24,15,1,0,0,0,0,0,0,0,0,0,3.8553886,0,0,0
19,10,1,0,0,0,0,0,0,0,0,0,3.6818807,0,0,0
20,11,1,0,1,0,0,0,0,0,0,0,3.7841837,0,0,0
24,15,1,0,0,0,0,0,0,0,0,0,3.7720551,0,0,0
24,15,1,0,2,1,0,0,0,0,0,0,4.022055,0,0,0
25,16,1,0,2,2,0,0,0,0,0,0,3.9434652,0,0,0
21,12,1,0,0,0,0,0,0,0,0,0,3.4992275,0,0,0
19,10,1,0,0,0,0,0,0,0,0,0,3.64215,0,0,0
20,11,1,0,0,0,0,0,0,0,0,0,3.7841837,0,0,0
31,22,1,0,0,1,0,0,0,0,0,0,4.0911355,0,0,0
18,9,1,0,1,0,0,0,0,0,0,0,3.6416042,0,0,0
24,15,1,0,0,0,0,0,0,0,0,0,3.8239348,0,0,0
23,14,1,0,0,0,0,0,0,0,0,0,3.7622674,0,0,0
24,15,1,0,2,1,0,0,0,0,0,0,3.938722,0,0,0
23,14,1,0,0,0,0,0,0,0,0,0,3.8164027,0,0,0
16,7,1,0,0,0,0,0,0,0,0,0,3.3278196,0,0,0
24,15,1,0,2,0,0,0,0,0,0,0,3.8868423,0,0,0
17,8,1,0,0,0,0,0,0,0,0,0,3.5280643,0,0,0
26,17,1,0,0,0,0,0,0,0,0,0,3.8441064,0,0,0
21,12,1,0,0,0,0,0,0,0,0,0,3.784942,0,0,0
19,10,1,0,0,0,0,0,0,0,0,0,3.787144,0,0,0
15,6,1,0,0,0,0,0,0,0,0,0,3.3232315,0,0,0
19,10,1,0,0,0,0,0,0,0,0,0,3.5368867,0,0,0
21,12,1,0,0,0,0,0,0,0,0,0,3.5585186,0,0,0
20,11,1,0,0,0,0,0,0,0,0,0,3.5841837,0,0,0
18,9,1,0,0,0,0,0,0,0,0,0,3.6835423,0,0,0
22,13,1,0,0,0,0,0,0,0,0,0,3.7201288,0,0,0
17,8,1,0,1,0,0,0,0,0,0,0,3.5724695,0,0,0
19,10,1,0,0,0,0,0,0,0,0,0,3.5368867,0,0,0
18,9,1,0,0,0,0,0,0,0,0,0,3.6835423,0,0,0
23,14,1,0,0,0,0,0,0,0,0,0,3.4685767,0,0,0
21,12,1,0,0,0,0,0,0,0,0,0,3.6178098,0,0,0
24,15,1,0,2,1,0,0,0,0,0,0,4.022055,0,0,0
23,14,1,0,0,1,0,0,0,0,0,0,3.882045,0,0,0
18,9,1,0,0,0,0,0,0,0,0,0,3.4193819,0,0,0
15,6,1,0,0,0,0,0,0,0,0,0,3.3232315,0,0,0
18,9,1,0,0,0,0,0,0,0,0,0,3.2663326,0,0,0
21,12,1,0,0,0,0,0,0,0,0,0,3.4039896,0,0,0
25,16,1,0,0,0,0,0,0,0,0,0,3.7834651,0,0,0
24,15,1,0,0,0,0,0,0,0,0,0,3.9072683,0,0,0
16,7,1,0,1,0,0,0,0,0,0,0,3.1084585,0,0,0
21,12,1,0,0,0,0,0,0,0,0,0,3.5225716,0,0,0
17,8,1,0,0,0,0,0,0,0,0,0,3.130718,0,0,0
15,6,1,0,0,0,0,0,0,0,0,0,3.1395721,0,0,0
21,12,1,0,0,0,0,0,0,0,0,0,3.6897037,0,0,0
23,14,1,0,0,0,0,0,0,0,0,0,3.4685767,0,0,0
21,12,1,0,0,0,0,0,0,0,0,0,3.7489948,0,0,0
17,8,1,0,0,0,0,0,0,0,0,0,3.2483652,0,0,0
19,10,1,0,0,0,0,0,0,0,0,0,3.5368867,0,0,0
19,10,1,0,0,0,0,0,0,0,0,0,3.5368867,0,0,0
23,14,1,0,0,0,0,0,0,0,0,0,3.882045,0,0,0
17,8,1,0,0,0,0,0,0,0,0,0,3.5724695,0,0,0
24,15,1,0,2,1,0,0,0,0,0,0,4.022055,0,0,0
18,9,1,0,0,0,0,0,0,0,0,0,3.4193819,0,0,0
19,10,1,0,0,0,0,0,0,0,0,0,3.5766177,0,0,0
19,10,1,0,0,0,0,0,0,0,0,0,3.5766177,0,0,0
21,12,1,0,0,0,0,0,0,0,0,0,3.5225716,0,0,0
18,9,1,0,0,0,0,0,0,0,0,0,3.5724313,0,0,0
25,16,1,0,0,0,0,0,0,0,0,0,3.9434652,0,0,0
20,11,1,0,0,0,0,0,0,0,0,0,3.6464393,0,0,0
15,6,1,0,1,0,0,0,0,0,0,0,3.3232315,0,0,0
22,13,1,0,2,1,0,0,0,0,0,0,3.7201288,0,0,0
22,13,1,0,0,0,0,0,0,0,0,0,3.7544417,0,0,0
19,10,1,0,0,0,0,0,0,0,0,0,3.5766177,0,0,0
27,18,1,0,0,0,0,0,0,0,0,0,3.7821221,0,0,0
22,13,1,0,0,0,0,0,0,0,0,0,3.697846,0,0,0
19,10,1,0,0,0,0,0,0,0,0,0,3.6818807,0,0,0
15,6,1,0,0,0,0,0,0,0,0,0,2.9232314,0,0,0
20,11,1,0,0,0,0,0,0,0,0,0,3.1659572,0,0,0
21,12,1,0,0,0,0,0,0,0,0,0,3.8442328,0,0,0
22,13,1,0,0,0,0,0,0,0,0,0,3.7201288,0,0,0
22,13,1,0,1,0,0,0,0,0,0,0,3.7544417,0,0,0
23,14,1,0,0,0,0,0,0,0,0,0,3.6753109,0,0,0
19,10,1,0,0,0,0,0,0,0,0,0,3.787144,0,0,0
24,15,1,0,2,1,0,0,0,0,0,0,4.022055,0,0,0
16,7,1,0,2,0,0,0,0,0,0,0,3.4056392,0,0,0
14,5,1,0,0,0,0,0,0,0,0,0,3.324863,0,0,0
22,13,1,0,0,0,0,0,0,0,0,0,3.5160277,0,0,0
18,9,1,0,0,0,0,0,0,0,0,0,3.4193819,0,0,0
14,5,1,0,0,0,0,0,0,0,0,0,3.0391486,0,0,0
18,9,1,0,0,0,0,0,0,0,0,0,3.308271,0,0,0
16,7,1,0,0,0,0,0,0,0,0,0,3.5778196,0,0,0
20,11,1,0,0,0,0,0,0,0,0,0,3.4841838,0,0,0
20,11,1,0,0,0,0,0,0,0,0,0,3.7841837,0,0,0
21,12,1,0,0,0,0,0,0,0,0,0,3.6897037,0,0,0
18,9,1,0,0,0,0,0,0,0,0,0,3.4613202,0,0,0
21,12,1,0,0,0,0,0,0,0,0,0,3.784942,0,0,0
17,8,1,0,0,0,0,0,0,0,0,0,3.2483652,0,0,0
26,17,1,0,0,0,0,0,0,0,0,0,3.9790978,0,0,0
21,12,1,0,1,0,0,0,0,0,0,0,3.6178098,0,0,0
19,10,1,0,0,0,0,0,0,0,0,0,3.4713545,0,0,0
22,13,1,0,0,0,0,0,0,0,0,0,3.879664,0,0,0
16,7,1,0,1,0,0,0,0,0,0,0,3.4528196,0,0,0
18,9,1,0,0,0,0,0,0,0,0,0,3.5724313,0,0,0
19,10,1,0,0,0,0,0,0,0,0,0,3.0761032,0,0,0
22,13,1,0,0,0,0,0,0,0,0,0,3.7201288,0,0,0
19,10,1,0,0,0,0,0,0,0,0,0,3.3660913,0,0,0
20,11,1,0,0,0,0,0,0,0,0,0,3.7464395,0,0,0
24,15,1,0,0,0,0,0,0,0,0,0,3.7720551,0,0,0
24,15,1,0,2,1,0,0,0,0,0,0,4.022055,0,0,0
18,9,1,0,0,0,0,0,0,0,0,0,3.6835423,0,0,0
18,9,1,0,0,0,0,0,0,0,0,0,3.2663326,0,0,0
18,9,1,0,0,0,0,0,0,0,0,0,3.308271,0,0,0
21,12,1,0,0,1,0,0,0,0,0,0,3.7489948,0,0,0
20,11,1,0,0,1,0,0,0,0,0,0,3.508695,0,0,0
17,8,1,0,0,0,0,0,0,0,0,0,3.3371754,0,0,0
22,13,1,0,0,0,0,0,0,0,0,0,3.7201288,0,0,0
21,12,1,0,0,0,0,0,0,0,0,0,3.6897037,0,0,0
15,6,1,0,0,0,0,0,0,0,0,0,3.3232315,0,0,0
22,13,1,0,0,0,0,0,0,0,0,0,3.7544417,0,0,0
19,10,1,0,0,1,0,0,0,0,0,0,3.5368867,0,0,0
16,7,1,0,0,0,0,0,0,0,0,0,3.5778196,0,0,0
20,11,1,0,0,0,0,0,0,0,0,0,3.6464393,0,0,0
17,8,1,0,0,0,0,0,0,0,0,0,3.4548223,0,0,0
16,7,1,0,0,0,0,0,0,0,0,0,3.4528196,0,0,0
18,9,1,0,0,0,0,0,0,0,0,0,3.2663326,0,0,0
19,10,1,0,2,0,0,0,0,0,0,0,3.64215,0,0,0
23,14,1,0,0,0,0,0,0,0,0,0,3.9690015,0,0,0
20,11,1,0,0,0,0,0,0,0,0,0,3.7841837,0,0,0
16,7,1,0,0,0,0,0,0,0,0,0,3.4528196,0,0,0
17,8,1,0,0,0,0,0,0,0,0,0,3.5724695,0,0,0
21,12,1,0,0,0,0,0,0,0,0,0,3.5585186,0,0,0
24,15,1,0,0,0,0,0,0,0,0,0,3.7406015,0,0,0
29,20,1,0,0,0,0,0,0,0,0,0,4.1422954,0,0,0
21,12,1,0,2,0,0,0,0,0,0,0,3.975418,0,0,0
35,26,1,0,0,0,0,0,0,0,0,0,3.9328744,0,0,0
19,10,1,0,0,0,0,0,0,0,0,0,3.6818807,0,0,0
24,15,1,0,0,0,0,0,0,0,0,0,3.7201755,0,0,0
19,10,1,0,1,0,0,0,0,0,0,0,3.4316235,0,0,0
23,14,1,0,0,0,0,0,0,0,0,0,3.7950885,0,0,0
15,6,1,0,0,0,0,0,0,0,0,0,3.1395721,0,0,0
17,8,1,0,0,0,0,0,0,0,0,0,3.5724695,0,0,0
24,15,1,0,0,0,0,0,0,0,0,0,3.4072683,0,0,0
24,15,1,0,2,0,0,0,0,0,0,0,3.7720551,0,0,0
19,10,1,0,1,0,0,0,0,0,0,0,3.5368867,0,0,0
22,13,1,0,0,0,0,0,0,0,0,0,3.6292198,0,1,0
22,13,1,0,0,0,0,0,0,0,0,0,3.845351,0,0,0
19,10,1,0,0,0,0,0,0,0,0,0,3.64215,0,0,0
18,9,1,0,0,0,0,0,0,0,0,0,3.4193819,0,0,0
22,13,1,0,0,0,0,0,0,0,0,0,3.788755,0,0,0
19,10,1,0,0,0,0,0,0,0,0,0,3.4316235,0,0,0
20,11,1,0,0,0,0,0,0,0,0,0,3.7464395,0,0,0
23,14,1,0,0,0,0,0,0,0,0,0,3.5013978,0,0,0
31,22,1,0,0,0,0,0,0,0,0,0,3.9101794,0,0,0
19,10,1,0,0,0,0,0,0,0,0,0,3.6818807,0,0,0
16,7,1,0,0,0,0,0,0,0,0,0,3.1556392,0,0,0
22,13,1,0,0,0,0,0,0,0,0,0,3.7544417,0,0,0
23,14,1,0,0,0,0,0,0,0,0,0,3.3816202,0,0,0
20,11,1,0,0,0,0,0,0,0,0,0,3.8841836,0,0,0
20,11,1,0,0,0,0,0,0,0,0,0,3.5841837,0,0,0
22,13,1,0,1,0,0,0,0,0,0,0,3.845351,0,0,0
15,6,1,0,2,0,0,0,0,0,0,0,3.2729056,0,0,0
16,7,1,0,0,0,0,0,0,0,0,0,3.4528196,0,0,0
19,10,1,0,0,0,0,0,0,0,0,0,3.3866365,0,0,0
18,9,1,0,0,0,0,0,0,0,0,0,3.530493,0,0,0
15,6,1,0,0,0,0,0,0,0,0,0,3.4565647,0,0,0
19,10,1,0,0,0,0,0,0,0,0,0,3.6818807,0,0,0
29,20,1,0,0,0,0,0,0,0,0,0,3.8404026,0,0,0
23,14,1,0,0,0,0,0,0,0,0,0,3.882045,0,0,0
29,20,1,0,0,0,0,0,0,0,0,0,3.6243796,0,0,0
18,9,1,0,0,0,0,0,0,0,0,0,3.3774438,0,0,0
19,10,1,0,0,0,0,0,0,0,0,0,3.787144,0,1,0
22,13,1,0,2,1,0,0,0,0,0,0,3.7201288,0,0,0
15,6,1,0,0,0,0,0,0,0,0,0,3.2729056,0,0,0
25,16,1,0,1,1,0,0,0,0,0,0,4.023465,0,0,0
20,11,1,0,0,0,0,0,0,0,0,0,3.7464395,0,0,0
18,9,1,0,0,0,0,0,0,0,0,0,3.2390978,0,0,0
25,16,1,0,0,0,0,0,0,0,0,0,3.6234653,0,0,0
17,8,1,0,0,0,0,0,0,0,0,0,3.6901164,0,0,0
19,10,1,0,0,0,0,0,0,0,0,0,3.4316235,0,0,0
20,11,1,0,0,0,0,0,0,0,0,0,3.7841837,0,0,0
25,16,1,0,0,0,0,0,0,0,0,0,3.9434652,0,0,0
18,9,1,0,0,0,0,0,0,0,0,0,3.0860486,0,0,0
23,14,1,0,0,0,0,0,0,0,0,0,3.7294462,0,0,0
19,10,1,0,0,0,0,0,0,0,0,0,3.6818807,0,0,0
24,15,1,0,0,0,0,0,0,0,0,0,3.8868423,0,0,0
18,9,1,0,0,0,0,0,0,0,0,0,3.5724313,0,0,0
18,9,1,0,0,0,0,0,0,0,0,0,3.5724313,0,0,0
21,12,1,0,0,0,0,0,0,0,0,0,3.6897037,0,0,0
21,12,1,0,0,0,0,0,0,0,0,0,3.4992275,0,0,0
16,7,1,0,0,0,0,0,0,0,0,0,3.3278196,0,0,0
30,21,1,0,0,0,0,0,0,0,0,0,4.0314016,0,0,0
24,15,1,0,0,0,0,0,0,0,0,0,3.9701755,0,0,0
22,13,1,0,0,0,0,0,0,0,0,0,3.879664,0,0,0
16,7,1,0,0,0,0,0,0,0,0,0,3.4528196,0,0,0
22,13,1,0,0,0,0,0,0,0,0,0,3.6635327,0,0,0
20,11,1,0,0,0,0,0,0,0,0,0,3.6841838,0,0,0
17,8,1,0,0,0,0,0,0,0,0,0,3.4548223,0,0,0
23,14,1,0,0,0,0,0,0,0,0,0,3.9361804,0,0,0
20,11,1,0,0,0,0,0,0,0,0,0,3.8841836,0,0,0
24,15,1,0,2,1,0,0,0,0,0,0,4.022055,0,0,0
25,16,1,0,0,0,0,0,0,0,0,0,3.9434652,0,0,0
26,17,1,0,0,0,0,0,0,0,0,0,3.8731406,0,0,0
25,16,1,0,0,0,0,0,0,0,0,0,3.7834651,0,0,0
18,9,1,0,0,0,0,0,0,0,0,0,3.6835423,0,0,0
31,22,1,0,0,1,0,0,0,0,0,0,4.01486,0,0,0
21,12,1,0,0,0,0,0,0,0,0,0,3.6537566,0,0,0
23,14,1,0,0,0,0,0,0,0,0,0,3.9361804,0,0,0
22,13,1,0,2,1,0,0,0,0,0,0,3.7201288,0,0,0
16,7,1,0,2,0,0,0,0,0,0,0,3.4056392,0,0,0
21,12,1,0,0,0,0,0,0,0,0,0,3.7489948,0,0,0
24,15,1,0,3,0,0,0,0,0,0,0,3.9701755,0,0,0
18,9,1,0,0,0,0,0,0,0,0,0,3.4613202,0,0,0
21,12,1,0,0,0,0,0,0,0,0,0,3.6897037,0,0,0
20,11,1,0,1,0,0,0,0,0,0,0,3.3841836,0,0,0
20,11,1,0,0,1,0,0,0,0,0,0,3.6464393,0,0,0
17,8,1,0,0,0,0,0,0,0,0,0,3.5724695,0,0,0
23,14,1,0,0,0,0,0,0,0,0,0,3.6211755,0,0,0
18,9,1,0,0,0,0,0,0,0,0,0,3.6835423,0,0,0
22,13,1,0,0,0,0,0,0,0,0,0,3.3908055,0,0,0
18,9,1,0,0,0,0,0,0,0,0,0,3.5724313,0,0,0
22,13,1,0,0,0,0,0,0,0,0,0,3.879664,0,0,0
21,12,1,0,0,0,0,0,0,0,0,0,3.5585186,0,0,0
27,18,1,0,0,0,0,0,0,0,0,0,3.633974,0,0,0
21,12,1,0,0,0,0,0,0,0,0,0,3.88018,0,0,0
24,15,1,0,0,0,0,0,0,0,0,0,3.8239348,0,0,0
21,12,1,0,0,0,0,0,0,0,0,0,3.784942,0,0,0
20,11,1,0,1,0,0,0,0,0,0,0,3.3841836,0,0,0
24,15,1,0,2,1,0,0,0,0,0,0,4.022055,0,0,0
15,6,1,0,0,0,0,0,0,0,0,0,3.3232315,0,0,0
32,23,1,0,0,0,0,0,0,0,0,0,3.6709585,0,0,0
17,8,1,0,0,0,0,0,0,0,0,0,3.4104173,0,0,0
19,10,1,0,0,0,0,0,0,0,0,0,3.6818807,0,0,0
23,14,1,0,0,0,0,0,0,0,0,0,3.6211755,0,0,0
18,9,1,0,0,0,0,0,0,0,0,0,3.4193819,0,0,0
30,21,1,0,0,0,0,0,0,0,0,0,4.0314016,0,0,0
27,18,1,0,0,0,0,0,0,0,0,0,3.958229,0,0,0
23,14,1,0,0,1,0,0,0,0,0,0,3.882045,0,0,0
26,17,1,0,0,0,0,0,0,0,0,0,3.8731406,0,0,0
22,13,1,0,0,0,0,0,0,0,0,0,3.7544417,0,0,0
23,14,1,0,0,0,0,0,0,0,0,0,3.6424897,0,0,0
17,8,1,0,0,0,0,0,0,0,0,0,3.5724695,0,0,0
22,13,1,0,0,0,0,0,0,0,0,0,3.6635327,0,0,0
26,17,1,0,0,0,0,0,0,0,0,0,3.9500637,0,0,0
16,7,1,0,0,0,0,0,0,0,0,0,3.0778196,0,0,0
22,13,1,0,0,1,0,0,0,0,0,0,3.879664,0,0,0
17,8,1,0,0,0,0,0,0,0,0,0,3.5724695,0,0,0
18,9,1,0,0,0,0,0,0,0,0,0,3.530493,0,0,0
20,11,1,0,0,0,0,0,0,0,0,0,3.508695,0,0,0
20,11,1,0,0,0,0,0,0,0,0,0,3.7841837,0,0,0
17,8,1,0,0,0,0,0,0,0,0,0,3.1751232,0,0,0
22,13,1,0,0,0,0,0,0,0,0,0,3.7544417,0,0,0
23,14,1,0,0,0,0,0,0,0,0,0,3.5883543,0,0,0
21,12,1,0,0,0,0,0,0,0,0,0,3.975418,0,0,0
23,14,1,0,0,0,0,0,0,0,0,0,3.882045,0,0,0
20,11,1,0,0,0,0,0,0,0,0,0,3.6464393,0,0,0
18,9,1,0,0,0,0,0,0,0,0,0,3.308271,0,0,0
25,16,1,0,0,0,0,0,0,0,0,0,3.863465,0,0,0
14,5,1,0,0,0,0,0,0,0,0,0,3.182006,0,0,0
21,12,1,0,0,0,0,0,0,0,0,0,3.4992275,0,0,0
21,12,1,0,0,0,0,0,0,0,0,0,3.88018,0,0,0
22,13,1,0,2,1,0,0,0,0,0,0,3.7201288,0,0,0
25,16,1,0,0,0,0,0,0,0,0,0,3.9736607,0,0,0
23,14,1,0,0,0,0,0,0,0,0,0,3.6753109,0,0,0
15,6,1,0,0,0,0,0,0,0,0,0,3.1395721,0,0,0
27,18,1,0,0,0,0,0,0,0,0,0,3.958229,0,0,0
16,7,1,0,0,0,0,0,0,0,0,0,3.3278196,0,0,0
23,14,1,0,0,0,0,0,0,0,0,0,3.6753109,0,0,0
21,12,1,0,0,0,0,0,0,0,0,0,3.88018,0,0,0
23,14,1,0,0,1,0,0,0,0,0,0,3.8164027,0,0,0
23,14,1,0,0,0,0,0,0,0,0,0,3.8492239,0,0,0
17,8,1,0,3,0,0,0,0,0,0,0,3.4104173,0,0,0
18,9,1,0,0,0,0,0,0,0,0,0,3.5724313,0,0,0
21,12,1,0,0,0,0,0,0,0,0,0,3.6537566,0,0,0
17,8,1,0,0,0,0,0,0,0,0,0,3.4104173,0,0,0
21,12,1,0,0,0,0,0,0,0,0,0,3.3680425,0,0,0
19,10,1,0,0,0,0,0,0,0,0,0,3.5766177,0,0,0
18,9,1,0,0,0,0,0,0,0,0,0,3.4193819,0,0,0
18,9,1,0,0,0,0,0,0,0,0,0,3.6835423,0,0,0
21,12,1,0,0,0,0,0,0,0,0,0,3.784942,0,0,0
17,8,1,0,0,0,0,0,0,0,0,0,3.5724695,0,0,0
25,16,1,0,2,2,0,0,0,0,0,0,3.9434652,0,0,0
24,15,1,0,0,0,0,0,0,0,0,0,3.5424812,0,0,0
21,12,1,0,0,0,0,0,0,0,0,0,3.5225716,0,0,0
18,9,1,0,0,0,0,0,0,0,0,0,3.6416042,0,0,0
21,12,1,0,1,0,0,0,0,0,0,0,3.5225716,0,0,0
28,19,1,0,0,0,0,0,0,0,0,0,3.6550455,0,0,0
17,8,1,0,1,0,0,0,0,0,0,0,3.2195282,0,0,0
22,13,1,0,0,0,0,0,0,0,0,0,4.1523914,0,0,0
22,13,1,0,0,0,0,0,0,0,0,0,3.845351,0,0,0
16,7,1,0,0,0,0,0,0,0,0,0,3.4528196,0,0,0
25,16,1,0,0,1,0,0,0,0,0,0,3.5434651,0,0,0
24,15,1,0,0,0,0,0,0,0,0,0,3.938722,0,0,0
20,11,1,0,0,0,0,0,0,0,0,0,3.6464393,0,0,0
18,9,1,0,0,0,0,0,0,0,0,0,3.5724313,0,0,0
21,12,1,0,0,0,0,0,0,0,0,0,3.88018,0,0,0
22,13,1,0,0,1,0,0,0,0,0,0,3.879664,0,0,0
25,16,1,0,1,0,0,0,0,0,0,0,4.023465,0,0,0
21,12,1,0,0,0,0,0,0,0,0,0,3.784942,0,0,0
20,11,1,0,0,0,0,0,0,0,0,0,3.408695,0,0,0
22,13,1,0,0,1,0,0,0,0,0,0,3.5383105,0,0,0
19,10,1,0,0,0,0,0,0,0,0,0,3.5368867,0,0,0
17,8,1,0,0,0,0,0,0,0,0,0,3.5724695,0,0,0
18,9,1,0,0,0,0,0,0,0,0,0,3.308271,0,0,0
30,21,1,0,0,0,0,0,0,0,0,0,4.0980687,0,0,0
21,12,1,0,1,0,0,0,0,0,0,0,3.7489948,0,0,0
20,11,1,0,0,1,0,0,0,0,0,0,3.408695,0,0,0
20,11,1,0,0,0,0,0,0,0,0,0,3.4464393,0,0,0
24,15,1,0,0,0,0,0,0,0,0,0,3.6572683,0,0,0
18,9,1,0,0,0,0,0,0,0,0,0,3.350209,0,0,0
20,11,1,0,0,0,0,0,0,0,0,0,3.8464394,0,0,0
16,7,1,0,0,0,0,0,0,0,0,0,3.5778196,0,0,0
21,12,1,0,0,0,0,0,0,0,0,0,3.5585186,0,0,0
24,15,1,0,2,1,0,0,0,0,0,0,4.022055,0,0,0
19,10,1,0,0,0,0,0,0,0,0,0,3.64215,0,0,0
23,14,1,0,0,0,0,0,0,0,0,0,3.7622674,0,0,0
19,10,1,0,0,0,0,0,0,0,0,0,3.4713545,0,0,0
22,13,1,0,0,0,0,0,0,0,0,0,3.6635327,0,0,0
21,12,1,0,0,0,0,0,0,0,0,0,3.4992275,0,0,0
24,15,1,0,0,1,0,0,0,0,0,0,3.938722,0,0,0
19,10,1,0,0,0,0,0,0,0,0,0,3.4316235,0,0,0
28,19,1,0,0,0,0,0,0,0,0,0,3.96772,0,0,0
24,15,1,0,0,0,0,0,0,0,0,0,3.7406015,0,0,0
32,23,1,0,0,0,0,0,0,0,0,0,4.0153193,0,0,0
22,13,1,0,0,0,0,0,0,0,0,0,3.6292198,0,0,0
22,13,1,0,0,0,0,0,0,0,0,0,3.7544417,0,0,0
19,10,1,0,0,0,0,0,0,0,0,0,3.64215,0,0,0
16,7,1,0,0,0,0,0,0,0,0,0,3.4528196,0,0,0
17,8,1,0,0,0,0,0,0,0,0,0,3.5724695,0,0,0
29,20,1,0,0,1,0,0,0,0,0,0,3.857307,0,0,0
22,13,1,0,0,0,0,0,0,0,0,0,3.5383105,0,0,0
23,14,1,0,0,0,0,0,0,0,0,0,3.7950885,0,0,0
17,8,1,0,0,0,0,0,0,0,0,0,3.5724695,0,0,0
21,12,1,0,0,0,0,0,0,0,0,0,3.784942,0,0,0
22,13,1,0,0,0,0,0,0,0,0,0,3.7544417,0,0,0
29,20,1,0,0,0,0,0,0,0,0,0,4.047299,0,0,0
17,8,1,0,0,0,0,0,0,0,0,0,3.5724695,0,0,0
20,11,1,0,0,0,0,0,0,0,0,0,3.6464393,0,0,0
24,15,1,0,0,0,0,0,0,0,0,0,3.8553886,0,0,0
20,11,1,0,0,1,0,0,0,0,0,0,3.9841838,0,0,0
21,12,1,0,0,0,0,0,0,0,0,0,3.88018,0,0,0
21,12,1,0,0,0,0,0,0,0,0,0,3.422578,0,0,0
20,11,1,0,0,0,0,0,0,0,0,0,3.6841838,0,0,0
20,11,1,0,0,1,0,0,0,0,0,0,3.8841836,0,0,0
20,11,1,0,0,0,0,0,0,0,0,0,3.7841837,0,0,0
20,11,1,0,0,0,0,0,0,0,0,0,3.4464393,0,0,0
16,7,1,0,0,0,0,0,0,0,0,0,3.4528196,0,0,0
22,13,1,0,0,0,0,0,0,0,0,0,3.6292198,0,0,0
15,6,1,0,0,0,0,0,0,0,0,0,3.4565647,0,0,0
24,15,1,0,2,1,0,0,0,0,0,0,4.022055,0,0,0
30,21,1,0,0,0,0,0,0,0,0,0,3.9144094,0,0,0
20,11,1,0,0,1,0,0,0,0,0,0,3.6841838,0,0,0
18,9,1,0,0,0,0,0,0,0,0,0,3.4193819,0,0,0
15,6,1,0,0,0,0,0,0,0,0,0,3.2729056,0,0,0
19,10,1,0,0,1,0,0,0,0,0,0,3.6818807,0,0,0
19,10,1,0,4,0,0,0,0,0,0,0,3.8924072,0,0,0
22,13,1,0,0,1,0,0,0,0,0,0,3.788755,0,0,0
26,17,1,0,0,0,0,0,0,0,0,0,3.7483287,0,0,0
20,11,1,0,2,0,0,0,0,0,0,0,3.5464394,0,0,0
18,9,1,0,0,0,0,0,0,0,0,0,3.7946534,0,0,0
24,15,1,0,0,0,0,0,0,0,0,0,3.7720551,0,0,0
22,13,1,0,0,0,0,0,0,0,0,0,3.6292198,0,0,0
22,13,1,0,0,0,0,0,0,0,0,0,3.7544417,0,0,0
17,8,1,0,0,0,0,0,0,0,0,0,3.5724695,0,0,0
16,7,1,0,0,0,0,0,0,0,0,0,3.4528196,0,0,0
23,14,1,0,0,0,0,0,0,0,0,0,3.8492239,0,0,0
25,16,1,0,0,0,0,0,0,0,0,0,3.863465,0,0,0
23,14,1,0,0,0,0,0,0,0,0,0,3.9361804,0,0,0
27,18,1,0,0,0,0,0,0,0,0,0,4.0323033,0,0,0
20,11,1,0,0,0,0,0,0,0,0,0,3.8841836,0,0,0
22,13,1,0,0,0,0,0,0,0,0,0,3.5160277,0,0,0
18,9,1,0,0,0,0,0,0,0,0,0,3.6416042,0,0,0
21,12,1,0,0,1,0,0,0,0,0,0,3.6897037,0,0,0
23,14,1,0,0,0,0,0,0,0,0,0,3.5555332,0,0,0
18,9,1,0,2,0,0,0,0,0,0,0,3.5724313,0,0,0
16,7,1,0,0,0,0,0,0,0,0,0,3.4528196,0,0,0
24,15,1,0,2,1,0,0,0,0,0,0,4.022055,0,0,0
19,10,1,0,0,1,0,0,0,0,0,0,3.787144,0,0,0
25,16,1,0,0,0,0,0,0,0,0,0,3.9434652,0,0,0
25,16,1,0,0,0,0,0,0,0,0,0,3.8332696,0,0,0
30,21,1,0,0,2,0,0,0,0,0,0,3.8980684,0,0,0
21,12,1,0,0,0,0,0,0,0,0,0,3.88018,0,0,0
24,15,1,0,0,0,0,0,0,0,0,0,3.688722,0,0,0
22,13,1,0,0,0,0,0,0,0,0,0,3.6635327,0,0,0
18,9,1,0,0,0,0,0,0,0,0,0,3.6835423,0,0,0
17,8,1,0,0,0,0,0,0,0,0,0,3.4104173,0,0,0
22,13,1,0,0,0,0,0,0,0,0,0,3.845351,0,0,0
24,15,1,0,0,0,0,0,0,0,0,0,4.022055,0,0,0
23,14,1,0,0,0,0,0,0,0,0,0,3.6424897,0,0,0
17,8,1,0,0,0,0,0,0,0,0,0,3.5724695,0,0,0
17,8,1,0,0,0,0,0,0,0,0,0,3.4548223,0,0,0
21,12,1,0,0,1,0,0,0,0,0,0,3.6537566,0,0,0
18,9,1,0,0,0,0,0,0,0,0,0,3.308271,0,0,0
17,8,1,0,0,0,0,0,0,0,0,0,3.2927701,0,0,0
16,7,1,0,0,0,0,0,0,0,0,0,3.2806392,0,0,0
27,18,1,0,0,1,0,0,0,0,0,0,4.060262,0,0,0
23,14,1,0,0,1,0,0,0,0,0,0,4.0559583,0,0,0
21,12,1,0,0,0,0,0,0,0,0,0,3.3680425,0,0,0
22,13,1,0,0,0,0,0,0,0,0,0,3.697846,0,0,0
15,6,1,0,0,0,0,0,0,0,0,0,3.4565647,0,0,0
25,16,1,0,0,0,0,0,0,0,0,0,4.023465,0,1,0
17,8,1,0,0,0,0,0,0,0,0,0,3.4548223,0,0,0
16,7,1,0,0,0,0,0,0,0,0,0,3.5778196,0,0,0
17,8,1,0,1,0,0,0,0,0,0,0,3.4104173,0,0,0
28,19,1,0,0,0,0,0,0,0,0,0,3.8962915,0,0,0
17,8,1,0,0,0,0,0,0,0,0,0,3.5724695,0,0,0
18,9,1,0,0,0,0,0,0,0,0,0,3.530493,0,0,0
22,13,1,0,0,0,0,0,0,0,0,0,3.6292198,0,0,0
19,10,1,0,0,0,0,0,0,0,0,0,3.787144,0,0,0
19,10,1,0,0,0,0,0,0,0,0,0,3.787144,0,0,0
19,10,1,0,0,0,0,0,0,0,0,0,3.4316235,0,0,0
24,15,1,0,0,0,0,0,0,0,0,0,3.4549868,0,0,0
27,18,1,0,0,1,0,0,0,0,0,0,3.736007,0,0,0
25,16,1,0,0,0,0,0,0,0,0,0,3.7532697,0,0,0
25,16,1,0,0,0,0,0,0,0,0,0,3.7532697,0,0,0
20,11,1,0,0,0,0,0,0,0,0,0,3.8841836,0,0,0
22,13,1,0,0,0,0,0,0,0,0,0,3.8110378,0,0,0
21,12,1,0,0,0,0,0,0,0,0,0,3.975418,0,0,0
23,14,1,0,0,0,0,0,0,0,0,0,3.708132,0,0,0
18,9,1,0,0,0,0,0,0,0,0,0,3.4613202,0,0,0
18,9,1,0,0,0,0,0,0,0,0,0,3.530493,0,0,0
22,13,1,0,2,0,0,0,0,0,0,0,3.697846,0,0,0
19,10,1,0,0,0,0,0,0,0,0,0,3.3263605,0,0,0
22,13,1,0,0,0,0,0,0,0,0,0,3.879664,0,0,0
17,8,1,0,0,1,0,0,0,0,0,0,3.5280643,0,0,0
21,12,1,0,0,0,0,0,0,0,0,0,3.88018,0,1,0
21,12,1,0,0,0,0,0,0,0,0,0,3.975418,0,0,0
19,10,1,0,0,0,0,0,0,0,0,0,3.787144,0,0,0
18,9,1,0,0,0,0,0,0,0,0,0,3.4193819,0,0,0
28,19,1,0,0,0,0,0,0,0,0,0,3.8154106,0,0,0
20,11,1,0,0,0,0,0,0,0,0,0,3.6464393,0,0,0
20,11,1,0,0,0,0,0,0,0,0,0,3.7841837,0,0,0
21,12,1,0,0,0,0,0,0,0,0,0,3.88018,0,0,0
20,11,1,0,0,0,0,0,0,0,0,0,3.6464393,0,0,0
21,12,1,0,0,0,0,0,0,0,0,0,3.4039896,0,0,0
20,11,1,0,0,0,0,0,0,0,0,0,3.7464395,0,0,0
21,12,1,0,0,0,0,0,0,0,0,0,3.4273336,0,0,0
20,11,1,0,0,0,0,0,0,0,0,0,3.6464393,0,0,0
22,13,1,0,0,0,0,0,0,0,0,0,3.9705732,0,1,0
18,9,1,0,0,0,0,0,0,0,0,0,3.308271,0,0,0
15,6,1,0,0,0,0,0,0,0,0,0,3.189898,0,0,0
20,11,1,0,0,0,0,0,0,0,0,0,3.5464394,0,0,0
20,11,1,0,0,0,0,0,0,0,0,0,3.608695,0,0,0
19,10,1,0,0,0,0,0,0,0,0,0,3.3263605,0,0,0
16,7,1,0,0,0,0,0,0,0,0,0,3.3278196,0,0,0
19,10,1,0,0,0,0,0,0,0,0,0,3.787144,0,0,0
21,12,1,0,0,0,0,0,0,0,0,0,3.3680425,0,0,0
20,11,1,0,0,0,0,0,0,0,0,0,3.408695,0,0,0
14,5,1,0,0,0,0,0,0,0,0,0,3.324863,0,0,0
19,10,1,0,0,0,0,0,0,0,0,0,3.2866294,0,0,0
16,7,1,0,0,0,0,0,0,0,0,0,3.4528196,0,0,0
18,9,1,0,1,0,0,0,0,0,0,0,3.4613202,0,0,0
23,14,1,0,0,0,0,0,0,0,0,0,3.9361804,0,0,0
19,10,1,0,0,0,0,0,0,0,0,0,3.4316235,0,0,0
23,14,1,0,0,0,0,0,0,0,0,0,3.7950885,0,0,0
22,13,1,0,0,0,0,0,0,0,0,0,3.7544417,0,0,0
22,13,1,0,0,0,0,0,0,0,0,0,3.879664,0,0,0
21,12,1,0,0,0,0,0,0,0,0,0,3.784942,0,0,0
19,10,1,0,0,0,0,0,0,0,0,0,3.64215,0,0,0
23,14,1,0,0,0,0,0,0,0,0,0,3.5883543,0,0,0
21,12,1,0,0,0,0,0,0,0,0,0,3.7489948,0,0,0
20,11,1,0,0,0,0,0,0,0,0,0,3.5464394,0,0,0
19,10,1,0,0,0,0,0,0,0,0,0,3.5368867,0,0,0
22,13,1,0,2,0,0,0,0,0,0,0,3.879664,0,0,0
19,10,1,0,0,0,0,0,0,0,0,0,3.6818807,0,0,0
18,9,1,0,0,0,0,0,0,0,0,0,3.6835423,0,0,0
21,12,1,0,0,0,0,0,0,0,0,0,3.6897037,0,0,0
20,11,1,0,0,0,0,0,0,0,0,0,3.5464394,0,0,0
19,10,1,0,0,0,0,0,0,0,0,0,3.3660913,0,0,0
22,13,1,0,0,0,0,0,0,0,0,0,3.5160277,0,0,0
18,9,1,0,0,0,0,0,0,0,0,0,3.6416042,0,0,0
20,11,1,0,1,0,0,0,0,0,0,0,3.5841837,0,0,0
18,9,1,0,0,0,0,0,0,0,0,0,3.3774438,0,0,0
27,18,1,0,0,1,0,0,0,0,0,0,3.8561964,0,0,0
19,10,1,0,0,0,0,0,0,0,0,0,3.2608283,0,0,0
24,15,1,0,2,1,0,0,0,0,0,0,4.022055,0,0,0
21,12,1,0,0,0,0,0,0,0,0,0,3.6897037,0,0,0
22,13,1,0,2,0,0,0,0,0,0,0,3.9705732,0,0,0
17,8,1,0,0,0,0,0,0,0,0,0,3.1018813,0,0,0
22,13,1,0,0,0,0,0,0,0,0,0,3.5383105,0,0,0
19,10,1,0,0,0,0,0,0,0,0,0,3.5368867,0,0,0
22,13,1,0,0,0,0,0,0,0,0,0,3.5726237,0,0,0
20,11,1,0,0,1,0,0,0,0,0,0,3.7841837,0,0,0
18,9,1,0,0,0,0,0,0,0,0,0,3.7946534,0,0,0
19,10,1,0,0,0,0,0,0,0,0,0,3.2866294,0,0,0
15,6,1,0,0,0,0,0,0,0,0,0,3.3232315,0,0,0
23,14,1,0,0,0,0,0,0,0,0,0,3.534219,0,0,0
18,9,1,0,0,0,0,0,0,0,0,0,3.530493,0,0,0
18,9,1,0,0,1,0,0,0,0,0,0,3.5724313,0,0,0
21,12,1,0,0,0,0,0,0,0,0,0,3.5225716,0,0,0
15,6,1,0,0,0,0,0,0,0,0,0,3.3232315,0,0,0
19,10,1,0,0,0,0,0,0,0,0,0,3.6818807,0,0,0
22,13,1,0,0,0,0,0,0,0,0,0,3.5726237,0,0,0
24,15,1,0,0,0,0,0,0,0,0,0,3.7720551,0,0,0
19,10,1,0,0,0,0,0,0,0,0,0,3.3660913,0,0,0
25,16,1,0,0,0,0,0,0,0,0,0,3.9434652,0,0,0
15,6,1,0,0,0,0,0,0,0,0,0,3.3232315,0,0,0
14,5,1,0,2,0,0,0,0,0,0,0,3.182006,0,0,0
24,15,1,0,0,0,0,0,0,0,0,0,3.5424812,0,0,0
24,15,1,0,0,0,0,0,0,0,0,0,3.8553886,0,0,0
21,12,1,0,2,0,0,0,0,0,0,0,3.88018,0,0,0
17,8,1,0,0,0,0,0,0,0,0,0,3.4104173,0,0,0
20,11,1,0,0,0,0,0,0,0,0,0,3.4464393,0,0,0
26,17,1,0,0,0,0,0,0,0,0,0,3.9790978,0,0,0
19,10,1,0,0,0,0,0,0,0,0,0,3.5368867,0,0,0
21,12,1,0,0,0,0,0,0,0,0,0,3.7489948,0,0,0
19,10,1,0,0,0,0,0,0,0,0,0,3.787144,0,0,0
26,17,1,0,0,0,0,0,0,0,0,0,4.074876,0,0,0
16,7,1,0,0,0,0,0,0,0,0,0,3.4528196,0,0,0
23,14,1,0,0,0,0,0,0,0,0,0,3.6753109,0,0,0
15,6,1,0,0,0,0,0,0,0,0,0,3.3232315,0,0,0
18,9,1,0,0,0,0,0,0,0,0,0,3.5724313,0,0,0
23,14,1,0,0,0,0,0,0,0,0,0,3.2903216,0,0,0
22,13,1,0,0,0,0,0,0,0,0,0,3.4817145,0,0,0
16,7,1,0,0,0,0,0,0,0,0,0,3.3278196,0,0,0
15,6,1,0,0,0,0,0,0,0,0,0,3.2729056,0,0,0
16,7,1,0,0,0,0,0,0,0,0,0,3.4528196,0,0,0
27,18,1,0,0,0,0,0,0,0,0,0,3.7784235,0,0,0
19,10,1,0,1,0,0,0,0,0,0,0,3.7474132,0,0,0
19,10,1,0,0,0,0,0,0,0,0,0,3.6818807,0,0,0
24,15,1,0,0,0,0,0,0,0,0,0,3.6572683,0,0,0
15,6,1,0,0,0,0,0,0,0,0,0,3.3232315,0,0,0
17,8,1,0,0,0,0,0,0,0,0,0,3.3371754,0,0,0
23,14,1,0,0,0,0,0,0,0,0,0,3.7950885,0,0,0
25,16,1,0,0,0,0,0,0,0,0,0,3.7532697,0,0,0
20,11,1,0,0,0,0,0,0,0,0,0,3.6464393,0,0,0
22,13,1,0,0,0,0,0,0,0,0,0,3.6635327,0,0,0
22,13,1,0,0,0,0,0,0,0,0,0,3.5726237,0,0,0
26,17,1,0,0,0,0,0,0,0,0,0,3.9210296,0,0,0
18,9,1,0,0,1,0,0,0,0,0,0,3.7946534,0,0,0
21,12,1,0,0,0,0,0,0,0,0,0,3.6537566,0,0,0
22,13,1,0,0,0,0,0,0,0,0,0,3.5383105,0,0,0
18,9,1,0,0,0,0,0,0,0,0,0,3.5724313,0,0,0
20,11,1,0,0,0,0,0,0,0,0,0,3.7841837,0,0,0
28,19,1,0,0,0,0,0,0,0,0,0,3.682006,0,0,0
16,7,1,0,0,0,0,0,0,0,0,0,3.1556392,0,0,0
26,17,1,0,0,0,0,0,0,0,0,0,3.7671835,0,0,0
16,7,1,0,0,0,0,0,0,0,0,0,3.2806392,0,0,0
18,9,1,0,0,0,0,0,0,0,0,0,3.1552215,0,0,0
36,27,1,0,1,3,0,0,0,0,0,0,4.0860486,0,0,0
20,11,1,0,0,0,0,0,0,0,0,0,3.4464393,0,0,0
18,9,1,0,0,0,0,0,0,0,0,0,3.6416042,0,0,0
17,8,1,0,1,0,0,0,0,0,0,0,3.4104173,0,0,0
22,13,1,0,0,0,0,0,0,0,0,0,3.845351,0,0,0
19,10,1,0,0,0,0,0,0,0,0,0,3.4316235,0,0,0
18,9,1,0,0,0,0,0,0,0,0,0,3.530493,0,0,0
25,16,1,0,0,0,0,0,0,0,0,0,3.7834651,0,0,0
20,11,1,0,0,0,0,0,0,0,0,0,3.5841837,0,0,0
22,13,1,0,0,0,0,0,0,0,0,0,3.6635327,0,0,0
28,19,1,0,0,0,0,0,0,0,0,0,3.682006,0,0,0
25,16,1,0,0,0,0,0,0,0,0,0,3.5434651,0,0,0
20,11,1,0,0,0,0,0,0,0,0,0,3.6841838,0,0,0
18,9,1,0,0,0,0,0,0,0,0,0,3.308271,0,0,0
21,12,1,0,0,0,0,0,0,0,0,0,3.4992275,0,0,0
17,8,1,0,0,0,0,0,0,0,0,0,3.6901164,0,0,0
16,7,1,0,0,0,0,0,0,0,0,0,3.4528196,0,0,0
18,9,1,0,0,0,0,0,0,0,0,0,3.530493,0,0,0
23,14,1,0,0,0,0,0,0,0,0,0,3.7622674,0,0,0
15,6,1,0,0,0,0,0,0,0,0,0,3.3232315,0,0,0
18,9,1,0,0,0,0,0,0,0,0,0,3.4613202,0,0,0
20,11,1,0,0,0,0,0,0,0,0,0,3.7841837,0,0,0
25,16,1,0,0,0,0,0,0,0,0,0,3.8332696,0,0,0
19,10,1,0,0,0,0,0,0,0,0,0,3.64215,0,0,0
15,6,1,0,0,0,0,0,0,0,0,0,3.3232315,0,0,0
17,8,1,0,0,0,0,0,0,0,0,0,3.4548223,0,0,0
20,11,1,0,0,0,0,0,0,0,0,0,3.7841837,0,0,0
17,8,1,0,0,0,0,0,0,0,0,0,3.4548223,0,0,0
27,18,1,0,0,0,0,0,0,0,0,0,3.810081,0,0,0
20,11,1,0,0,0,0,0,0,0,0,0,3.4841838,0,0,0
23,14,1,0,0,0,0,0,0,0,0,0,3.6211755,0,0,0
27,18,1,0,0,0,0,0,0,0,0,0,4.0323033,0,0,0
15,6,1,0,0,0,0,0,0,0,0,0,3.2729056,0,0,0
20,11,1,0,0,0,0,0,0,0,0,0,3.7841837,0,0,0
24,15,1,0,0,0,0,0,0,0,0,0,3.7720551,0,0,0
25,16,1,0,0,0,0,0,0,0,0,0,4.053661,0,1,0
24,15,1,0,0,1,0,0,0,0,0,0,3.688722,0,0,0
18,9,1,0,0,0,0,0,0,0,0,0,3.4613202,0,0,0
18,9,1,0,0,0,0,0,0,0,0,0,3.4193819,0,0,0
24,15,1,0,0,0,0,0,0,0,0,0,3.6258147,0,0,0
21,12,1,0,0,0,0,0,0,0,0,0,3.88018,0,0,0
22,13,1,0,0,0,0,0,0,0,0,0,3.7544417,0,0,0
18,9,1,0,0,0,0,0,0,0,0,0,3.6835423,0,0,0
19,10,1,0,0,0,0,0,0,0,0,0,3.4316235,0,0,0
20,11,1,0,0,0,0,0,0,0,0,0,3.508695,0,0,0
24,15,1,0,0,0,0,0,0,0,0,0,3.5739348,0,0,0
22,13,1,0,0,0,0,0,0,0,0,0,3.697846,0,0,0
24,15,1,0,0,0,0,0,0,0,0,0,3.8035088,0,0,0
19,10,1,0,0,0,0,0,0,0,0,0,3.787144,0,0,0
22,13,1,0,0,0,0,0,0,0,0,0,3.7544417,0,0,0
17,8,1,0,0,0,0,0,0,0,0,0,3.6901164,0,0,0
29,20,1,0,0,1,0,0,0,0,0,0,3.758867,0,0,0
17,8,1,0,0,0,0,0,0,0,0,0,3.6901164,0,0,0
22,13,1,0,0,0,0,0,0,0,0,0,3.879664,0,0,0
30,21,1,0,0,0,0,0,0,0,0,0,3.9232314,0,0,0
19,10,1,0,0,0,0,0,0,0,0,0,3.5766177,0,0,0
17,8,1,0,0,0,0,0,0,0,0,0,3.4104173,0,0,0
24,15,1,0,0,0,0,0,0,0,0,0,3.8553886,0,0,0
23,14,1,0,0,0,0,0,0,0,0,0,3.9361804,0,0,0
18,9,1,0,1,0,0,0,0,0,0,0,3.530493,0,0,0
27,18,1,0,0,0,0,0,0,0,0,0,3.8561964,0,0,0
21,12,1,0,0,0,0,0,0,0,0,0,3.5225716,0,0,0
22,13,1,0,0,0,0,0,0,0,0,0,3.6292198,0,0,0
23,14,1,0,0,0,0,0,0,0,0,0,3.5883543,0,0,0
25,16,1,0,0,0,0,0,0,0,0,0,3.7336607,0,0,0
20,11,1,0,0,0,0,0,0,0,0,0,3.5464394,0,0,0
20,11,1,0,0,0,0,0,0,0,0,0,3.8841836,0,0,0
25,16,1,0,0,1,0,0,0,0,0,0,3.863465,0,0,0
26,17,1,0,0,1,0,0,0,0,0,0,3.6573853,0,0,0
21,12,1,0,0,0,0,0,0,0,0,0,3.8442328,0,0,0
26,17,1,0,0,0,0,0,0,0,0,0,3.8731406,0,0,0
20,11,1,0,1,1,0,0,0,0,0,0,3.7464395,0,0,0
28,19,1,0,0,0,0,0,0,0,0,0,4.039149,0,0,0
17,8,1,0,2,0,0,0,0,0,0,0,3.5280643,0,0,0
24,15,1,0,0,0,0,0,0,0,0,0,3.7406015,0,0,0
23,14,1,0,0,0,0,0,0,0,0,0,3.9690015,0,0,0
21,12,1,0,0,0,0,0,0,0,0,0,3.8442328,0,0,0
25,16,1,0,0,0,0,0,0,0,0,0,3.8936608,0,0,0
21,12,1,0,0,0,0,0,0,0,0,0,3.5944657,0,0,0
25,16,1,0,0,0,0,0,0,0,0,0,3.7834651,0,0,0
27,18,1,0,0,1,0,0,0,0,0,0,3.9302704,0,0,0
21,12,1,0,0,0,0,0,0,0,0,0,3.5225716,0,0,0
19,10,1,0,0,0,0,0,0,0,0,0,3.3918927,0,0,0
18,9,1,0,0,0,0,0,0,0,0,0,3.0860486,0,0,0
23,14,1,0,0,0,0,0,0,0,0,0,3.6753109,0,0,0
20,11,1,0,0,0,0,0,0,0,0,0,3.4841838,0,0,0
23,14,1,0,0,0,0,0,0,0,0,0,3.7622674,0,0,0
20,11,1,0,0,0,0,0,0,0,0,0,3.2659574,0,0,0
18,9,1,0,0,0,0,0,0,0,0,0,3.7946534,0,0,0
22,13,1,0,0,0,0,0,0,0,0,0,3.6635327,0,0,0
20,11,1,0,0,0,0,0,0,0,0,0,3.6841838,0,0,0
15,6,1,0,0,0,0,0,0,0,0,0,3.3232315,0,0,0
20,11,1,0,0,0,0,0,0,0,0,0,3.6841838,0,0,0
24,15,1,0,0,0,0,0,0,0,0,0,3.569774,0,0,0
19,10,1,0,0,0,0,0,0,0,0,0,3.787144,0,0,0
24,15,1,0,0,0,0,0,0,0,0,0,3.7924812,0,0,0
17,8,1,0,0,0,0,0,0,0,0,0,3.4548223,0,0,0
19,10,1,0,0,0,0,0,0,0,0,0,3.2813735,0,0,0
20,11,1,0,0,0,0,0,0,0,0,0,3.7464395,0,0,0
23,14,1,0,0,0,0,0,0,0,0,0,3.7622674,0,0,0
22,13,1,0,0,0,0,0,0,0,0,0,3.7544417,0,0,0
20,11,1,0,0,0,0,0,0,0,0,0,3.6464393,0,0,0
20,11,1,0,0,0,0,0,0,0,0,0,3.7464395,0,0,0
22,13,1,0,2,1,0,0,0,0,0,0,3.7201288,0,0,0
16,7,1,0,0,0,0,0,0,0,0,0,3.2806392,0,0,0
18,9,1,0,1,0,0,0,0,0,0,0,3.6835423,0,0,0
18,9,1,0,0,1,0,0,0,0,0,0,3.6835423,0,0,0
20,11,1,0,0,0,0,0,0,0,0,0,3.6464393,0,0,0
16,7,1,0,0,0,0,0,0,0,0,0,3.4528196,0,0,0
23,14,1,0,0,1,0,0,0,0,0,0,3.708132,0,0,0
24,15,1,0,0,0,0,0,0,0,0,0,3.709148,0,0,0
23,14,1,0,0,0,0,0,0,0,0,0,3.6753109,0,0,0
24,15,1,0,0,1,0,0,0,0,0,0,3.7406015,0,0,0
16,7,1,0,0,0,0,0,0,0,0,0,3.3278196,0,0,0
17,8,1,0,1,0,0,0,0,0,0,0,3.5724695,0,0,0
24,15,1,0,0,0,0,0,0,0,0,0,3.938722,0,0,0
26,17,1,0,0,1,0,0,0,0,0,0,3.6321921,0,0,0
23,14,1,0,0,0,0,0,0,0,0,0,3.7622674,0,0,0
19,10,1,0,0,0,0,0,0,0,0,0,3.64215,0,0,0
21,12,1,0,0,0,0,0,0,0,0,0,3.6537566,0,0,0
24,15,1,0,2,1,0,0,0,0,0,0,4.022055,0,0,0
21,12,1,0,0,0,0,0,0,0,0,0,3.4992275,0,0,0
21,12,1,0,0,0,0,0,0,0,0,0,3.784942,0,0,0
20,11,1,0,3,0,0,0,0,0,0,0,3.7841837,0,0,0
23,14,1,0,0,0,0,0,0,0,0,0,3.8492239,0,0,0
20,11,1,0,0,0,0,0,0,0,0,0,3.4841838,0,0,0
17,8,1,0,0,0,0,0,0,0,0,0,3.5724695,0,0,0
18,9,1,0,0,0,0,0,0,0,0,0,3.5724313,0,0,0
18,9,1,0,0,0,0,0,0,0,0,0,3.6835423,0,0,0
25,16,1,0,0,0,0,0,0,0,0,0,3.8936608,0,0,0
24,15,1,0,0,1,0,0,0,0,0,0,3.938722,0,0,0
24,15,1,0,2,1,0,0,0,0,0,0,4.022055,0,0,0
30,21,1,0,0,0,0,0,0,0,0,0,3.9647353,0,0,0
21,12,1,0,0,0,0,0,0,0,0,0,3.6178098,0,0,0
21,12,1,0,0,0,0,0,0,0,0,0,3.6537566,0,0,0
18,9,1,0,0,0,0,0,0,0,0,0,3.4613202,0,0,0
23,14,1,0,0,0,0,0,0,0,0,0,3.7622674,0,0,0
14,5,1,0,0,0,0,0,0,0,0,0,3.324863,0,0,0
22,13,1,0,0,0,0,0,0,0,0,0,3.788755,0,0,0
23,14,1,0,0,0,0,0,0,0,0,0,3.7950885,0,0,0
23,14,1,0,0,0,0,0,0,0,0,0,3.7294462,0,0,0
22,13,1,0,0,0,0,0,0,0,0,0,3.6292198,0,0,0
21,12,1,0,0,0,0,0,0,0,0,0,3.7489948,0,0,0
22,13,1,0,0,0,0,0,0,0,0,0,3.4817145,0,0,0
18,9,1,0,0,0,0,0,0,0,0,0,3.530493,0,0,0
22,13,1,0,0,0,0,0,0,0,0,0,3.845351,0,0,0
17,8,1,0,0,0,0,0,0,0,0,0,3.4104173,0,0,0
23,14,1,0,0,0,0,0,0,0,0,0,3.7950885,0,0,0
18,9,1,0,0,0,0,0,0,0,0,0,3.2390978,0,0,0
21,12,1,0,0,0,0,0,0,0,0,0,3.939471,0,0,0
29,20,1,0,0,0,0,0,0,0,0,0,3.8664331,0,0,0
26,17,1,0,0,0,0,0,0,0,0,0,3.9210296,0,0,0
18,9,1,0,0,0,0,0,0,0,0,0,3.530493,0,0,0
19,10,1,0,0,0,0,0,0,0,0,0,3.4316235,0,0,0
21,12,1,0,0,0,0,0,0,0,0,0,3.5585186,0,0,0
21,12,1,0,0,0,0,0,0,0,0,0,3.784942,0,0,0
19,10,1,0,0,0,0,0,0,0,0,0,3.5766177,0,0,0
26,17,1,0,0,0,0,0,0,0,0,0,3.7381494,0,0,0
20,11,1,0,0,0,0,0,0,0,0,0,3.4841838,0,0,0
27,18,1,0,0,0,0,0,0,0,0,0,4.0323033,0,0,0
18,9,1,0,0,0,0,0,0,0,0,0,3.4193819,0,0,0
19,10,1,0,0,0,0,0,0,0,0,0,3.4713545,0,0,0
21,12,1,0,0,0,0,0,0,0,0,0,3.6537566,0,0,0
18,9,1,0,0,0,0,0,0,0,0,0,3.530493,0,0,0
16,7,1,0,0,0,0,0,0,0,0,0,3.4528196,0,0,0
21,12,1,0,0,0,0,0,0,0,0,0,3.4992275,0,0,0
25,16,1,0,0,1,0,0,0,0,0,0,3.669275,0,0,0
16,7,1,0,0,0,0,0,0,0,0,0,3.1556392,0,0,0
23,14,1,0,0,0,0,0,0,0,0,0,3.8492239,0,0,0
18,9,1,0,0,0,0,0,0,0,0,0,3.4613202,0,0,0
22,13,1,0,0,0,0,0,0,0,0,0,3.879664,0,0,0
21,12,1,0,0,0,0,0,0,0,0,0,3.88018,0,0,0
22,13,1,0,0,0,0,0,0,0,0,0,3.788755,0,0,0
20,11,1,0,0,0,0,0,0,0,0,0,3.6841838,0,0,0
16,7,1,0,0,0,0,0,0,0,0,0,3.4528196,0,0,0
19,10,1,0,0,0,0,0,0,0,0,0,3.3263605,0,0,0
21,12,1,0,0,0,0,0,0,0,0,0,3.5225716,0,0,0
17,8,1,0,0,0,0,0,0,0,0,0,3.5724695,0,0,0
19,10,1,0,0,0,0,0,0,0,0,0,3.4316235,0,0,0
21,12,1,0,0,0,0,0,0,0,0,0,3.5944657,0,0,0
22,13,1,0,0,0,0,0,0,0,0,0,3.4251184,0,0,0
21,12,1,0,0,0,0,0,0,0,0,0,3.4273336,0,0,0
19,10,1,0,0,0,0,0,0,0,0,0,3.3918927,0,0,0
20,11,1,0,0,0,0,0,0,0,0,0,3.2464395,0,0,0
33,24,1,0,0,1,0,0,0,0,0,0,3.7873049,0,0,0
22,13,1,0,0,0,0,0,0,0,0,0,3.5726237,0,0,0
19,10,1,0,0,0,0,0,0,0,0,0,3.6818807,0,0,0
22,13,1,0,0,0,0,0,0,0,0,0,3.6635327,0,0,0
25,16,1,0,0,0,0,0,0,0,0,0,3.7834651,0,0,0
18,9,1,0,0,0,0,0,0,0,0,0,3.4613202,0,0,0
20,11,1,0,0,0,0,0,0,0,0,0,3.6841838,0,0,0
18,9,1,0,0,0,0,0,0,0,0,0,3.4613202,0,0,0
16,7,1,0,0,0,0,0,0,0,0,0,3.4528196,0,0,0
18,9,1,0,0,0,0,0,0,0,0,0,3.5724313,0,0,0
18,9,1,0,0,0,0,0,0,0,0,0,3.6835423,0,0,0
15,6,1,0,0,0,0,0,0,0,0,0,3.3232315,0,0,0
24,15,1,0,0,0,0,0,0,0,0,0,3.8553886,0,0,0
17,8,1,0,0,0,0,0,0,0,0,0,3.5724695,0,0,0
17,8,1,0,2,0,0,0,0,0,0,0,3.4548223,0,0,0
17,8,1,0,0,0,0,0,0,0,0,0,3.2927701,0,0,0
25,16,1,0,0,0,0,0,0,0,0,0,3.7230742,0,0,0
19,10,1,0,0,0,0,0,0,0,0,0,3.787144,0,0,0
22,13,1,0,0,0,0,0,0,0,0,0,3.7201288,0,0,0
21,12,1,0,0,0,0,0,0,0,0,0,3.784942,0,0,0
17,8,1,0,0,0,0,0,0,0,0,0,3.3371754,0,0,0
19,10,1,0,0,0,0,0,0,0,0,0,3.5368867,0,0,0
20,11,1,0,0,0,0,0,0,0,0,0,3.308695,0,0,0
27,18,1,0,0,0,0,0,0,0,0,0,3.810081,0,0,0
21,12,1,0,0,0,0,0,0,0,0,0,3.6537566,0,0,0
20,11,1,0,0,0,0,0,0,0,0,0,3.7841837,0,0,0
16,7,1,0,0,0,0,0,0,0,0,0,3.2806392,0,0,0
20,11,1,0,2,0,0,0,0,0,0,0,3.6841838,0,0,0
22,13,1,0,0,1,0,0,0,0,0,0,3.845351,0,0,0
21,12,1,0,0,0,0,0,0,0,0,0,3.6537566,0,0,0
27,18,1,0,0,0,0,0,0,0,0,0,4.0323033,0,0,0
21,12,1,0,0,0,0,0,0,0,0,0,3.5585186,0,0,0
22,13,1,0,0,0,0,0,0,0,0,0,3.788755,0,0,0
20,11,1,0,0,0,0,0,0,0,0,0,3.7464395,0,0,0
20,11,1,0,0,0,0,0,0,0,0,0,3.6464393,0,0,0
18,9,1,0,3,0,0,0,0,0,0,0,3.5724313,0,0,0
29,20,1,0,0,0,0,0,0,0,0,0,4.090234,0,0,0
15,6,1,0,0,0,0,0,0,0,0,0,2.9232314,0,0,0
22,13,1,0,0,0,0,0,0,0,0,0,3.7544417,0,0,0
19,10,1,0,0,0,0,0,0,0,0,0,3.6818807,0,0,0
14,5,1,0,0,0,0,0,0,0,0,0,3.324863,0,0,0
18,9,1,0,0,0,0,0,0,0,0,0,3.4193819,0,0,0
18,9,1,0,0,0,0,0,0,0,0,0,3.4613202,0,0,0
18,9,1,0,0,0,0,0,0,0,0,0,3.4613202,0,0,0
22,13,1,0,0,0,0,0,0,0,0,0,3.845351,0,0,0
25,16,1,0,0,0,0,0,0,0,0,0,4.023465,0,0,0
18,9,1,0,0,0,0,0,0,0,0,0,3.5724313,0,0,0
27,18,1,0,0,0,0,0,0,0,0,0,3.736007,0,0,0
14,5,1,0,0,0,0,0,0,0,0,0,3.0391486,0,0,0
19,10,1,0,0,0,0,0,0,0,0,0,3.64215,0,0,0
16,7,1,0,0,0,0,0,0,0,0,0,3.1084585,0,0,0
22,13,1,0,0,0,0,0,0,0,0,0,3.7201288,0,0,0
21,12,1,0,0,0,0,0,0,0,0,0,3.975418,0,0,0
20,11,1,0,0,0,0,0,0,0,0,0,3.5464394,0,0,0
23,14,1,0,1,0,0,0,0,0,0,0,4.023137,0,0,0
17,8,1,0,0,0,0,0,0,0,0,0,3.4104173,0,0,0
31,22,1,0,0,0,0,0,0,0,0,0,3.937752,0,0,0
21,12,1,0,0,0,0,0,0,0,0,0,3.6537566,0,0,0
24,15,1,0,0,0,0,0,0,0,0,0,3.8035088,0,0,0
18,9,1,0,0,0,0,0,0,0,0,0,3.6835423,0,0,0
19,10,1,0,0,0,0,0,0,0,0,0,3.2210972,0,0,0
21,12,1,0,0,0,0,0,0,0,0,0,3.5585186,0,0,0
14,5,1,0,0,0,0,0,0,0,0,0,3.182006,0,0,0
18,9,1,0,0,0,0,0,0,0,0,0,3.4193819,0,0,0
21,12,1,0,0,0,0,0,0,0,0,0,3.7489948,0,0,0
17,8,1,0,0,0,0,0,0,0,0,0,3.4548223,0,0,0
19,10,1,0,0,0,0,0,0,0,0,0,3.4316235,0,0,0
27,18,1,0,0,1,0,0,0,0,0,0,3.661933,0,0,0
25,16,1,0,3,0,0,0,0,0,0,0,3.8136606,0,0,0
16,7,1,0,0,0,0,0,0,0,0,0,3.3278196,0,0,0
25,16,1,0,0,0,0,0,0,0,0,0,3.6430743,0,0,0
22,13,1,0,0,0,0,0,0,0,0,0,3.6635327,0,0,0
15,6,1,0,0,0,0,0,0,0,0,0,3.189898,0,0,0
23,14,1,0,0,0,0,0,0,0,0,0,3.8492239,0,0,0
17,8,1,0,0,0,0,0,0,0,0,0,3.6901164,0,0,0
18,9,1,0,0,0,0,0,0,0,0,0,3.5724313,0,0,0
22,13,1,0,0,0,0,0,0,0,0,0,3.879664,0,0,0
22,13,1,0,0,0,0,0,0,0,0,0,3.6635327,0,0,0
26,17,1,0,0,0,0,0,0,0,0,0,3.9500637,0,0,0
21,12,1,0,0,0,0,0,0,0,0,0,3.4632804,0,0,0
16,7,1,0,0,0,0,0,0,0,0,0,3.5778196,0,0,0
23,14,1,0,0,0,0,0,0,0,0,0,3.51837,0,0,0
14,5,1,0,0,0,0,0,0,0,0,0,3.324863,0,0,0
21,12,1,0,0,1,0,0,0,0,0,0,3.7489948,0,0,0
20,11,1,0,0,0,0,0,0,0,0,0,3.6841838,0,0,0
22,13,1,0,0,0,0,0,0,0,0,0,3.5726237,0,0,0
22,13,1,0,0,0,0,0,0,0,0,0,3.6635327,0,0,0
17,8,1,0,0,0,0,0,0,0,0,0,3.4548223,0,0,0
21,12,1,0,0,0,0,0,0,0,0,0,3.6537566,0,0,0
19,10,1,0,3,0,0,0,0,0,0,0,3.5368867,0,0,0
19,10,1,0,0,0,0,0,0,0,0,0,3.787144,0,0,0
20,11,1,0,0,0,0,0,0,0,0,0,3.6841838,0,0,0
23,14,1,0,0,0,0,0,0,0,0,0,3.9361804,0,0,0
22,13,1,0,0,0,0,0,0,0,0,0,3.879664,0,0,0
19,10,1,0,0,0,0,0,0,0,0,0,3.6818807,0,0,0
18,9,1,0,0,0,0,0,0,0,0,0,3.4193819,0,0,0
30,21,1,0,0,0,0,0,0,0,0,0,3.8314018,0,0,0
19,10,1,0,0,0,0,0,0,0,0,0,3.4713545,0,0,0
20,11,1,0,0,0,0,0,0,0,0,0,3.6464393,0,0,0
22,13,1,0,0,0,0,0,0,0,0,0,3.6635327,0,0,0
14,5,1,0,0,0,0,0,0,0,0,0,3.324863,0,0,0
20,11,1,0,0,0,0,0,0,0,0,0,3.6841838,0,0,0
29,20,1,0,0,1,0,0,0,0,0,0,4.047299,0,0,0
25,16,1,0,0,0,0,0,0,0,0,0,3.6732697,0,0,0
16,7,1,0,0,0,0,0,0,0,0,0,3.5778196,0,0,0
18,9,1,0,2,0,0,0,0,0,0,0,3.6835423,0,0,0
15,6,1,0,0,0,0,0,0,0,0,0,3.189898,0,0,0
21,12,1,0,0,0,0,0,0,0,0,0,3.784942,0,0,0
22,13,1,0,0,0,0,0,0,0,0,0,3.7544417,0,0,0
26,17,1,0,0,0,0,0,0,0,0,0,3.9500637,0,0,0
22,13,1,0,2,1,0,0,0,0,0,0,3.7201288,0,0,0
28,19,1,0,1,3,0,0,0,0,0,0,4.083617,0,0,0
21,12,1,0,0,0,0,0,0,0,0,0,3.6897037,0,0,0
24,15,1,0,2,2,0,0,0,0,0,0,3.7406015,0,0,0
18,9,1,0,0,0,0,0,0,0,0,0,3.5724313,0,0,0
17,8,1,0,0,0,0,0,0,0,0,0,3.130718,0,0,0
19,10,1,0,0,0,0,0,0,0,0,0,3.5368867,0,0,0
19,10,1,0,0,0,0,0,0,0,0,0,3.5368867,0,0,0
15,6,1,0,0,0,0,0,0,0,0,0,3.4565647,0,0,0
22,13,1,0,0,0,0,0,0,0,0,0,4.061482,0,0,0
17,8,1,0,0,0,0,0,0,0,0,0,3.4548223,0,0,0
20,11,1,0,0,0,0,0,0,0,0,0,3.6841838,0,0,0
26,17,1,0,0,0,0,0,0,0,0,0,3.9500637,0,0,0
24,15,1,0,0,0,0,0,0,0,0,0,3.688722,0,0,0
17,8,1,0,0,0,0,0,0,0,0,0,3.4104173,0,0,0
19,10,1,0,1,0,0,0,0,0,0,0,3.8924072,0,0,0
23,14,1,0,0,0,0,0,0,0,0,0,3.7622674,0,0,0
24,15,1,0,0,0,0,0,0,0,0,0,3.459148,0,0,0
18,9,1,0,0,0,0,0,0,0,0,0,3.6835423,0,0,0
22,13,1,0,0,0,0,0,0,0,0,0,3.788755,0,0,0
16,7,1,0,0,0,0,0,0,0,0,0,3.5778196,0,0,0
18,9,1,0,0,0,0,0,0,0,0,0,3.350209,0,0,0
16,7,1,0,0,0,0,0,0,0,0,0,3.5778196,0,0,0
30,21,1,0,0,1,0,0,0,0,0,0,4.0729055,0,0,0
19,10,1,0,0,0,0,0,0,0,0,0,3.6818807,0,0,0
22,13,1,0,1,0,0,0,0,0,0,0,3.7544417,0,0,0
16,7,1,0,0,0,0,0,0,0,0,0,3.4056392,0,0,0
19,10,1,0,1,0,0,0,0,0,0,0,3.5368867,0,0,0
16,7,1,0,0,0,0,0,0,0,0,0,3.4528196,0,0,0
20,11,1,0,0,0,0,0,0,0,0,0,3.6464393,0,0,0
20,11,1,0,0,0,0,0,0,0,0,0,3.8464394,0,0,0
17,8,1,0,0,0,0,0,0,0,0,0,3.5724695,0,0,0
26,17,1,0,0,0,0,0,0,0,0,0,3.8441064,0,0,0
18,9,1,0,0,0,0,0,0,0,0,0,3.4193819,0,0,0
20,11,1,0,0,0,0,0,0,0,0,0,3.7841837,0,0,0
20,11,1,0,0,0,0,0,0,0,0,0,3.3464394,0,0,0
31,22,1,0,0,0,0,0,0,0,0,0,4.042433,0,0,0
18,9,1,0,0,0,0,0,0,0,0,0,3.350209,0,0,0
23,14,1,0,0,0,0,0,0,0,0,0,3.5883543,0,0,0
18,9,1,0,0,0,0,0,0,0,0,0,3.6835423,0,0,0
25,16,1,0,0,0,0,0,0,0,0,0,3.6732697,0,0,0
27,18,1,0,0,0,0,0,0,0,0,0,4.0323033,0,1,0
25,16,1,0,0,0,0,0,0,0,0,0,3.863465,0,0,0
17,8,1,0,0,0,0,0,0,0,0,0,3.2927701,0,0,0
16,7,1,0,0,0,0,0,0,0,0,0,3.1556392,0,0,0
25,16,1,0,0,0,0,0,0,0,0,0,3.8332696,0,0,0
20,11,1,0,0,0,0,0,0,0,0,0,3.6464393,0,0,0
15,6,1,0,0,0,0,0,0,0,0,0,3.1395721,0,0,0
15,6,1,0,0,0,0,0,0,0,0,0,3.4565647,0,0,0
20,11,1,0,0,0,0,0,0,0,0,0,3.7841837,0,0,0
21,12,1,0,0,0,0,0,0,0,0,0,3.7489948,0,0,0
22,13,1,0,0,0,0,0,0,0,0,0,3.4817145,0,0,0
18,9,1,0,0,0,0,0,0,0,0,0,3.5724313,0,0,0
20,11,1,0,0,0,0,0,0,0,0,0,3.6841838,0,0,0
18,9,1,0,0,0,0,0,0,0,0,0,3.1552215,0,0,0
24,15,1,0,0,0,0,0,0,0,0,0,3.9701755,0,0,0
21,12,1,0,0,1,0,0,0,0,0,0,3.6537566,0,0,0
18,9,1,0,0,0,0,0,0,0,0,0,3.530493,0,0,0
15,6,1,0,0,0,0,0,0,0,0,0,3.4565647,0,0,0
17,8,1,0,0,0,0,0,0,0,0,0,3.6901164,0,0,0
16,7,1,0,0,0,0,0,0,0,0,0,3.4528196,0,0,0
28,19,1,0,0,0,0,0,0,0,0,0,4.110577,0,0,0
21,12,1,0,0,0,0,0,0,0,0,0,3.6537566,0,0,0
24,15,1,0,0,0,0,0,0,0,0,0,3.7720551,0,0,0
19,10,1,0,0,0,0,0,0,0,0,0,3.3660913,0,0,0
19,10,1,0,0,0,0,0,0,0,0,0,3.64215,0,0,0
18,9,1,0,0,0,0,0,0,0,0,0,3.5724313,0,0,0
24,15,1,0,0,0,0,0,0,0,0,0,3.938722,0,0,0
22,13,1,0,0,0,0,0,0,0,0,0,3.5383105,0,0,0
27,18,1,0,0,0,0,0,0,0,0,0,4.106377,0,0,0
21,12,1,0,0,0,0,0,0,0,0,0,3.3913865,0,0,0
20,11,1,0,0,0,0,0,0,0,0,0,3.8841836,0,0,0
22,13,1,0,0,0,0,0,0,0,0,0,3.8110378,0,0,0
21,12,1,0,0,0,0,0,0,0,0,0,3.4632804,0,0,0
22,13,1,0,0,0,0,0,0,0,0,0,3.6635327,0,0,0
22,13,1,0,0,0,0,0,0,0,0,0,3.9705732,0,0,0
29,20,1,0,0,0,0,0,0,0,0,0,3.633506,0,0,0
26,17,1,0,0,0,0,0,0,0,0,0,3.4594913,0,0,0
16,7,1,0,0,0,0,0,0,0,0,0,3.4056392,0,0,0
17,8,1,0,2,0,0,0,0,0,0,0,3.6901164,0,0,0
19,10,1,0,0,0,0,0,0,0,0,0,3.4316235,0,0,0
15,6,1,0,0,0,0,0,0,0,0,0,3.2729056,0,0,0
25,16,1,0,0,0,0,0,0,0,0,0,3.8936608,0,0,0
31,22,1,0,0,0,0,0,0,0,0,0,3.950344,0,0,0
21,12,1,0,0,0,0,0,0,0,0,0,3.88018,0,0,0
26,17,1,0,0,1,0,0,0,0,0,0,4.10391,0,0,0
16,7,1,0,0,0,0,0,0,0,0,0,3.5778196,0,0,0
23,14,1,0,0,0,0,0,0,0,0,0,3.4898908,0,0,0
20,11,1,0,0,0,0,0,0,0,0,0,3.5464394,0,0,0
18,9,1,0,0,0,0,0,0,0,0,0,3.7946534,0,0,0
22,13,1,0,0,0,0,0,0,0,0,0,3.845351,0,0,0
22,13,1,0,0,0,0,0,0,0,0,0,3.7544417,0,0,0
19,10,1,0,0,0,0,0,0,0,0,0,3.3263605,0,0,0
24,15,1,0,0,0,0,0,0,0,0,0,3.9701755,0,0,0
28,19,1,0,0,0,0,0,0,0,0,0,3.7979026,0,0,0
19,10,1,0,0,0,0,0,0,0,0,0,3.5368867,0,0,0
19,10,1,0,4,0,0,0,0,0,0,0,3.5368867,0,0,0
19,10,1,0,0,0,0,0,0,0,0,0,3.5766177,0,0,0
23,14,1,0,0,0,0,0,0,0,0,0,3.9361804,0,0,0
19,10,1,0,0,0,0,0,0,0,0,0,3.64215,0,1,0
17,8,1,0,0,0,0,0,0,0,0,0,3.2927701,0,0,0
21,12,1,0,2,0,0,0,0,0,0,0,3.975418,0,0,0
20,11,1,0,0,0,0,0,0,0,0,0,3.5464394,0,0,0
22,13,1,0,0,0,0,0,0,0,0,0,3.845351,0,0,0
16,7,1,0,0,0,0,0,0,0,0,0,3.4528196,0,0,0
18,9,1,0,0,0,0,0,0,0,0,0,3.6835423,0,0,0
20,11,1,0,0,0,0,0,0,0,0,0,3.5464394,0,0,0
21,12,1,0,0,0,0,0,0,0,0,0,3.88018,0,0,0
17,8,1,0,0,0,0,0,0,0,0,0,3.4104173,0,0,0
21,12,1,0,0,0,0,0,0,0,0,0,3.7489948,0,0,0
21,12,1,0,0,0,0,0,0,0,0,0,3.7489948,0,0,0
17,8,1,0,0,0,0,0,0,0,0,0,3.2483652,0,0,0
21,12,1,0,0,0,0,0,0,0,0,0,3.8442328,0,0,0
18,9,1,0,0,0,0,0,0,0,0,0,3.4193819,0,0,0
28,19,1,0,0,0,0,0,0,0,0,0,3.824863,0,0,0
22,13,1,0,0,1,0,0,0,0,0,0,3.7544417,0,0,0
19,10,1,0,0,0,0,0,0,0,0,0,3.6818807,0,0,0
20,11,1,0,0,0,0,0,0,0,0,0,3.3464394,0,0,0
23,14,1,0,0,0,0,0,0,0,0,0,3.6753109,0,0,0
25,16,1,0,0,0,0,0,0,0,0,0,3.8332696,0,0,0
16,7,1,0,0,0,0,0,0,0,0,0,3.4528196,0,0,0
22,13,1,0,1,0,0,0,0,0,0,0,3.4817145,0,0,0
21,12,1,0,0,0,0,0,0,0,0,0,3.386631,0,0,0
27,18,1,0,0,0,0,0,0,0,0,0,3.587859,0,0,0
23,14,1,0,0,0,0,0,0,0,0,0,3.8164027,0,0,0
21,12,1,0,0,0,0,0,0,0,0,0,3.3087513,0,0,0
26,17,1,0,0,0,0,0,0,0,0,0,3.7381494,0,0,0
17,8,1,0,0,0,0,0,0,0,0,0,3.4548223,0,0,0
21,12,1,0,0,0,0,0,0,0,0,0,3.6897037,0,0,0
25,16,1,0,0,0,0,0,0,0,0,0,3.8332696,0,0,0
18,9,1,0,0,0,0,0,0,0,0,0,3.5724313,0,0,0
19,10,1,0,0,0,0,0,0,0,0,0,3.64215,0,0,0
20,11,1,0,0,0,0,0,0,0,0,0,3.7464395,0,0,0
18,9,1,0,0,0,0,0,0,0,0,0,3.308271,0,0,0
21,12,1,0,0,0,0,0,0,0,0,0,3.6897037,0,0,0
19,10,1,0,0,0,0,0,0,0,0,0,3.5368867,0,0,0
28,19,1,0,0,0,0,0,0,0,0,0,3.8693314,0,0,0
20,11,1,0,0,0,0,0,0,0,0,0,3.6841838,0,0,0
28,19,1,0,0,0,0,0,0,0,0,0,3.601125,0,0,0
20,11,1,0,0,0,0,0,0,0,0,0,3.6464393,0,0,0
25,16,1,0,0,0,0,0,0,0,0,0,4.103465,0,0,0
18,9,1,0,0,0,0,0,0,0,0,0,3.6835423,0,0,0
20,11,1,0,0,0,0,0,0,0,0,0,3.6464393,0,0,0
22,13,1,0,0,0,0,0,0,0,0,0,3.697846,0,0,0
22,13,1,0,0,0,0,0,0,0,0,0,3.6069367,0,0,0
23,14,1,0,0,0,0,0,0,0,0,0,3.5883543,0,0,0
15,6,1,0,0,0,0,0,0,0,0,0,3.3232315,0,0,0
15,6,1,0,0,0,0,0,0,0,0,0,3.189898,0,0,0
24,15,1,0,0,0,0,0,0,0,0,0,4.022055,0,0,0
22,13,1,0,0,0,0,0,0,0,0,0,3.7544417,0,0,0
21,12,1,0,0,0,0,0,0,0,0,0,3.5585186,0,0,0
25,16,1,0,0,0,0,0,0,0,0,0,3.7834651,0,0,0
29,20,1,0,0,0,0,0,0,0,0,0,3.909368,0,0,0
19,10,1,0,0,0,0,0,0,0,0,0,3.4316235,0,0,0
17,8,1,0,0,0,0,0,0,0,0,0,3.5724695,0,0,0
24,15,1,0,0,1,0,0,0,0,0,0,4.022055,0,0,0
24,15,1,0,0,0,0,0,0,0,0,0,3.8553886,0,0,0
27,18,1,0,0,0,0,0,0,0,0,0,3.736007,0,0,0
25,16,1,0,0,0,0,0,0,0,0,0,3.6234653,0,0,0
29,20,1,0,0,1,0,0,0,0,0,0,4.0212684,0,0,0
21,12,1,0,0,0,0,0,0,0,0,0,3.7489948,0,0,0
16,7,1,0,0,0,0,0,0,0,0,0,3.2028196,0,0,0
26,17,1,0,0,1,0,0,0,0,0,0,3.8150723,0,0,0
20,11,1,0,0,0,0,0,0,0,0,0,3.6464393,0,0,0
17,8,1,0,0,0,0,0,0,0,0,0,3.4548223,0,0,0
20,11,1,0,0,0,0,0,0,0,0,0,3.7464395,0,0,0
19,10,1,0,0,0,0,0,0,0,0,0,3.6818807,0,0,0
20,11,1,0,0,0,0,0,0,0,0,0,3.7841837,0,0,0
18,9,1,0,0,0,0,0,0,0,0,0,3.308271,0,0,0
18,9,1,0,0,0,0,0,0,0,0,0,3.530493,0,0,0
18,9,1,0,0,0,0,0,0,0,0,0,3.5724313,0,0,0
17,8,1,0,2,0,0,0,0,0,0,0,3.5724695,0,0,0
22,13,1,0,0,0,0,0,0,0,0,0,3.6635327,0,0,0
27,18,1,0,0,0,0,0,0,0,0,0,3.8380399,0,0,0
18,9,1,0,0,0,0,0,0,0,0,0,3.3774438,0,0,0
20,11,1,0,0,0,0,0,0,0,0,0,3.7841837,0,0,0
18,9,1,0,0,0,0,0,0,0,0,0,3.530493,0,0,0
23,14,1,0,0,0,0,0,0,0,0,0,3.7294462,0,0,0
22,13,1,0,0,0,0,0,0,0,0,0,3.879664,0,0,0
18,9,1,0,0,0,0,0,0,0,0,0,3.7946534,0,0,0
21,12,1,0,0,0,0,0,0,0,0,0,3.8442328,0,0,0
18,9,1,0,0,0,0,0,0,0,0,0,3.5724313,0,0,0
19,10,1,0,0,0,0,0,0,0,0,0,3.5766177,0,0,0
17,8,1,0,0,0,0,0,0,0,0,0,3.6901164,0,0,0
15,6,1,0,0,0,0,0,0,0,0,0,3.3232315,0,0,0
23,14,1,0,0,0,0,0,0,0,0,0,3.7950885,0,0,0
18,9,1,0,0,0,0,0,0,0,0,0,3.5724313,0,0,0
21,12,1,0,0,0,0,0,0,0,0,0,3.88018,0,0,0
19,10,1,0,0,0,0,0,0,0,0,0,3.5766177,0,0,0
19,10,1,0,0,0,0,0,0,0,0,0,3.6818807,0,0,0
24,15,1,0,2,0,0,0,0,0,0,0,4.022055,0,0,0
15,6,1,0,0,0,0,0,0,0,0,0,3.006239,0,0,0
22,13,1,0,0,0,0,0,0,0,0,0,3.7201288,0,0,0
17,8,1,0,0,0,0,0,0,0,0,0,3.6901164,0,0,0
21,12,1,0,0,0,0,0,0,0,0,0,3.8442328,0,0,0
26,17,1,0,0,0,0,0,0,0,0,0,3.6902604,0,0,0
24,15,1,0,0,0,0,0,0,0,0,0,3.8553886,0,0,0
25,16,1,0,0,1,0,0,0,0,0,0,3.9132698,0,0,0
19,10,1,0,0,0,0,0,0,0,0,0,3.4316235,0,0,0
20,11,1,0,0,0,0,0,0,0,0,0,3.7464395,0,0,0
20,11,1,0,2,0,0,0,0,0,0,0,3.7841837,0,0,0
28,19,1,0,0,0,0,0,0,0,0,0,3.842371,0,0,0
20,11,1,0,0,0,0,0,0,0,0,0,3.6464393,0,0,0
17,8,1,0,0,0,0,0,0,0,0,0,3.4548223,0,0,0
33,24,1,0,0,0,0,0,0,0,0,0,3.9454648,0,0,0
23,14,1,0,0,0,0,0,0,0,0,0,3.6753109,0,0,0
19,10,1,0,0,0,0,0,0,0,0,0,3.5368867,0,0,0
25,16,1,0,0,0,0,0,0,0,0,0,3.6732697,0,0,0
24,15,1,0,0,0,0,0,0,0,0,0,3.709148,0,0,0
20,11,1,0,0,0,0,0,0,0,0,0,3.5841837,0,0,0
20,11,1,0,0,0,0,0,0,0,0,0,3.4464393,0,0,0
18,9,1,0,0,0,0,0,0,0,0,0,3.6835423,0,0,0
25,16,1,0,0,0,0,0,0,0,0,0,3.8332696,0,0,0
22,13,1,0,0,0,0,0,0,0,0,0,3.697846,0,0,0
20,11,1,0,0,0,0,0,0,0,0,0,3.6841838,0,0,0
22,13,1,0,0,0,0,0,0,0,0,0,3.6069367,0,0,0
21,12,1,0,0,0,0,0,0,0,0,0,3.5585186,0,0,0
19,10,1,0,0,0,0,0,0,0,0,0,3.4316235,0,0,0
26,17,1,0,0,0,0,0,0,0,0,0,3.7962177,0,0,0
20,11,1,0,0,0,0,0,0,0,0,0,3.8841836,0,0,0
18,9,1,0,0,0,0,0,0,0,0,0,3.6416042,0,0,0
21,12,1,0,0,0,0,0,0,0,0,0,3.784942,0,0,0
22,13,1,0,0,0,0,0,0,0,0,0,3.93626,0,0,0
24,15,1,0,0,0,0,0,0,0,0,0,3.6258147,0,0,0
22,13,1,0,0,0,0,0,0,0,0,0,3.9705732,0,0,0
22,13,1,0,0,0,0,0,0,0,0,0,3.7201288,0,0,0
25,16,1,0,0,0,0,0,0,0,0,0,3.5434651,0,0,0
24,15,1,0,0,0,0,0,0,0,0,0,3.8553886,0,0,0
16,7,1,0,0,0,0,0,0,0,0,0,3.4528196,0,0,0
24,15,1,0,0,0,0,0,0,0,0,0,4.1053886,0,0,0
18,9,1,0,0,0,0,0,0,0,0,0,3.5724313,0,0,0
22,13,1,0,0,0,0,0,0,0,0,0,3.6292198,0,0,0
19,10,1,0,0,0,0,0,0,0,0,0,3.64215,0,0,0
20,11,1,0,0,0,0,0,0,0,0,0,3.6464393,0,0,0
15,6,1,0,0,0,0,0,0,0,0,0,3.1395721,0,0,0
16,7,1,0,0,0,0,0,0,0,0,0,3.4528196,0,0,0
17,8,1,0,0,0,0,0,0,0,0,0,3.5724695,0,0,0
16,7,1,0,0,0,0,0,0,0,0,0,3.4056392,0,0,0
25,16,1,0,0,0,0,0,0,0,0,0,3.9132698,0,0,0
20,11,1,0,0,0,0,0,0,0,0,0,3.5464394,0,0,0
28,19,1,0,0,0,0,0,0,0,0,0,4.039149,0,0,0
21,12,1,0,0,0,0,0,0,0,0,0,3.7130477,0,0,0
23,14,1,0,0,0,0,0,0,0,0,0,3.9690015,0,0,0
19,10,1,0,0,0,0,0,0,0,0,0,3.4713545,0,0,0
21,12,1,0,0,0,0,0,0,0,0,0,3.7489948,0,0,0
24,15,1,0,0,0,0,0,0,0,0,0,3.7720551,0,0,0
15,6,1,0,0,0,0,0,0,0,0,0,3.189898,0,0,0
27,18,1,0,0,0,0,0,0,0,0,0,3.7504647,0,0,0
18,9,1,0,0,0,0,0,0,0,0,0,3.530493,0,0,0
20,11,1,0,0,1,0,0,0,0,0,0,3.6464393,0,0,0
21,12,1,0,0,0,0,0,0,0,0,0,3.7489948,0,0,0
21,12,1,0,0,0,0,0,0,0,0,0,3.6178098,0,0,0
21,12,1,0,0,0,0,0,0,0,0,0,3.4632804,0,0,0
18,9,1,0,0,0,0,0,0,0,0,0,3.530493,0,0,0
24,15,1,0,0,0,0,0,0,0,0,0,3.7720551,0,0,0
19,10,1,0,0,0,0,0,0,0,0,0,3.6818807,0,0,0
21,12,1,0,0,0,0,0,0,0,0,0,3.7489948,0,0,0
25,16,1,0,0,0,0,0,0,0,0,0,3.7336607,0,0,0
19,10,1,0,0,0,0,0,0,0,0,0,3.5368867,0,0,0
18,9,1,0,0,0,0,0,0,0,0,0,3.5724313,0,0,0
17,8,1,0,0,0,0,0,0,0,0,0,3.4548223,0,0,0
26,17,1,0,0,0,0,0,0,0,0,0,3.8441064,0,0,0
20,11,1,0,0,0,0,0,0,0,0,0,3.3841836,0,0,0
24,15,1,0,0,0,0,0,0,0,0,0,3.8868423,0,0,0
21,12,1,0,3,0,0,0,0,0,0,0,3.784942,0,0,0
27,18,1,0,0,0,0,0,0,0,0,0,3.8002787,0,0,0
19,10,1,0,0,0,0,0,0,0,0,0,3.787144,0,0,0
22,13,1,0,0,0,0,0,0,0,0,0,3.7544417,0,0,0
19,10,1,0,0,0,0,0,0,0,0,0,3.787144,0,0,0
16,7,1,0,0,0,0,0,0,0,0,0,3.3278196,0,0,0
16,7,1,0,1,1,0,0,0,0,0,0,3.4056392,0,0,0
16,7,1,0,0,0,0,0,0,0,0,0,3.4528196,0,0,0
22,13,1,0,0,0,0,0,0,0,0,0,3.6635327,0,0,0
22,13,1,0,0,0,0,0,0,0,0,0,3.879664,0,0,0
15,6,1,0,0,0,0,0,0,0,0,0,3.3232315,0,0,0
20,11,1,0,0,0,0,0,0,0,0,0,3.4841838,0,0,0
18,9,1,0,1,0,0,0,0,0,0,0,3.5724313,0,0,0
21,12,1,0,0,0,0,0,0,0,0,0,3.88018,0,0,0
23,14,1,0,0,0,0,0,0,0,0,0,3.551191,0,0,0
17,8,1,0,1,0,0,0,0,0,0,0,3.4104173,0,0,0
24,15,1,0,0,0,0,0,0,0,0,0,3.8035088,0,0,0
23,14,1,0,0,0,0,0,0,0,0,0,3.9690015,0,0,0
25,16,1,0,0,0,0,0,0,0,0,0,3.9434652,0,1,0
15,6,1,0,0,0,0,0,0,0,0,0,3.3232315,0,0,0
17,8,1,0,2,0,0,0,0,0,0,0,3.1751232,0,0,0
17,8,1,0,0,0,0,0,0,0,0,0,3.5724695,0,0,0
16,7,1,0,0,0,0,0,0,0,0,0,3.3278196,0,0,0
19,10,1,0,0,0,0,0,0,0,0,0,3.3918927,0,0,0
20,11,1,0,0,0,0,0,0,0,0,0,3.6464393,0,0,0
21,12,1,0,0,0,0,0,0,0,0,0,3.4632804,0,0,0
19,10,1,0,2,0,0,0,0,0,0,0,3.6818807,0,0,0
21,12,1,0,0,0,0,0,0,0,0,0,3.6897037,0,0,0
26,17,1,0,0,1,0,0,0,0,0,0,3.9210296,0,0,0
17,8,1,0,2,0,0,0,0,0,0,0,3.5724695,0,0,0
24,15,1,0,0,0,0,0,0,0,0,0,3.8553886,0,0,0
25,16,1,0,0,0,0,0,0,0,0,0,3.9736607,0,1,0
18,9,1,0,0,0,0,0,0,0,0,0,3.350209,0,0,0
20,11,1,0,0,0,0,0,0,0,0,0,3.508695,0,0,0
18,9,1,0,0,0,0,0,0,0,0,0,3.2663326,0,0,0
22,13,1,0,0,0,0,0,0,0,0,0,3.9705732,0,0,0
17,8,1,0,0,0,0,0,0,0,0,0,3.6901164,0,0,0
18,9,1,0,0,0,0,0,0,0,0,0,3.350209,0,0,0
17,8,1,0,2,0,0,0,0,0,0,0,3.4548223,0,0,0
18,9,1,0,0,0,0,0,0,0,0,0,3.530493,0,0,0
20,11,1,0,0,0,0,0,0,0,0,0,3.5464394,0,0,0
15,6,1,0,0,0,0,0,0,0,0,0,3.3232315,0,0,0
17,8,1,0,0,0,0,0,0,0,0,0,3.2927701,0,0,0
18,9,1,0,0,0,0,0,0,0,0,0,3.4613202,0,0,0
26,17,1,0,0,0,0,0,0,0,0,0,3.9021747,0,0,0
18,9,1,0,0,0,0,0,0,0,0,0,3.2390978,0,0,0
24,15,1,0,0,0,0,0,0,0,0,0,3.5383203,0,0,0
20,11,1,0,0,0,0,0,0,0,0,0,3.7464395,0,0,0
24,15,1,0,0,0,0,0,0,0,0,0,3.9701755,0,0,0
21,12,1,0,0,0,0,0,0,0,0,0,3.5585186,0,0,0
20,11,1,0,0,0,0,0,0,0,0,0,3.5464394,0,0,0
17,8,1,0,0,0,0,0,0,0,0,0,3.5724695,0,0,0
18,9,1,0,0,0,0,0,0,0,0,0,3.530493,0,0,0
21,12,1,0,0,0,0,0,0,0,0,0,3.784942,0,0,0
23,14,1,0,0,0,0,0,0,0,0,0,3.5555332,0,0,0
22,13,1,0,0,0,0,0,0,0,0,0,3.93626,0,0,0
17,8,1,0,1,0,0,0,0,0,0,0,3.6901164,0,0,0
20,11,1,0,0,0,0,0,0,0,0,0,3.5464394,0,0,0
18,9,1,0,0,0,0,0,0,0,0,0,3.6835423,0,0,0
20,11,1,0,0,1,0,0,0,0,0,0,3.8841836,0,0,0
19,10,1,0,0,0,0,0,0,0,0,0,3.5766177,0,0,0
23,14,1,0,0,0,0,0,0,0,0,0,3.9361804,0,0,0
17,8,1,0,0,0,0,0,0,0,0,0,3.4548223,0,0,0
21,12,1,0,0,0,0,0,0,0,0,0,3.5225716,0,0,0
27,18,1,0,0,0,0,0,0,0,0,0,3.9302704,0,0,0
22,13,1,0,0,0,0,0,0,0,0,0,3.6635327,0,0,0
24,15,1,0,0,0,0,0,0,0,0,0,3.9701755,0,0,0
26,17,1,0,0,0,0,0,0,0,0,0,3.7483287,0,0,0
18,9,1,0,0,0,0,0,0,0,0,0,3.5724313,0,0,0
23,14,1,0,0,0,0,0,0,0,0,0,3.7622674,0,0,0
22,13,1,0,0,0,0,0,0,0,0,0,3.879664,0,0,0
17,8,1,0,0,0,0,0,0,0,0,0,3.5724695,0,0,0
22,13,1,0,0,0,0,0,0,0,0,0,3.6069367,0,0,0
25,16,1,0,0,0,0,0,0,0,0,0,3.8136606,0,0,0
20,11,1,0,0,0,0,0,0,0,0,0,3.3841836,0,0,0
19,10,1,0,0,0,0,0,0,0,0,0,3.787144,0,0,0
19,10,1,0,0,0,0,0,0,0,0,0,3.787144,0,0,0
18,9,1,0,0,0,0,0,0,0,0,0,3.7946534,0,0,0
19,10,1,0,0,0,0,0,0,0,0,0,3.2608283,0,0,0
25,16,1,0,0,0,0,0,0,0,0,0,3.9434652,0,0,0
28,19,1,0,0,1,0,0,0,0,0,0,4.039149,0,0,0
22,13,1,0,0,0,0,0,0,0,0,0,3.7544417,0,0,0
25,16,1,0,0,0,0,0,0,0,0,0,3.563074,0,0,0
24,15,1,0,0,0,0,0,0,0,0,0,3.8553886,0,0,0
17,8,1,0,0,0,0,0,0,0,0,0,3.5280643,0,0,0
18,9,1,0,0,0,0,0,0,0,0,0,3.2390978,0,0,0
20,11,1,0,0,1,0,0,0,0,0,0,3.8464394,0,0,0
25,16,1,0,0,0,0,0,0,0,0,0,3.5132697,0,0,0
20,11,1,0,0,0,0,0,0,0,0,0,3.8841836,0,0,0
21,12,1,0,0,0,0,0,0,0,0,0,3.5944657,0,0,0
17,8,1,0,0,0,0,0,0,0,0,0,3.1751232,0,0,0
24,15,1,0,0,0,0,0,0,0,0,0,3.8553886,0,0,0
24,15,1,0,0,0,0,0,0,0,0,0,3.6053886,0,0,0
22,13,1,0,0,0,0,0,0,0,0,0,3.7544417,0,0,0
18,9,1,0,0,0,0,0,0,0,0,0,3.5724313,0,0,0
21,12,1,0,0,0,0,0,0,0,0,0,3.6537566,0,0,0
20,11,1,0,0,0,0,0,0,0,0,0,3.2841837,0,0,0
20,11,1,0,0,0,0,0,0,0,0,0,3.6841838,0,0,0
20,11,1,0,0,0,0,0,0,0,0,0,3.6841838,0,0,0
20,11,1,0,0,0,0,0,0,0,0,0,3.6464393,0,0,0
26,17,1,0,0,0,0,0,0,0,0,0,3.7483287,0,0,0
19,10,1,0,0,0,0,0,0,0,0,0,3.5766177,0,0,0
24,15,1,0,0,0,0,0,0,0,0,0,3.7201755,0,0,0
27,18,1,0,0,0,0,0,0,0,0,0,3.8561964,0,0,0
26,17,1,0,0,0,0,0,0,0,0,0,3.8731406,0,0,0
16,7,1,0,0,0,0,0,0,0,0,0,3.4528196,0,0,0
26,17,1,0,0,0,0,0,0,0,0,0,3.7671835,0,0,0
19,10,1,0,0,0,0,0,0,0,0,0,3.4316235,0,0,0
14,5,1,0,2,0,0,0,0,0,0,0,3.182006,0,0,0
20,11,1,0,0,0,0,0,0,0,0,0,3.7464395,0,0,0
20,11,1,0,0,0,0,0,0,0,0,0,3.5464394,0,0,0
21,12,1,0,0,0,0,0,0,0,0,0,3.6178098,0,0,0
26,17,1,0,3,0,0,0,0,0,0,0,3.9500637,0,0,0
20,11,1,0,0,0,0,0,0,0,0,0,3.8841836,0,0,0
33,24,1,0,0,0,0,0,0,0,0,0,4.006071,0,0,0
20,11,1,0,2,0,0,0,0,0,0,0,3.7841837,0,0,0
22,13,1,0,0,0,0,0,0,0,0,0,3.6635327,0,0,0
26,17,1,0,0,0,0,0,0,0,0,0,3.7962177,0,0,0
28,19,1,0,0,0,0,0,0,0,0,0,3.811844,0,0,0
15,6,1,0,1,0,0,0,0,0,0,0,3.0565648,0,0,0
32,23,1,0,0,0,0,0,0,0,0,0,3.6945488,0,0,0
20,11,1,0,0,1,0,0,0,0,0,0,3.8841836,0,0,0
25,16,1,0,0,0,0,0,0,0,0,0,3.6234653,0,0,0
17,8,1,0,1,0,0,0,0,0,0,0,3.6901164,0,0,0
23,14,1,0,0,0,0,0,0,0,0,0,3.9361804,0,0,0
20,11,1,0,0,0,0,0,0,0,0,0,3.4841838,0,0,0
24,15,1,0,0,0,0,0,0,0,0,0,3.938722,0,0,0
21,12,1,0,2,0,0,0,0,0,0,0,3.6537566,0,0,0
19,10,1,0,0,0,0,0,0,0,0,0,3.6818807,0,0,0
21,12,1,0,0,0,0,0,0,0,0,0,3.784942,0,0,0
33,24,1,0,0,0,0,0,0,0,0,0,3.937445,0,0,0
18,9,1,0,0,0,0,0,0,0,0,0,3.4193819,0,0,0
20,11,1,0,0,0,0,0,0,0,0,0,3.508695,0,0,0
23,14,1,0,0,0,0,0,0,0,0,0,3.6211755,0,0,0
21,12,1,0,0,0,0,0,0,0,0,0,3.6897037,0,0,0
29,20,1,0,0,0,0,0,0,0,0,0,3.857307,0,0,0
17,8,1,0,0,0,0,0,0,0,0,0,3.2927701,0,0,0
17,8,1,0,0,0,0,0,0,0,0,0,3.5724695,0,0,0
24,15,1,0,0,0,0,0,0,0,0,0,3.8553886,0,0,0
20,11,1,0,0,0,0,0,0,0,0,0,3.5464394,0,0,0
18,9,1,0,0,0,0,0,0,0,0,0,3.4193819,0,0,0
21,12,1,0,0,0,0,0,0,0,0,0,3.5585186,0,0,0
18,9,1,0,0,0,0,0,0,0,0,0,3.5724313,0,0,0
29,20,1,0,0,0,0,0,0,0,0,0,4.004364,0,0,0
25,16,1,0,0,0,0,0,0,0,0,0,3.9736607,0,0,0
20,11,1,0,0,0,0,0,0,0,0,0,3.7841837,0,0,0
24,15,1,0,0,0,0,0,0,0,0,0,3.9701755,0,0,0
22,13,1,0,0,0,0,0,0,0,0,0,3.7544417,0,0,0
26,17,1,0,0,0,0,0,0,0,0,0,3.6133373,0,0,0
18,9,1,0,0,0,0,0,0,0,0,0,3.5724313,0,0,0
22,13,1,0,0,0,0,0,0,0,0,0,3.7544417,0,0,0
21,12,1,0,0,0,0,0,0,0,0,0,3.5944657,0,0,0
16,7,1,0,0,0,0,0,0,0,0,0,3.4528196,0,0,0
19,10,1,0,0,0,0,0,0,0,0,0,3.787144,0,0,0
23,14,1,0,0,0,0,0,0,0,0,0,3.7294462,0,0,0
19,10,1,0,0,0,0,0,0,0,0,0,3.64215,0,0,0
21,12,1,0,0,0,0,0,0,0,0,0,3.6537566,0,0,0
21,12,1,0,0,0,0,0,0,0,0,0,3.6897037,0,0,0
21,12,1,0,0,0,0,0,0,0,0,0,3.5585186,0,0,0
22,13,1,0,0,0,0,0,0,0,0,0,3.5039976,0,0,0
22,13,1,0,0,0,0,0,0,0,0,0,3.845351,0,0,0
21,12,1,0,0,0,0,0,0,0,0,0,3.975418,0,0,0
16,7,1,0,0,0,0,0,0,0,0,0,3.3278196,0,0,0
16,7,1,0,0,0,0,0,0,0,0,0,3.3278196,0,0,0
16,7,1,0,0,0,0,0,0,0,0,0,3.2806392,0,0,0
28,19,1,0,0,0,0,0,0,0,0,0,3.9137995,0,0,0
20,11,1,0,0,0,0,0,0,0,0,0,3.4464393,0,0,0
21,12,1,0,0,0,0,0,0,0,0,0,3.88018,0,0,0
19,10,1,0,0,0,0,0,0,0,0,0,3.6818807,0,0,0
21,12,1,0,0,0,0,0,0,0,0,0,3.3680425,0,0,0
24,15,1,0,0,0,0,0,0,0,0,0,3.5383203,0,0,0
22,13,1,0,0,0,0,0,0,0,0,0,3.7544417,0,1,0
16,7,1,0,0,0,0,0,0,0,0,0,3.4528196,0,0,0
21,12,1,0,0,0,0,0,0,0,0,0,3.5585186,0,0,0
18,9,1,0,0,0,0,0,0,0,0,0,3.6835423,0,0,0
19,10,1,0,0,0,0,0,0,0,0,0,3.7474132,0,0,0
22,13,1,0,0,0,0,0,0,0,0,0,3.5383105,0,0,0
33,24,1,0,0,0,0,0,0,0,0,0,3.8013775,0,0,0
25,16,1,0,0,0,0,0,0,0,0,0,3.4790795,0,0,0
22,13,1,0,4,0,0,0,0,0,0,0,3.93626,0,0,0
18,9,1,0,0,0,0,0,0,0,0,0,3.6835423,0,0,0
31,22,1,0,0,0,0,0,0,0,0,0,3.8087196,0,0,0
21,12,1,0,0,0,0,0,0,0,0,0,3.88018,0,0,0
21,12,1,0,0,0,0,0,0,0,0,0,3.5585186,0,0,0
22,13,1,0,0,0,0,0,0,0,0,0,3.788755,0,0,0
22,13,1,0,0,0,0,0,0,0,0,0,3.6635327,0,0,0
19,10,1,0,0,0,0,0,0,0,0,0,3.787144,0,0,0
20,11,1,0,0,0,0,0,0,0,0,0,3.6841838,0,0,0
25,16,1,0,0,0,0,0,0,0,0,0,3.4790795,0,0,0
31,22,1,0,0,0,0,0,0,0,0,0,3.897587,0,0,0
18,9,1,0,0,0,0,0,0,0,0,0,3.4193819,0,0,0
16,7,1,0,0,0,0,0,0,0,0,0,3.1556392,0,0,0
23,14,1,0,0,0,0,0,0,0,0,0,3.6381476,0,0,0
24,15,1,0,0,0,0,0,0,0,0,0,3.8553886,0,0,0
25,16,1,0,0,0,0,0,0,0,0,0,3.8136606,0,0,0
27,18,1,0,0,0,0,0,0,0,0,0,3.986188,0,0,0
20,11,1,0,0,0,0,0,0,0,0,0,3.6841838,0,0,0
20,11,1,0,0,0,0,0,0,0,0,0,3.5841837,0,0,0
15,6,1,0,0,0,0,0,0,0,0,0,3.3232315,0,0,0
18,9,1,0,0,0,0,0,0,0,0,0,3.6835423,0,0,0
25,16,1,0,0,0,0,0,0,0,0,0,3.9434652,0,0,0
20,11,1,0,0,0,0,0,0,0,0,0,3.7841837,0,0,0
20,11,1,0,0,0,0,0,0,0,0,0,3.6464393,0,0,0
21,12,1,0,0,0,0,0,0,0,0,0,3.5585186,0,0,0
19,10,1,0,0,0,0,0,0,0,0,0,3.5766177,0,0,0
20,11,1,0,0,0,0,0,0,0,0,0,3.6464393,0,0,0
21,12,1,0,0,0,0,0,0,0,0,0,3.784942,0,0,0
18,9,1,0,0,0,0,0,0,0,0,0,3.308271,0,0,0
20,11,1,0,0,0,0,0,0,0,0,0,3.6464393,0,0,0
23,14,1,0,0,0,0,0,0,0,0,0,3.7622674,0,0,0
20,11,1,0,0,0,0,0,0,0,0,0,3.308695,0,0,0
24,15,1,0,0,0,0,0,0,0,0,0,3.7201755,0,0,0
16,7,1,0,0,0,0,0,0,0,0,0,3.2806392,0,0,0
27,18,1,0,0,0,0,0,0,0,0,0,3.7043495,0,0,0
20,11,1,0,0,0,0,0,0,0,0,0,3.6841838,0,0,0
24,15,1,0,0,0,0,0,0,0,0,0,3.6368423,0,0,0
28,19,1,0,0,0,0,0,0,0,0,0,4.110577,0,0,0
20,11,1,0,0,0,0,0,0,0,0,0,3.5464394,0,0,0
20,11,1,0,0,0,0,0,0,0,0,0,3.3841836,0,0,0
26,17,1,0,0,0,0,0,0,0,0,0,3.6714056,0,0,0
18,9,1,0,0,0,0,0,0,0,0,0,3.6835423,0,0,0
20,11,1,0,0,0,0,0,0,0,0,0,3.2841837,0,0,0
25,16,1,0,0,0,0,0,0,0,0,0,3.7532697,0,0,0
29,20,1,0,0,1,0,0,0,0,0,0,3.8278327,0,0,0
19,10,1,0,0,0,0,0,0,0,0,0,3.5766177,0,0,0
28,19,1,0,0,0,0,0,0,0,0,0,4.110577,0,0,0
21,12,1,0,0,0,0,0,0,0,0,0,3.7489948,0,0,0
17,8,1,0,4,0,0,0,0,0,0,0,3.4104173,0,0,0
19,10,1,0,0,0,0,0,0,0,0,0,3.6818807,0,0,0
22,13,1,0,0,0,0,0,0,0,0,0,3.697846,0,0,0
23,14,1,0,0,0,0,0,0,0,0,0,3.882045,0,0,0
17,8,1,0,0,0,0,0,0,0,0,0,3.4548223,0,0,0
24,15,1,0,0,0,0,0,0,0,0,0,3.7720551,0,0,0
17,8,1,0,0,0,0,0,0,0,0,0,3.4548223,0,0,0
22,13,1,0,0,1,0,0,0,0,0,0,3.6069367,0,0,0
21,12,1,0,0,0,0,0,0,0,0,0,3.4632804,0,0,0
18,9,1,0,0,0,0,0,0,0,0,0,3.6835423,0,0,0
16,7,1,0,2,0,0,0,0,0,0,0,3.4528196,0,0,0
17,8,1,0,0,0,0,0,0,0,0,0,3.4104173,0,0,0
22,13,1,0,0,0,0,0,0,0,0,0,3.4130883,0,0,0
17,8,1,0,0,0,0,0,0,0,0,0,3.2927701,0,0,0
16,7,1,0,0,0,0,0,0,0,0,0,3.5778196,0,0,0
17,8,1,0,0,0,0,0,0,0,0,0,3.6901164,0,0,0
19,10,1,0,0,0,0,0,0,0,0,0,3.7474132,0,0,0
20,11,1,0,0,0,0,0,0,0,0,0,3.8841836,0,0,0
17,8,1,0,1,0,0,0,0,0,0,0,3.5724695,0,0,0
28,19,1,0,0,0,0,0,0,0,0,0,3.726474,0,0,0
16,7,1,0,0,0,0,0,0,0,0,0,3.1556392,0,0,0
18,9,1,0,0,0,0,0,0,0,0,0,3.5724313,0,0,0
17,8,1,0,0,0,0,0,0,0,0,0,3.4104173,0,0,0
24,15,1,0,0,0,0,0,0,0,0,0,3.6216536,0,0,0
19,10,1,0,0,0,0,0,0,0,0,0,3.787144,0,0,0
18,9,1,0,0,0,0,0,0,0,0,0,3.4193819,0,0,0
21,12,1,0,0,0,0,0,0,0,0,0,3.7489948,0,0,0
22,13,1,0,0,0,0,0,0,0,0,0,3.5383105,0,0,0
16,7,1,0,0,0,0,0,0,0,0,0,3.3278196,0,0,0
22,13,1,0,0,0,0,0,0,0,0,0,3.7544417,0,0,0
18,9,1,0,0,0,0,0,0,0,0,0,3.2663326,0,0,0
16,7,1,0,0,0,0,0,0,0,0,0,3.5778196,0,0,0
24,15,1,0,0,0,0,0,0,0,0,0,3.5220551,0,0,0
18,9,1,0,0,0,0,0,0,0,0,0,3.5724313,0,0,0
21,12,1,0,0,0,0,0,0,0,0,0,3.5225716,0,0,0
25,16,1,0,0,0,0,0,0,0,0,0,3.6234653,0,0,0
16,7,1,0,0,0,0,0,0,0,0,0,3.4528196,0,0,0
20,11,1,0,1,0,0,0,0,0,0,0,3.6464393,0,0,0
24,15,1,0,0,0,0,0,0,0,0,0,3.7720551,0,0,0
22,13,1,0,0,0,0,0,0,0,0,0,3.788755,0,0,0
20,11,1,0,0,0,0,0,0,0,0,0,3.3841836,0,0,0
16,7,1,0,0,0,0,0,0,0,0,0,3.2806392,0,0,0
22,13,1,0,0,0,0,0,0,0,0,0,3.4817145,0,0,0
19,10,1,0,0,0,0,0,0,0,0,0,3.5368867,0,0,0
24,15,1,0,0,0,0,0,0,0,0,0,3.8553886,0,0,0
19,10,1,0,0,0,0,0,0,0,0,0,3.2608283,0,0,0
20,11,1,0,0,0,0,0,0,0,0,0,3.6841838,0,0,0
20,11,1,0,0,0,0,0,0,0,0,0,3.5464394,0,0,0
20,11,1,0,0,0,0,0,0,0,0,0,3.7841837,0,0,0
22,13,1,0,0,0,0,0,0,0,0,0,3.788755,0,0,0
22,13,1,0,0,0,0,0,0,0,0,0,3.93626,0,0,0
23,14,1,0,0,0,0,0,0,0,0,0,3.9690015,0,0,0
20,11,1,0,0,0,0,0,0,0,0,0,3.7841837,0,0,0
23,14,1,0,0,0,0,0,0,0,0,0,3.7622674,0,0,0
23,14,1,0,0,0,0,0,0,0,0,0,3.8492239,0,0,0
20,11,1,0,0,0,0,0,0,0,0,0,3.5841837,0,0,0
22,13,1,0,0,0,0,0,0,0,0,0,3.5726237,0,0,0
21,12,1,0,0,0,0,0,0,0,0,0,3.6897037,0,0,0
23,14,1,0,0,0,0,0,0,0,0,0,3.9361804,0,0,0
19,10,1,0,0,1,0,0,0,0,0,0,3.6818807,0,0,0
28,19,1,0,0,0,0,0,0,0,0,0,3.7534344,0,0,0
24,15,1,0,0,0,0,0,0,0,0,0,3.8239348,0,0,0
25,16,1,0,0,0,0,0,0,0,0,0,3.6732697,0,0,0
21,12,1,0,0,0,0,0,0,0,0,0,3.7489948,0,0,0
16,7,1,0,0,0,0,0,0,0,0,0,3.1556392,0,0,0
21,12,1,0,0,0,0,0,0,0,0,0,3.939471,0,0,0
22,13,1,0,1,0,0,0,0,0,0,0,3.788755,0,0,0
31,22,1,0,0,0,0,0,0,0,0,0,3.977917,0,0,0
16,7,1,0,0,0,0,0,0,0,0,0,3.5778196,0,0,0
27,18,1,0,0,0,0,0,0,0,0,0,3.7821221,0,0,0
22,13,1,0,0,0,0,0,0,0,0,0,3.6635327,0,0,0
25,16,1,0,0,0,0,0,0,0,0,0,3.8136606,0,0,0
20,11,1,0,0,0,0,0,0,0,0,0,3.8841836,0,0,0
21,12,1,0,0,0,0,0,0,0,0,0,3.88018,0,0,0
26,17,1,0,0,0,0,0,0,0,0,0,3.8441064,0,0,0
24,15,1,0,0,0,0,0,0,0,0,0,3.8553886,0,0,0
26,17,1,0,0,0,0,0,0,0,0,0,3.7192945,0,0,0
28,19,1,0,0,0,0,0,0,0,0,0,3.7979026,0,0,0
22,13,1,0,0,0,0,0,0,0,0,0,3.697846,0,0,0
20,11,1,0,0,0,0,0,0,0,0,0,3.7841837,0,0,0
24,15,1,0,0,0,0,0,0,0,0,0,3.7720551,0,0,0
20,11,1,0,0,0,0,0,0,0,0,0,3.7464395,0,0,0
18,9,1,0,0,0,0,0,0,0,0,0,3.6835423,0,0,0
22,13,1,0,0,0,0,0,0,0,0,0,3.697846,0,0,0
19,10,1,0,0,0,0,0,0,0,0,0,3.6818807,0,0,0
16,7,1,0,0,0,0,0,0,0,0,0,3.1556392,0,0,0
23,14,1,0,0,0,0,0,0,0,0,0,3.8492239,0,0,0
17,8,1,0,0,0,0,0,0,0,0,0,3.5280643,0,0,0
21,12,1,0,0,0,0,0,0,0,0,0,3.7489948,0,0,0
18,9,1,0,0,0,0,0,0,0,0,0,3.4613202,0,0,0
21,12,1,0,0,0,0,0,0,0,0,0,3.7489948,0,0,0
22,13,1,0,0,0,0,0,0,0,0,0,3.6292198,0,0,0
26,17,1,0,0,0,0,0,0,0,0,0,3.7192945,0,0,0
18,9,1,0,0,0,0,0,0,0,0,0,3.4193819,0,0,0
23,14,1,0,0,0,0,0,0,0,0,0,3.7294462,0,0,0
27,18,1,0,0,1,0,0,0,0,0,0,3.986188,0,0,0
21,12,1,0,0,0,0,0,0,0,0,0,3.7489948,0,0,0
16,7,1,0,0,0,0,0,0,0,0,0,3.4056392,0,0,0
29,20,1,0,0,1,0,0,0,0,0,0,3.909368,0,0,0
17,8,1,0,0,0,0,0,0,0,0,0,3.4548223,0,0,0
22,13,1,0,0,0,0,0,0,0,0,0,3.788755,0,0,0
21,12,1,0,0,0,0,0,0,0,0,0,3.6178098,0,0,0
25,16,1,0,0,0,0,0,0,0,0,0,3.7336607,0,0,0
22,13,1,0,0,0,0,0,0,0,0,0,3.845351,0,0,0
29,20,1,0,0,1,0,0,0,0,0,0,3.8833375,0,0,0
17,8,1,0,0,0,0,0,0,0,0,0,3.5724695,0,0,0
22,13,1,0,0,0,0,0,0,0,0,0,3.879664,0,0,0
24,15,1,0,0,0,0,0,0,0,0,0,4.0535088,0,0,0
20,11,1,0,0,0,0,0,0,0,0,0,3.5464394,0,0,0
19,10,1,0,0,0,0,0,0,0,0,0,3.6818807,0,0,0
18,9,1,0,0,0,0,0,0,0,0,0,3.5724313,0,0,0
21,12,1,0,0,0,0,0,0,0,0,0,3.784942,0,0,0
25,16,1,0,0,0,0,0,0,0,0,0,3.7532697,0,0,0
25,16,1,0,0,0,0,0,0,0,0,0,3.863465,0,0,0
21,12,1,0,0,0,0,0,0,0,0,0,3.6537566,0,0,0
17,8,1,0,0,0,0,0,0,0,0,0,3.130718,0,0,0
15,6,1,0,0,0,0,0,0,0,0,0,3.4565647,0,0,0
20,11,1,0,0,0,0,0,0,0,0,0,3.5464394,0,0,0
19,10,1,0,0,0,0,0,0,0,0,0,3.5766177,0,0,0
19,10,1,0,0,0,0,0,0,0,0,0,3.64215,0,0,0
18,9,1,0,0,0,0,0,0,0,0,0,3.127987,0,0,0
21,12,1,0,0,0,0,0,0,0,0,0,3.6897037,0,0,0
24,15,1,0,0,0,0,0,0,0,0,0,3.9701755,0,0,0
23,14,1,0,0,0,0,0,0,0,0,0,3.6424897,0,0,0
21,12,1,0,0,0,0,0,0,0,0,0,3.4632804,0,0,0
23,14,1,0,0,0,0,0,0,0,0,0,3.5883543,0,0,0
20,11,1,0,0,0,0,0,0,0,0,0,3.6841838,0,0,0
18,9,1,0,0,0,0,0,0,0,0,0,3.7946534,0,0,0
24,15,1,0,0,0,0,0,0,0,0,0,3.7406015,0,0,0
27,18,1,0,0,0,0,0,0,0,0,0,3.9302704,0,0,0
19,10,1,0,0,0,0,0,0,0,0,0,3.2608283,0,0,0
21,12,1,0,0,0,0,0,0,0,0,0,3.88018,0,0,0
15,6,1,0,0,0,0,0,0,0,0,0,3.3232315,0,0,0
24,15,1,0,0,0,0,0,0,0,0,0,3.8553886,0,1,0
21,12,1,0,0,0,0,0,0,0,0,0,3.6537566,0,0,0
22,13,1,0,0,0,0,0,0,0,0,0,3.6635327,0,0,0
20,11,1,0,0,0,0,0,0,0,0,0,3.7841837,0,0,0
19,10,1,0,0,0,0,0,0,0,0,0,3.4316235,0,0,0
19,10,1,0,0,0,0,0,0,0,0,0,3.4316235,0,0,0
17,8,1,0,0,0,0,0,0,0,0,0,3.5724695,0,0,0
20,11,1,0,0,0,0,0,0,0,0,0,3.3464394,0,0,0
27,18,1,0,0,0,0,0,0,0,0,0,3.7541635,0,0,0
32,23,1,0,0,0,0,0,0,0,0,0,3.7928379,0,0,0
29,20,1,0,0,0,0,0,0,0,0,0,4.090234,0,0,0
21,12,1,0,0,0,0,0,0,0,0,0,3.4273336,0,0,0
19,10,1,0,1,0,0,0,0,0,0,0,3.64215,0,0,0
27,18,1,0,0,0,0,0,0,0,0,0,4.134336,0,0,0
23,14,1,0,0,0,0,0,0,0,0,0,3.708132,0,0,0
19,10,1,0,0,0,0,0,0,0,0,0,3.2210972,0,0,0
22,13,1,0,0,0,0,0,0,0,0,0,3.9705732,0,0,0
20,11,1,0,0,0,0,0,0,0,0,0,3.5464394,0,0,0
20,11,1,0,0,0,0,0,0,0,0,0,3.408695,0,0,0
22,13,1,0,0,0,0,0,0,0,0,0,3.7544417,0,0,0
22,13,1,0,0,0,0,0,0,0,0,0,3.408549,0,0,0
23,14,1,0,0,0,0,0,0,0,0,0,3.5013978,0,0,0
22,13,1,0,0,0,0,0,0,0,0,0,3.7544417,0,0,0
18,9,1,0,0,0,0,0,0,0,0,0,3.4193819,0,0,0
25,16,1,0,0,0,0,0,0,0,0,0,3.7230742,0,0,0
31,22,1,0,0,0,0,0,0,0,0,0,3.977917,0,0,0
25,16,1,0,0,0,0,0,0,0,0,0,3.7034652,0,0,0
23,14,1,0,0,0,0,0,0,0,0,0,3.6096685,0,0,0
18,9,1,0,0,0,0,0,0,0,0,0,3.4613202,0,0,0
21,12,1,0,2,0,0,0,0,0,0,0,3.8442328,0,0,0
20,11,1,0,0,0,0,0,0,0,0,0,3.7841837,0,0,0
23,14,1,0,0,0,0,0,0,0,0,0,3.522712,0,0,0
22,13,1,0,0,0,0,0,0,0,0,0,3.5726237,0,0,0
18,9,1,0,0,0,0,0,0,0,0,0,3.5724313,0,0,0
22,13,1,0,0,0,0,0,0,0,0,0,3.845351,0,0,0
19,10,1,0,0,0,0,0,0,0,0,0,3.4713545,0,0,0
19,10,1,0,1,0,0,0,0,0,0,0,3.6818807,0,0,0
21,12,1,0,0,0,0,0,0,0,0,0,3.8442328,0,0,0
15,6,1,0,0,0,0,0,0,0,0,0,3.3232315,0,0,0
18,9,1,0,0,0,0,0,0,0,0,0,3.530493,0,0,0
21,12,1,0,0,0,0,0,0,0,0,0,3.6537566,0,0,0
25,16,1,0,0,0,0,0,0,0,0,0,3.5932696,0,0,0
24,15,1,0,0,0,0,0,0,0,0,0,3.8553886,0,0,0
17,8,1,0,1,0,0,0,0,0,0,0,3.2927701,0,0,0
18,9,1,0,0,0,0,0,0,0,0,0,3.5724313,0,0,0
19,10,1,0,0,0,0,0,0,0,0,0,3.4316235,0,0,0
23,14,1,0,0,1,0,0,0,0,0,0,3.882045,0,0,0
21,12,1,0,0,0,0,0,0,0,0,0,3.88018,0,0,0
18,9,1,0,0,0,0,0,0,0,0,0,3.4193819,0,0,0
18,9,1,0,0,0,0,0,0,0,0,0,3.530493,0,0,0
20,11,1,0,0,0,0,0,0,0,0,0,3.8841836,0,0,0
22,13,1,0,0,0,0,0,0,0,0,0,3.4817145,0,0,0
19,10,1,0,0,0,0,0,0,0,0,0,3.5368867,0,0,0
15,6,1,0,0,0,0,0,0,0,0,0,3.3232315,0,0,0
18,9,1,0,1,0,0,0,0,0,0,0,3.6835423,0,0,0
21,12,1,0,0,0,0,0,0,0,0,0,3.6537566,0,0,0
20,11,1,0,0,1,0,0,0,0,0,0,3.7464395,0,0,0
18,9,1,0,0,0,0,0,0,0,0,0,3.7946534,0,0,0
22,13,1,0,0,0,0,0,0,0,0,0,3.788755,0,0,0
24,15,1,0,0,0,0,0,0,0,0,0,3.7406015,0,0,0
25,16,1,0,0,0,0,0,0,0,0,0,3.6390796,0,0,0
21,12,1,0,0,0,0,0,0,0,0,0,3.8442328,0,0,0
27,18,1,0,0,0,0,0,0,0,0,0,3.986188,0,0,0
22,13,1,0,0,0,0,0,0,0,0,0,3.5383105,0,0,0
24,15,1,0,0,0,0,0,0,0,0,0,3.6258147,0,0,0
22,13,1,0,0,0,0,0,0,0,0,0,3.2433004,0,0,0
21,12,1,0,0,0,0,0,0,0,0,0,3.6897037,0,0,0
20,11,1,0,0,0,0,0,0,0,0,0,3.8841836,0,0,0
17,8,1,0,0,0,0,0,0,0,0,0,3.6901164,0,0,0
19,10,1,0,0,0,0,0,0,0,0,0,3.5766177,0,0,0
21,12,1,0,0,0,0,0,0,0,0,0,3.784942,0,0,0
19,10,1,0,1,0,0,0,0,0,0,0,3.5368867,0,0,0
24,15,1,0,0,0,0,0,0,0,0,0,4.022055,0,0,0
25,16,1,0,0,0,0,0,0,0,0,0,3.9434652,0,0,0
18,9,1,0,0,0,0,0,0,0,0,0,3.5724313,0,0,0
22,13,1,0,0,0,0,0,0,0,0,0,3.6292198,0,0,0
18,9,1,0,1,0,0,0,0,0,0,0,3.350209,0,0,0
20,11,1,0,0,0,0,0,0,0,0,0,3.5464394,0,0,0
31,22,1,0,0,0,0,0,0,0,0,0,3.735666,0,0,0
21,12,1,0,0,0,0,0,0,0,0,0,3.8442328,0,0,0
30,21,1,0,0,0,0,0,0,0,0,0,3.8817277,0,0,0
19,10,1,0,0,0,0,0,0,0,0,0,3.3918927,0,0,0
21,12,1,0,0,0,0,0,0,0,0,0,3.6537566,0,0,0
19,10,1,0,0,0,0,0,0,0,0,0,3.3660913,0,0,0
21,12,1,0,0,0,0,0,0,0,0,0,3.6537566,0,0,0
19,10,1,0,0,0,0,0,0,0,0,0,3.787144,0,0,0
19,10,1,0,0,0,0,0,0,0,0,0,3.5368867,0,0,0
25,16,1,0,0,0,0,0,0,0,0,0,3.863465,0,0,0
32,23,1,0,0,0,0,0,0,0,0,0,3.6678379,0,0,0
27,18,1,0,0,1,0,0,0,0,0,0,4.0043445,0,0,0
15,6,1,0,0,0,0,0,0,0,0,0,2.9232314,0,0,0
28,19,1,0,0,1,0,0,0,0,0,0,4.0121884,0,0,0
25,16,1,0,0,0,0,0,0,0,0,0,3.7230742,0,0,0
19,10,1,0,1,0,0,0,0,0,0,0,3.787144,0,0,0
28,19,1,0,0,0,0,0,0,0,0,0,3.6725535,0,0,0
19,10,1,0,0,0,0,0,0,0,0,0,3.5368867,0,0,0
21,12,1,0,0,0,0,0,0,0,0,0,3.7489948,0,0,0
19,10,1,0,0,0,0,0,0,0,0,0,3.3263605,0,0,0
18,9,1,0,0,0,0,0,0,0,0,0,3.5724313,0,0,0
22,13,1,0,0,0,0,0,0,0,0,0,3.5726237,0,0,0
25,16,1,0,0,0,0,0,0,0,0,0,3.9434652,0,0,0
21,12,1,0,0,0,0,0,0,0,0,0,3.2368574,0,0,0
20,11,1,0,0,0,0,0,0,0,0,0,3.8841836,0,0,0
28,19,1,0,0,0,0,0,0,0,0,0,3.699514,0,0,0
23,14,1,0,0,0,0,0,0,0,0,0,3.5555332,0,0,0
20,11,1,0,0,0,0,0,0,0,0,0,3.6464393,0,0,0
23,14,1,0,0,0,0,0,0,0,0,0,3.882045,0,0,0
21,12,1,0,0,0,0,0,0,0,0,0,3.6897037,0,0,0
23,14,1,0,0,0,0,0,0,0,0,0,3.7622674,0,0,0
23,14,1,0,0,0,0,0,0,0,0,0,3.8492239,0,0,0
23,14,1,0,0,0,0,0,0,0,0,0,3.3816202,0,0,0
21,12,1,0,0,0,0,0,0,0,0,0,3.4992275,0,0,0
19,10,1,0,0,0,0,0,0,0,0,0,3.787144,0,0,0
25,16,1,0,0,0,0,0,0,0,0,0,3.8136606,0,0,0
20,11,1,0,0,0,0,0,0,0,0,0,3.4841838,0,0,0
20,11,1,0,0,0,0,0,0,0,0,0,3.6841838,0,0,0
19,10,1,0,0,0,0,0,0,0,0,0,3.787144,0,0,0
24,15,1,0,0,0,0,0,0,0,0,0,3.6572683,0,0,0
24,15,1,0,0,0,0,0,0,0,0,0,3.6258147,0,0,0
19,10,1,0,0,0,0,0,0,0,0,0,3.6818807,0,0,0
23,14,1,0,0,0,0,0,0,0,0,0,3.7622674,0,0,0
18,9,1,0,0,0,0,0,0,0,0,0,3.530493,0,0,0
23,14,1,0,0,0,0,0,0,0,0,0,3.5013978,0,0,0
19,10,1,0,0,0,0,0,0,0,0,0,3.5368867,0,0,0
23,14,1,0,0,0,0,0,0,0,0,0,3.6753109,0,0,0
26,17,1,0,0,0,0,0,0,0,0,0,3.7192945,0,0,0
22,13,1,0,0,0,0,0,0,0,0,0,3.7544417,0,0,0
20,11,1,0,0,0,0,0,0,0,0,0,3.7841837,0,0,0
20,11,1,0,0,0,0,0,0,0,0,0,3.7841837,0,0,0
15,6,1,0,0,0,0,0,0,0,0,0,3.1395721,0,0,0
20,11,1,0,0,0,0,0,0,0,0,0,3.608695,0,0,0
27,18,1,0,0,2,0,0,0,0,0,0,3.708048,0,0,0
21,12,1,0,0,0,0,0,0,0,0,0,3.784942,0,0,0
21,12,1,0,0,0,0,0,0,0,0,0,3.5225716,0,0,0
18,9,1,0,0,0,0,0,0,0,0,0,3.2390978,0,0,0
21,12,1,0,0,0,0,0,0,0,0,0,3.88018,0,0,0
18,9,1,0,0,0,0,0,0,0,0,0,3.6835423,0,0,0
24,15,1,0,0,0,0,0,0,0,0,0,3.7201755,0,0,0
18,9,1,0,0,0,0,0,0,0,0,0,3.530493,0,0,0
20,11,1,0,0,0,0,0,0,0,0,0,3.4464393,0,0,0
26,17,1,0,0,0,0,0,0,0,0,0,3.9500637,0,0,0
20,11,1,0,0,0,0,0,0,0,0,0,3.7464395,0,0,0
33,24,1,0,0,1,0,0,0,0,0,0,3.8471282,0,0,0
20,11,1,0,0,0,0,0,0,0,0,0,3.2037017,0,0,0
24,15,1,0,2,0,0,0,0,0,0,0,4.022055,0,0,0
20,11,1,0,0,0,0,0,0,0,0,0,3.6841838,0,0,0
25,16,1,0,0,1,0,0,0,0,0,0,3.9434652,0,0,0
24,15,1,0,0,0,0,0,0,0,0,0,3.7201755,0,0,0
23,14,1,0,1,1,0,0,0,0,0,0,3.8164027,0,0,0
21,12,1,0,0,0,0,0,0,0,0,0,3.7489948,0,0,0
19,10,1,0,0,0,0,0,0,0,0,0,3.3660913,0,0,0
23,14,1,0,0,1,0,0,0,0,0,0,3.9690015,0,0,0
24,15,1,0,0,0,0,0,0,0,0,0,3.688722,0,0,0
29,20,1,0,0,0,0,0,0,0,0,0,4.1591997,0,0,0
17,8,1,0,0,0,0,0,0,0,0,0,3.5724695,0,0,0
22,13,1,0,0,0,0,0,0,0,0,0,3.6069367,0,0,0
19,10,1,0,0,0,0,0,0,0,0,0,3.2608283,0,0,0
22,13,1,0,0,0,0,0,0,0,0,0,3.7544417,0,0,0
21,12,1,0,0,0,0,0,0,0,0,0,3.3680425,0,0,0
21,12,1,0,0,0,0,0,0,0,0,0,3.4866245,0,0,0
20,11,1,0,0,0,0,0,0,0,0,0,3.5464394,0,0,0
23,14,1,0,0,0,0,0,0,0,0,0,3.7622674,0,0,0
16,7,1,0,0,0,0,0,0,0,0,0,3.4528196,0,0,0
20,11,1,0,0,0,0,0,0,0,0,0,3.9841838,0,0,0
19,10,1,0,0,0,0,0,0,0,0,0,3.5766177,0,0,0
18,9,1,0,0,0,0,0,0,0,0,0,3.4613202,0,0,0
20,11,1,0,0,0,0,0,0,0,0,0,3.7841837,0,0,0
18,9,1,0,0,0,0,0,0,0,0,0,3.308271,0,0,0
21,12,1,0,0,0,0,0,0,0,0,0,3.6537566,0,0,0
25,16,1,0,0,0,0,0,0,0,0,0,3.9736607,0,0,0
22,13,1,0,0,0,0,0,0,0,0,0,3.1924179,0,0,0
20,11,1,0,0,0,0,0,0,0,0,0,3.5464394,0,0,0
23,14,1,0,0,0,0,0,0,0,0,0,3.8492239,0,0,0
19,10,1,0,0,0,0,0,0,0,0,0,3.4316235,0,0,0
19,10,1,0,0,0,0,0,0,0,0,0,3.4713545,0,0,0
17,8,1,0,0,0,0,0,0,0,0,0,3.5724695,0,0,0
16,7,1,0,0,0,0,0,0,0,0,0,3.5778196,0,0,0
19,10,1,0,0,0,0,0,0,0,0,0,3.787144,0,0,0
16,7,1,0,0,0,0,0,0,0,0,0,3.3278196,0,0,0
22,13,1,0,0,0,0,0,0,0,0,0,3.6292198,0,0,0
18,9,1,0,0,0,0,0,0,0,0,0,3.4613202,0,0,0
21,12,1,0,0,0,0,0,0,0,0,0,3.5944657,0,0,0
18,9,1,0,0,0,0,0,0,0,0,0,3.4613202,0,0,0
22,13,1,0,0,1,0,0,0,0,0,0,3.7544417,0,0,0
20,11,1,0,0,0,0,0,0,0,0,0,3.5841837,0,0,0
21,12,1,0,0,0,0,0,0,0,0,0,3.6537566,0,0,0
15,6,1,0,0,0,0,0,0,0,0,0,3.1395721,0,0,0
27,18,1,0,0,1,0,0,0,0,0,0,3.8561964,0,0,0
19,10,1,0,0,1,0,0,0,0,0,0,3.6818807,0,0,0
18,9,1,0,0,0,0,0,0,0,0,0,3.4613202,0,0,0
21,12,1,0,0,0,0,0,0,0,0,0,3.6178098,0,0,0
24,15,1,0,0,0,0,0,0,0,0,0,3.6572683,0,0,0
27,18,1,0,0,0,0,0,0,0,0,0,3.8282375,0,0,0
22,13,1,0,0,0,0,0,0,0,0,0,3.7544417,0,0,0
19,10,1,0,2,0,0,0,0,0,0,0,3.5766177,0,0,0
23,14,1,0,0,0,0,0,0,0,0,0,3.8492239,0,0,0
21,12,1,0,0,0,0,0,0,0,0,0,3.6178098,0,0,0
17,8,1,0,0,0,0,0,0,0,0,0,3.5724695,0,0,0
24,15,1,0,0,2,0,0,0,0,0,0,3.8553886,0,0,0
16,7,1,0,0,0,0,0,0,0,0,0,3.4528196,0,0,0
23,14,1,0,0,0,0,0,0,0,0,0,3.8492239,0,0,0
21,12,1,0,0,0,0,0,0,0,0,0,3.6178098,0,0,0
18,9,1,0,0,0,0,0,0,0,0,0,3.4193819,0,0,0
21,12,1,0,0,0,0,0,0,0,0,0,3.975418,0,0,0
24,15,1,0,0,0,0,0,0,0,0,0,3.7720551,0,0,0
18,9,1,0,0,0,0,0,0,0,0,0,3.350209,0,0,0
18,9,1,0,0,0,0,0,0,0,0,0,3.308271,0,0,0
21,12,1,0,0,0,0,0,0,0,0,0,3.6537566,0,0,0
18,9,1,0,1,0,0,0,0,0,0,0,3.6835423,0,0,0
22,13,1,0,0,0,0,0,0,0,0,0,3.7201288,0,0,0
23,14,1,0,0,0,0,0,0,0,0,0,3.5883543,0,0,0
24,15,1,0,0,0,0,0,0,0,0,0,3.8553886,0,0,0
18,9,1,0,0,0,0,0,0,0,0,0,3.4193819,0,0,0
21,12,1,0,0,0,0,0,0,0,0,0,3.7489948,0,0,0
22,13,1,0,0,0,0,0,0,0,0,0,3.788755,0,0,0
21,12,1,0,0,0,0,0,0,0,0,0,3.6537566,0,0,0
15,6,1,0,1,0,0,0,0,0,0,0,3.4565647,0,0,0
23,14,1,0,0,1,0,0,0,0,0,0,3.708132,0,0,0
22,13,1,0,0,0,0,0,0,0,0,0,3.5726237,0,0,0
20,11,1,0,0,1,0,0,0,0,0,0,3.7464395,0,0,0
25,16,1,0,0,0,0,0,0,0,0,0,3.8136606,0,0,0
21,12,1,0,0,0,0,0,0,0,0,0,3.7489948,0,0,0
17,8,1,0,0,0,0,0,0,0,0,0,3.4548223,0,0,0
19,10,1,0,0,0,0,0,0,0,0,0,3.5368867,0,0,0
15,6,1,0,0,0,0,0,0,0,0,0,3.006239,0,0,0
28,19,1,0,0,1,0,0,0,0,0,0,3.7979026,0,0,0
18,9,1,0,0,0,0,0,0,0,0,0,3.5724313,0,0,0
20,11,1,0,0,0,0,0,0,0,0,0,3.8841836,0,0,0
19,10,1,0,1,0,0,0,0,0,0,0,3.8924072,0,0,0
21,12,1,0,0,0,0,0,0,0,0,0,3.5225716,0,0,0
20,11,1,0,0,0,0,0,0,0,0,0,3.6464393,0,0,0
24,15,1,0,0,0,0,0,0,0,0,0,3.5424812,0,0,0
23,14,1,0,0,0,0,0,0,0,0,0,3.7622674,0,0,0
21,12,1,0,0,0,0,0,0,0,0,0,3.4632804,0,0,0
17,8,1,0,0,0,0,0,0,0,0,0,3.4104173,0,0,0
23,14,1,0,0,0,0,0,0,0,0,0,3.708132,0,0,0
19,10,1,0,0,0,0,0,0,0,0,0,3.5368867,0,0,0
23,14,1,0,0,0,0,0,0,0,0,0,3.7950885,0,0,0
20,11,1,0,0,0,0,0,0,0,0,0,3.6841838,0,0,0
24,15,1,0,0,0,0,0,0,0,0,0,3.9701755,0,0,0
25,16,1,0,0,0,0,0,0,0,0,0,3.863465,0,0,0
19,10,1,0,0,0,0,0,0,0,0,0,3.5368867,0,0,0
20,11,1,0,2,0,0,0,0,0,0,0,3.6464393,0,0,0
16,7,1,0,0,0,0,0,0,0,0,0,3.1084585,0,0,0
18,9,1,0,0,0,0,0,0,0,0,0,3.530493,0,0,0
18,9,1,0,0,0,0,0,0,0,0,0,3.308271,0,0,0
19,10,1,0,0,0,0,0,0,0,0,0,3.4713545,0,0,0
22,13,1,0,0,0,0,0,0,0,0,0,3.7544417,0,0,0
22,13,1,0,0,0,0,0,0,0,0,0,3.5726237,0,0,0
17,8,1,0,1,0,0,0,0,0,0,0,3.6901164,0,0,0
23,14,1,0,0,1,0,0,0,0,0,0,3.6211755,0,0,0
21,12,1,0,0,0,0,0,0,0,0,0,3.6897037,0,0,0
18,9,1,0,0,0,0,0,0,0,0,0,3.530493,0,0,0
20,11,1,0,0,0,0,0,0,0,0,0,3.7464395,0,0,0
21,12,1,0,0,0,0,0,0,0,0,0,3.6537566,0,0,0
25,16,1,0,0,2,0,0,0,0,0,0,3.7336607,0,0,0
16,7,1,0,0,0,0,0,0,0,0,0,3.2028196,0,0,0
33,24,1,0,0,0,0,0,0,0,0,0,3.9077342,0,0,0
32,23,1,0,0,0,0,0,0,0,0,0,4.0542293,0,0,0
20,11,1,0,0,0,0,0,0,0,0,0,3.5464394,0,0,0
20,11,1,0,0,1,0,0,0,0,0,0,3.6464393,0,0,0
21,12,1,0,0,0,0,0,0,0,0,0,3.7489948,0,0,0
20,11,1,0,0,0,0,0,0,0,0,0,3.6464393,0,0,0
18,9,1,0,0,0,0,0,0,0,0,0,3.4613202,0,0,0
26,17,1,0,0,1,0,0,0,0,0,0,3.8252518,0,0,0
23,14,1,0,0,0,0,0,0,0,0,0,3.6211755,0,0,0
20,11,1,0,0,0,0,0,0,0,0,0,3.6464393,0,0,0
20,11,1,0,0,0,0,0,0,0,0,0,3.7841837,0,0,0
20,11,1,0,0,0,0,0,0,0,0,0,3.6464393,0,0,0
20,11,1,0,0,0,0,0,0,0,0,0,3.7464395,0,0,0
26,17,1,0,0,0,0,0,0,0,0,0,3.9979527,0,0,0
18,9,1,0,0,0,0,0,0,0,0,0,3.5724313,0,0,0
20,11,1,0,0,0,0,0,0,0,0,0,3.5464394,0,0,0
27,18,1,0,0,0,0,0,0,0,0,0,3.9302704,0,0,0
21,12,1,0,0,0,0,0,0,0,0,0,3.6537566,0,0,0
17,8,1,0,0,0,0,0,0,0,0,0,3.2483652,0,0,0
19,10,1,0,0,0,0,0,0,0,0,0,3.787144,0,0,0
20,11,1,0,0,0,0,0,0,0,0,0,3.5841837,0,0,0
18,9,1,0,0,0,0,0,0,0,0,0,3.5724313,0,0,0
23,14,1,0,0,0,0,0,0,0,0,0,3.708132,0,0,0
24,15,1,0,0,1,0,0,0,0,0,0,3.8553886,0,0,0
17,8,1,0,0,0,0,0,0,0,0,0,3.5724695,0,0,0
20,11,1,0,0,0,0,0,0,0,0,0,3.7464395,0,0,0
17,8,1,0,0,0,0,0,0,0,0,0,3.4548223,0,0,0
21,12,1,0,0,0,0,0,0,0,0,0,3.8442328,0,0,0
17,8,1,0,0,0,0,0,0,0,0,0,3.5724695,0,0,0
20,11,1,0,0,0,0,0,0,0,0,0,3.0332062,0,0,0
18,9,1,0,0,0,0,0,0,0,0,0,3.350209,0,0,0
21,12,1,0,0,0,0,0,0,0,0,0,3.6897037,0,0,0
19,10,1,0,0,0,0,0,0,0,0,0,3.6818807,0,0,0
21,12,1,0,0,0,0,0,0,0,0,0,3.4992275,0,0,0
17,8,1,0,0,0,0,0,0,0,0,0,3.5280643,0,0,0
21,12,1,0,0,0,0,0,0,0,0,0,3.784942,0,0,0
23,14,1,0,0,0,0,0,0,0,0,0,3.7622674,0,0,0
17,8,1,0,0,0,0,0,0,0,0,0,3.4548223,0,0,0
18,9,1,0,0,0,0,0,0,0,0,0,3.530493,0,0,0
16,7,1,0,0,0,0,0,0,0,0,0,3.4056392,0,0,0
19,10,1,0,0,0,0,0,0,0,0,0,3.6818807,0,0,0
20,11,1,0,0,0,0,0,0,0,0,0,3.6841838,0,0,0
20,11,1,0,0,0,0,0,0,0,0,0,3.7841837,0,0,0
17,8,1,0,0,0,0,0,0,0,0,0,3.4548223,0,0,0
22,13,1,0,0,0,0,0,0,0,0,0,3.5383105,0,0,0
18,9,1,0,0,0,0,0,0,0,0,0,3.530493,0,0,0
19,10,1,0,0,0,0,0,0,0,0,0,3.7474132,0,0,0
25,16,1,0,0,0,0,0,0,0,0,0,4.023465,0,0,0
23,14,1,0,0,0,0,0,0,0,0,0,3.6211755,0,0,0
19,10,1,0,0,0,0,0,0,0,0,0,3.6818807,0,0,0
20,11,1,0,0,0,0,0,0,0,0,0,3.7841837,0,0,0
19,10,1,0,0,0,0,0,0,0,0,0,3.6818807,0,0,0
22,13,1,0,0,0,0,0,0,0,0,0,3.7544417,0,0,0
20,11,1,0,0,0,0,0,0,0,0,0,3.6464393,0,0,0
19,10,1,0,0,0,0,0,0,0,0,0,3.4316235,0,0,0
23,14,1,0,0,0,0,0,0,0,0,0,3.7294462,0,0,0
16,7,1,0,0,0,0,0,0,0,0,0,3.1084585,0,0,0
18,9,1,0,0,0,0,0,0,0,0,0,3.4193819,0,0,0
21,12,1,0,0,0,0,0,0,0,0,0,3.5225716,0,0,0
23,14,1,0,0,0,0,0,0,0,0,0,3.882045,0,0,0
18,9,1,0,0,0,0,0,0,0,0,0,3.4193819,0,0,0
27,18,1,0,0,0,0,0,0,0,0,0,4.106377,0,0,0
18,9,1,0,0,0,0,0,0,0,0,0,3.530493,0,0,0
29,20,1,0,0,0,0,0,0,0,0,0,4.07333,0,0,0
23,14,1,0,0,0,0,0,0,0,0,0,3.551191,0,0,0
17,8,1,0,0,0,0,0,0,0,0,0,3.4548223,0,0,0
17,8,1,0,0,1,0,0,0,0,0,0,3.2483652,0,0,0
18,9,1,0,0,0,0,0,0,0,0,0,3.7946534,0,0,0
19,10,1,0,0,0,0,0,0,0,0,0,3.4713545,0,0,0
19,10,1,0,0,0,0,0,0,0,0,0,3.64215,0,0,0
26,17,1,0,3,0,0,0,0,0,0,0,3.9210296,0,0,0
17,8,1,0,0,0,0,0,0,0,0,0,3.057476,0,0,0
22,13,1,0,0,0,0,0,0,0,0,0,4.061482,0,0,0
18,9,1,0,0,0,0,0,0,0,0,0,3.308271,0,0,0
21,12,1,0,0,0,0,0,0,0,0,0,3.88018,0,0,0
15,6,1,0,0,0,0,0,0,0,0,0,3.4565647,0,0,0
23,14,1,0,0,0,0,0,0,0,0,0,3.7294462,0,0,0
20,11,1,0,0,0,0,0,0,0,0,0,3.6464393,0,0,0
25,16,1,0,0,0,0,0,0,0,0,0,3.7336607,0,0,0
24,15,1,0,0,0,0,0,0,0,0,0,3.8035088,0,0,0
17,8,1,0,0,0,0,0,0,0,0,0,3.4548223,0,0,0
21,12,1,0,0,0,0,0,0,0,0,0,3.88018,0,0,0
20,11,1,0,0,0,0,0,0,0,0,0,3.7841837,0,0,0
23,14,1,0,0,0,0,0,0,0,0,0,3.8492239,0,0,0
26,17,1,0,0,0,0,0,0,0,0,0,3.8252518,0,0,0
19,10,1,0,0,0,0,0,0,0,0,0,3.787144,0,0,0
24,15,1,0,0,1,0,0,0,0,0,0,4.022055,0,0,0
21,12,1,0,0,0,0,0,0,0,0,0,3.6897037,0,0,0
17,8,1,0,0,0,0,0,0,0,0,0,3.5724695,0,0,0
21,12,1,0,0,0,0,0,0,0,0,0,3.6537566,0,0,0
22,13,1,0,0,1,0,0,0,0,0,0,3.7544417,0,0,0
19,10,1,0,0,0,0,0,0,0,0,0,3.5368867,0,0,0
29,20,1,0,0,0,0,0,0,0,0,0,4.004364,0,0,0
20,11,1,0,0,0,0,0,0,0,0,0,3.5464394,0,0,0
24,15,1,0,0,0,0,0,0,0,0,0,3.6572683,0,0,0
25,16,1,0,0,0,0,0,0,0,0,0,3.7532697,0,0,0
16,7,1,0,0,0,0,0,0,0,0,0,3.2028196,0,0,0
27,18,1,0,1,2,0,0,0,0,0,0,3.986188,0,0,0
22,13,1,0,0,0,0,0,0,0,0,0,3.7201288,0,0,0
23,14,1,0,0,0,0,0,0,0,0,0,3.6424897,0,0,0
23,14,1,0,0,0,0,0,0,0,0,0,3.344457,0,0,0
23,14,1,0,0,0,0,0,0,0,0,0,3.882045,0,0,0
20,11,1,0,0,0,0,0,0,0,0,0,3.5841837,0,0,0
24,15,1,0,0,0,0,0,0,0,0,0,3.7364404,0,0,0
21,12,1,0,0,0,0,0,0,0,0,0,3.4273336,0,0,0
29,20,1,0,0,0,0,0,0,0,0,0,4.047299,0,0,0
25,16,1,0,0,0,0,0,0,0,0,0,3.7336607,0,0,0
23,14,1,0,0,0,0,0,0,0,0,0,3.708132,0,0,0
21,12,1,0,0,0,0,0,0,0,0,0,3.3680425,0,0,0
19,10,1,0,2,0,0,0,0,0,0,0,3.4713545,0,0,0
19,10,1,0,0,0,0,0,0,0,0,0,3.64215,0,0,0
26,17,1,0,0,0,0,0,0,0,0,0,4.0269866,0,0,0
24,15,1,0,3,0,0,0,0,0,0,0,3.9701755,0,0,0
24,15,1,0,0,0,0,0,0,0,0,0,3.9072683,0,0,0
18,9,1,0,0,0,0,0,0,0,0,0,3.6835423,0,0,0
24,15,1,0,0,0,0,0,0,0,0,0,3.5739348,0,0,0
20,11,1,0,0,0,0,0,0,0,0,0,3.6841838,0,0,0
19,10,1,0,0,0,0,0,0,0,0,0,3.6818807,0,0,0
17,8,1,0,2,0,0,0,0,0,0,0,3.6901164,0,0,0
25,16,1,0,0,0,0,0,0,0,0,0,3.9736607,0,0,0
18,9,1,0,0,0,0,0,0,0,0,0,3.4613202,0,0,0
22,13,1,0,0,0,0,0,0,0,0,0,3.2878664,0,0,0
17,8,1,0,0,0,0,0,0,0,0,0,3.5280643,0,0,0
18,9,1,0,0,0,0,0,0,0,0,0,3.5724313,0,0,0
18,9,1,0,0,0,0,0,0,0,0,0,3.6835423,0,0,0
17,8,1,0,0,0,0,0,0,0,0,0,3.2927701,0,0,0
24,15,1,0,0,0,0,0,0,0,0,0,3.7201755,0,0,0
15,6,1,0,0,0,0,0,0,0,0,0,3.1395721,0,0,0
21,12,1,0,0,0,0,0,0,0,0,0,3.6537566,0,0,0
22,13,1,0,0,0,0,0,0,0,0,0,3.5383105,0,0,0
27,18,1,0,3,0,0,0,0,0,0,0,3.7262046,0,0,0
16,7,1,0,0,0,0,0,0,0,0,0,3.1084585,0,0,0
22,13,1,0,0,0,0,0,0,0,0,0,3.31764,0,0,0
21,12,1,0,0,0,0,0,0,0,0,0,3.6897037,0,0,0
27,18,1,0,0,1,0,0,0,0,0,0,3.5599,0,0,0
30,21,1,0,0,0,0,0,0,0,0,0,4.0980687,0,0,0
24,15,1,0,0,0,0,0,0,0,0,0,3.7201755,0,0,0
22,13,1,0,0,0,0,0,0,0,0,0,3.788755,0,0,0
23,14,1,0,0,0,0,0,0,0,0,0,3.882045,0,0,0
19,10,1,0,0,0,0,0,0,0,0,0,3.4316235,0,0,0
26,17,1,0,0,0,0,0,0,0,0,0,3.8150723,0,0,0
23,14,1,0,0,0,0,0,0,0,0,0,3.4642346,0,0,0
22,13,1,0,0,0,0,0,0,0,0,0,3.6069367,0,0,0
21,12,1,0,2,0,0,0,0,0,0,0,3.975418,0,0,0
20,11,1,0,0,0,0,0,0,0,0,0,3.6464393,0,0,0
21,12,1,0,0,0,0,0,0,0,0,0,3.88018,0,0,0
22,13,1,0,0,0,0,0,0,0,0,0,3.7201288,0,0,0
21,12,1,0,0,0,0,0,0,0,0,0,3.6537566,0,0,0
21,12,1,0,0,0,0,0,0,0,0,0,3.784942,0,0,0
28,19,1,0,0,0,0,0,0,0,0,0,3.726474,0,0,0
17,8,1,0,0,0,0,0,0,0,0,0,3.4104173,0,0,0
21,12,1,0,0,0,0,0,0,0,0,0,3.6897037,0,0,0
19,10,1,0,0,0,0,0,0,0,0,0,3.155565,0,0,0
22,13,1,0,0,0,0,0,0,0,0,0,3.6635327,0,0,0
24,15,1,0,0,1,0,0,0,0,0,0,3.7406015,0,0,0
22,13,1,0,0,0,0,0,0,0,0,0,3.845351,0,0,0
24,15,1,0,0,0,0,0,0,0,0,0,3.8035088,0,0,0
18,9,1,0,0,0,0,0,0,0,0,0,3.6835423,0,0,0
15,6,1,0,0,0,0,0,0,0,0,0,3.4565647,0,0,0
26,17,1,0,0,0,0,0,0,0,0,0,3.9500637,0,0,0
19,10,1,0,0,1,0,0,0,0,0,0,3.64215,0,0,0
21,12,1,0,0,0,0,0,0,0,0,0,3.5585186,0,0,0
20,11,1,0,0,0,0,0,0,0,0,0,3.7464395,0,0,0
23,14,1,0,0,0,0,0,0,0,0,0,3.7622674,0,0,0
17,8,1,0,0,0,0,0,0,0,0,0,3.3371754,0,0,0
24,15,1,0,0,0,0,0,0,0,0,0,3.8035088,0,0,0
19,10,1,0,0,0,0,0,0,0,0,0,3.6818807,0,0,0
23,14,1,0,0,0,0,0,0,0,0,0,3.9690015,0,0,0
19,10,1,0,0,0,0,0,0,0,0,0,3.5368867,0,0,0
19,10,1,0,0,0,0,0,0,0,0,0,3.787144,0,0,0
32,23,1,0,0,0,0,0,0,0,0,0,3.9528196,0,0,0
21,12,1,0,0,0,0,0,0,0,0,0,3.6537566,0,0,0
17,8,1,0,0,0,0,0,0,0,0,0,3.5724695,0,0,0
23,14,1,0,0,0,0,0,0,0,0,0,3.7622674,0,0,0
19,10,1,0,0,0,0,0,0,0,0,0,3.5766177,0,0,0
20,11,1,0,0,0,0,0,0,0,0,0,3.7464395,0,0,0
20,11,1,0,0,0,0,0,0,0,0,0,3.5841837,0,0,0
18,9,1,0,0,0,0,0,0,0,0,0,3.350209,0,0,0
22,13,1,0,0,0,0,0,0,0,0,0,3.5039976,0,0,0
15,6,1,0,0,1,0,0,0,0,0,0,3.4565647,0,0,0
21,12,1,0,0,0,0,0,0,0,0,0,3.5225716,0,0,0
22,13,1,0,0,0,0,0,0,0,0,0,3.697846,0,0,0
25,16,1,0,0,1,0,0,0,0,0,0,4.023465,0,0,0
21,12,1,0,0,0,0,0,0,0,0,0,3.6897037,0,0,0
21,12,1,0,0,0,0,0,0,0,0,0,3.6537566,0,0,0
18,9,1,0,0,0,0,0,0,0,0,0,3.4193819,0,0,0
22,13,1,0,0,1,0,0,0,0,0,0,3.7201288,0,0,0
18,9,1,0,0,0,0,0,0,0,0,0,3.4613202,0,0,0
18,9,1,0,0,0,0,0,0,0,0,0,3.4193819,0,0,0
21,12,1,0,0,0,0,0,0,0,0,0,3.6537566,0,0,0
22,13,1,0,0,0,0,0,0,0,0,0,3.5383105,0,0,0
29,20,1,0,0,0,0,0,0,0,0,0,3.6209362,0,0,0
18,9,1,0,0,0,0,0,0,0,0,0,3.4193819,0,0,0
23,14,1,0,0,0,0,0,0,0,0,0,3.8492239,0,0,0
19,10,1,0,0,0,0,0,0,0,0,0,3.6818807,0,0,0
25,16,1,0,0,0,0,0,0,0,0,0,3.669275,0,0,0
17,8,1,0,0,0,0,0,0,0,0,0,3.4548223,0,0,0
19,10,1,0,0,0,0,0,0,0,0,0,3.5368867,0,0,0
20,11,1,0,0,0,0,0,0,0,0,0,3.7841837,0,0,0
23,14,1,0,0,0,0,0,0,0,0,0,3.7950885,0,0,0
23,14,1,0,0,0,0,0,0,0,0,0,3.9361804,0,0,0
17,8,1,0,0,0,0,0,0,0,0,0,3.2927701,0,0,0
19,10,1,0,0,0,0,0,0,0,0,0,3.6818807,0,0,0
20,11,1,0,0,0,0,0,0,0,0,0,3.6464393,0,0,0
22,13,1,0,0,0,0,0,0,0,0,0,3.6635327,0,0,0
23,14,1,0,0,0,0,0,0,0,0,0,3.7622674,0,0,0
21,12,1,0,0,0,0,0,0,0,0,0,3.784942,0,0,0
24,15,1,0,0,0,0,0,0,0,0,0,3.8035088,0,0,0
19,10,1,0,2,0,0,0,0,0,0,0,3.4713545,0,0,0
22,13,1,0,0,0,0,0,0,0,0,0,3.697846,0,0,0
15,6,1,0,0,0,0,0,0,0,0,0,3.2729056,0,0,0
27,18,1,0,0,0,0,0,0,0,0,0,3.884155,0,0,0
20,11,1,0,0,0,0,0,0,0,0,0,3.6464393,0,0,0
19,10,1,0,0,0,0,0,0,0,0,0,3.5368867,0,0,0
19,10,1,0,0,0,0,0,0,0,0,0,3.5368867,0,0,0
22,13,1,0,0,0,0,0,0,0,0,0,3.6635327,0,0,0
20,11,1,0,0,0,0,0,0,0,0,0,3.6464393,0,0,0
20,11,1,0,0,0,0,0,0,0,0,0,3.508695,0,0,0
20,11,1,0,0,0,0,0,0,0,0,0,3.6464393,0,0,0
20,11,1,0,0,0,0,0,0,0,0,0,3.7841837,0,1,0
21,12,1,0,0,0,0,0,0,0,0,0,3.7489948,0,0,0
22,13,1,0,0,0,0,0,0,0,0,0,3.697846,0,0,0
23,14,1,0,0,0,0,0,0,0,0,0,3.7950885,0,0,0
19,10,1,0,0,0,0,0,0,0,0,0,3.4316235,0,0,0
28,19,1,0,0,0,0,0,0,0,0,0,3.94076,0,0,0
28,19,1,0,0,0,0,0,0,0,0,0,3.682006,0,0,0
17,8,1,0,0,0,0,0,0,0,0,0,3.2927701,0,0,0
18,9,1,0,2,0,0,0,0,0,0,0,3.5724313,0,0,0
22,13,1,0,0,0,0,0,0,0,0,0,3.7201288,0,0,0
26,17,1,0,0,0,0,0,0,0,0,0,3.8441064,0,0,0
21,12,1,0,0,0,0,0,0,0,0,0,3.7489948,0,0,0
15,6,1,0,0,0,0,0,0,0,0,0,3.1395721,0,0,0
21,12,1,0,3,0,0,0,0,0,0,0,3.4866245,0,0,0
20,11,1,0,0,0,0,0,0,0,0,0,3.3841836,0,0,0
22,13,1,0,0,0,0,0,0,0,0,0,3.7544417,0,0,0
29,20,1,0,0,0,0,0,0,0,0,0,3.9783335,0,0,0
22,13,1,0,0,0,0,0,0,0,0,0,3.845351,0,0,0
23,14,1,0,0,0,0,0,0,0,0,0,3.8492239,0,0,0
33,24,1,0,0,0,0,0,0,0,0,0,4.066677,0,0,0
15,6,1,0,0,0,0,0,0,0,0,0,3.3232315,0,0,0
21,12,1,0,0,0,0,0,0,0,0,0,3.5225716,0,0,0
26,17,1,0,0,0,0,0,0,0,0,0,3.6133373,0,0,0
19,10,1,0,0,0,0,0,0,0,0,0,3.6818807,0,0,0
17,8,1,0,0,0,0,0,0,0,0,0,3.5280643,0,0,0
18,9,1,0,0,0,0,0,0,0,0,0,3.6835423,0,0,0
22,13,1,0,0,0,0,0,0,0,0,0,3.788755,0,0,0
20,11,1,0,0,1,0,0,0,0,0,0,3.5464394,0,0,0
24,15,1,0,0,1,0,0,0,0,0,0,3.7406015,0,0,0
41,32,1,0,0,0,0,0,0,0,0,0,4.057937,0,0,0
22,13,1,0,0,0,0,0,0,0,0,0,3.7544417,0,0,0
20,11,1,0,0,0,0,0,0,0,0,0,3.7464395,0,0,0
21,12,1,0,0,0,0,0,0,0,0,0,3.784942,0,0,0
21,12,1,0,0,0,0,0,0,0,0,0,3.6537566,0,0,0
21,12,1,0,0,0,0,0,0,0,0,0,3.8442328,0,0,0
25,16,1,0,0,0,0,0,0,0,0,0,3.9434652,0,0,0
19,10,1,0,0,0,0,0,0,0,0,0,3.8924072,0,0,0
21,12,1,0,0,0,0,0,0,0,0,0,3.784942,0,0,0
15,6,1,0,0,0,0,0,0,0,0,0,3.189898,0,0,0
23,14,1,0,0,1,0,0,0,0,0,0,3.522712,0,0,0
17,8,1,0,0,0,0,0,0,0,0,0,3.4548223,0,0,0
36,27,1,0,0,2,0,0,0,0,0,0,4.13883,0,0,0
16,7,1,0,4,0,0,0,0,0,0,0,3.0778196,0,0,0
15,6,1,0,0,0,0,0,0,0,0,0,3.189898,0,0,0
15,6,1,0,0,0,0,0,0,0,0,0,3.189898,0,0,0
20,11,1,0,0,0,0,0,0,0,0,0,3.6841838,0,0,0
17,8,1,0,0,0,0,0,0,0,0,0,3.4548223,0,0,0
19,10,1,0,0,0,0,0,0,0,0,0,3.5766177,0,0,0
20,11,1,0,1,1,0,0,0,0,0,0,3.6464393,0,0,0
29,20,1,0,0,0,0,0,0,0,0,0,4.090234,0,0,0
26,17,1,0,0,0,0,0,0,0,0,0,3.7671835,0,0,0
21,12,1,0,0,1,0,0,0,0,0,0,3.784942,0,1,0
19,10,1,0,0,0,0,0,0,0,0,0,3.4713545,0,0,0
19,10,1,0,0,0,0,0,0,0,0,0,3.3918927,0,0,0
17,8,1,0,1,0,0,0,0,0,0,0,3.2927701,0,0,0
15,6,1,0,0,0,0,0,0,0,0,0,3.4565647,0,0,0
21,12,1,0,0,0,0,0,0,0,0,0,3.6537566,0,0,0
22,13,1,0,0,0,0,0,0,0,0,0,4.061482,0,0,0
31,22,1,0,0,0,0,0,0,0,0,0,3.566469,0,0,0
18,9,1,0,0,0,0,0,0,0,0,0,3.4613202,0,0,0
18,9,1,0,0,0,0,0,0,0,0,0,3.5724313,0,0,0
23,14,1,0,0,1,0,0,0,0,0,0,3.8492239,0,0,0
20,11,1,0,0,0,0,0,0,0,0,0,3.7841837,0,0,0
22,13,1,0,0,0,0,0,0,0,0,0,3.845351,0,0,0
20,11,1,0,0,0,0,0,0,0,0,0,3.5464394,0,0,0
19,10,1,0,0,1,0,0,0,0,0,0,3.787144,0,0,0
18,9,1,0,1,0,0,0,0,0,0,0,3.530493,0,0,0
19,10,1,0,1,0,0,0,0,0,0,0,3.787144,0,0,0
18,9,1,0,0,0,0,0,0,0,0,0,3.4193819,0,0,0
30,21,1,0,0,0,0,0,0,0,0,0,4.1232314,0,0,0
27,18,1,0,0,0,0,0,0,0,0,0,4.0323033,0,0,0
19,10,1,0,0,0,0,0,0,0,0,0,3.2608283,0,0,0
19,10,1,0,0,1,0,0,0,0,0,0,3.6818807,0,0,0
30,21,1,0,0,0,0,0,0,0,0,0,4.0729055,0,0,0
21,12,1,0,0,0,0,0,0,0,0,0,3.5944657,0,0,0
19,10,1,0,0,0,0,0,0,0,0,0,3.6818807,0,0,0
20,11,1,0,0,0,0,0,0,0,0,0,3.7841837,0,0,0
19,10,1,0,0,0,0,0,0,0,0,0,3.787144,0,0,0
18,9,1,0,0,0,0,0,0,0,0,0,3.4193819,0,0,0
18,9,1,0,0,0,0,0,0,0,0,0,3.6835423,0,0,0
21,12,1,0,0,0,0,0,0,0,0,0,3.975418,0,0,0
26,17,1,0,0,0,0,0,0,0,0,0,3.9210296,0,0,0
20,11,1,0,0,0,0,0,0,0,0,0,3.408695,0,0,0
19,10,1,0,0,0,0,0,0,0,0,0,3.64215,0,0,0
17,8,1,0,0,0,0,0,0,0,0,0,3.2927701,0,0,0
17,8,1,0,0,0,0,0,0,0,0,0,3.3371754,0,0,0
20,11,1,0,1,0,0,0,0,0,0,0,3.6464393,0,0,0
21,12,1,0,0,0,0,0,0,0,0,0,3.7489948,0,0,0
21,12,1,0,0,0,0,0,0,0,0,0,3.784942,0,0,0
17,8,1,0,0,0,0,0,0,0,0,0,3.4104173,0,0,0
22,13,1,0,0,1,0,0,0,0,0,0,3.7201288,0,0,0
23,14,1,0,0,0,0,0,0,0,0,0,3.7622674,0,0,0
30,21,1,0,0,1,0,0,0,0,0,0,4.0980687,0,0,0
17,8,1,0,0,0,0,0,0,0,0,0,3.2927701,0,0,0
19,10,1,0,0,0,0,0,0,0,0,0,3.5766177,0,0,0
22,13,1,0,0,0,0,0,0,0,0,0,3.6292198,0,0,0
21,12,1,0,0,0,0,0,0,0,0,0,3.8442328,0,0,0
21,12,1,0,8,0,0,0,0,0,0,0,3.6897037,0,0,0
18,9,1,0,0,0,0,0,0,0,0,0,3.6835423,0,0,0
21,12,1,0,0,0,0,0,0,0,0,0,3.7489948,0,0,0
17,8,1,0,0,0,0,0,0,0,0,0,3.057476,0,0,0
22,13,1,0,0,0,0,0,0,0,0,0,3.6069367,0,0,0
18,9,1,0,0,0,0,0,0,0,0,0,3.5724313,0,0,0
22,13,1,0,0,0,0,0,0,0,0,0,3.5383105,0,0,0
21,12,1,0,0,0,0,0,0,0,0,0,3.6897037,0,0,0
18,9,1,0,2,0,0,0,0,0,0,0,3.6835423,0,0,0
16,7,1,0,0,0,0,0,0,0,0,0,3.3278196,0,0,0
22,13,1,0,0,0,0,0,0,0,0,0,3.7544417,0,0,0
16,7,1,0,0,0,0,0,0,0,0,0,3.2806392,0,0,0
24,15,1,0,0,0,0,0,0,0,0,0,3.7406015,0,0,0
19,10,1,0,0,0,0,0,0,0,0,0,3.6818807,0,0,0
25,16,1,0,0,0,0,0,0,0,0,0,3.6234653,0,0,0
17,8,1,0,0,0,0,0,0,0,0,0,3.5724695,0,0,0
30,21,1,0,0,0,0,0,0,0,0,0,3.7898982,0,0,0
23,14,1,0,0,0,0,0,0,0,0,0,3.7622674,0,0,0
22,13,1,0,0,0,0,0,0,0,0,0,3.5160277,0,0,0
23,14,1,0,0,0,0,0,0,0,0,0,3.7294462,0,0,0
20,11,1,0,0,0,0,0,0,0,0,0,3.6464393,0,0,0
19,10,1,0,0,0,0,0,0,0,0,0,3.787144,0,0,0
21,12,1,0,0,1,0,0,0,0,0,0,3.4632804,0,0,0
18,9,1,0,0,0,0,0,0,0,0,0,3.350209,0,0,0
26,17,1,0,0,1,0,0,0,0,0,0,3.8441064,0,0,0
22,13,1,0,0,0,0,0,0,0,0,0,3.879664,0,0,0
23,14,1,0,0,0,0,0,0,0,0,0,3.7950885,0,0,0
24,15,1,0,0,0,0,0,0,0,0,0,3.8239348,0,0,0
18,9,1,0,0,0,0,0,0,0,0,0,3.5724313,0,0,0
25,16,1,0,0,0,0,0,0,0,0,0,3.7336607,0,0,0
22,13,1,0,0,0,0,0,0,0,0,0,4.061482,0,0,0
16,7,1,0,0,0,0,0,0,0,0,0,3.5778196,0,0,0
19,10,1,0,0,0,0,0,0,0,0,0,3.64215,0,0,0
21,12,1,0,0,1,0,0,0,0,0,0,3.88018,0,0,0
23,14,1,0,0,0,0,0,0,0,0,0,3.6753109,0,0,0
16,7,1,0,0,0,0,0,0,0,0,0,3.1556392,0,0,0
20,11,1,0,0,0,0,0,0,0,0,0,3.8841836,0,0,0
19,10,1,0,0,0,0,0,0,0,0,0,3.5766177,0,0,0
19,10,1,0,0,0,0,0,0,0,0,0,3.4316235,0,0,0
20,11,1,0,0,0,0,0,0,0,0,0,3.7841837,0,0,0
19,10,1,0,0,0,0,0,0,0,0,0,3.7474132,0,0,0
20,11,1,0,0,0,0,0,0,0,0,0,3.8841836,0,0,0
20,11,1,0,0,0,0,0,0,0,0,0,3.4464393,0,0,0
23,14,1,0,0,0,0,0,0,0,0,0,3.6211755,0,0,0
23,14,1,0,0,0,0,0,0,0,0,0,3.8492239,0,0,0
17,8,1,0,0,0,0,0,0,0,0,0,3.4548223,0,0,0
19,10,1,0,0,0,0,0,0,0,0,0,3.5368867,0,0,0
22,13,1,0,0,0,0,0,0,0,0,0,3.845351,0,0,0
23,14,1,0,0,0,0,0,0,0,0,0,3.5883543,0,0,0
21,12,1,0,0,0,0,0,0,0,0,0,3.6178098,0,0,0
20,11,1,0,0,0,0,0,0,0,0,0,3.4464393,0,0,0
19,10,1,0,0,0,0,0,0,0,0,0,3.6818807,0,0,0
25,16,1,0,0,0,0,0,0,0,0,0,3.8332696,0,0,0
19,10,1,0,0,0,0,0,0,0,0,0,3.4316235,0,0,0
25,16,1,0,0,0,0,0,0,0,0,0,3.8332696,0,0,0
15,6,1,0,0,0,0,0,0,0,0,0,3.189898,0,0,0
26,17,1,0,0,0,0,0,0,0,0,0,3.9021747,0,0,0
17,8,1,0,0,0,0,0,0,0,0,0,3.5724695,0,0,0
24,15,1,0,0,0,0,0,0,0,0,0,3.8239348,0,0,0
21,12,1,0,0,0,0,0,0,0,0,0,3.7489948,0,0,0
23,14,1,0,0,0,0,0,0,0,0,0,3.5883543,0,0,0
23,14,1,0,0,0,0,0,0,0,0,0,3.6424897,0,0,0
23,14,1,0,0,0,0,0,0,0,0,0,3.7950885,0,0,0
28,19,1,0,0,0,0,0,0,0,0,0,3.824863,0,0,0
18,9,1,0,0,0,0,0,0,0,0,0,3.6835423,0,0,0
18,9,1,0,0,0,0,0,0,0,0,0,3.4613202,0,0,0
17,8,1,0,0,0,0,0,0,0,0,0,3.5724695,0,0,0
22,13,1,0,0,1,0,0,0,0,0,0,3.6292198,0,0,0
27,18,1,0,0,0,0,0,0,0,0,0,3.8561964,0,0,0
22,13,1,0,0,0,0,0,0,0,0,0,3.4428623,0,0,0
24,15,1,0,0,0,0,0,0,0,0,0,3.4072683,0,0,0
18,9,1,0,0,0,0,0,0,0,0,0,3.6416042,0,0,0
23,14,1,0,0,0,0,0,0,0,0,0,3.7950885,0,0,0
20,11,1,0,2,0,0,0,0,0,0,0,3.7841837,0,0,0
18,9,1,0,0,0,0,0,0,0,0,0,3.7946534,0,0,0
18,9,1,0,0,0,0,0,0,0,0,0,3.6835423,0,0,0
19,10,1,0,0,0,0,0,0,0,0,0,3.3918927,0,0,0
18,9,1,0,0,0,0,0,0,0,0,0,3.5724313,0,0,0
18,9,1,0,0,0,0,0,0,0,0,0,3.7946534,0,0,0
28,19,1,0,0,0,0,0,0,0,0,0,3.9946804,0,0,0
20,11,1,0,0,0,0,0,0,0,0,0,3.1841838,0,0,0
17,8,1,0,1,0,0,0,0,0,0,0,3.4104173,0,0,0
22,13,1,0,0,1,0,0,0,0,0,0,3.6292198,0,0,0
26,17,1,0,0,0,0,0,0,0,0,0,3.7483287,0,0,0
25,16,1,0,0,0,0,0,0,0,0,0,3.863465,0,0,0
25,16,1,0,0,0,0,0,0,0,0,0,3.8936608,0,0,0
19,10,1,0,0,0,0,0,0,0,0,0,3.6818807,0,0,0
21,12,1,0,0,0,0,0,0,0,0,0,3.975418,0,0,0
21,12,1,0,0,0,0,0,0,0,0,0,3.5585186,0,0,0
16,7,1,0,0,0,0,0,0,0,0,0,3.4528196,0,0,0
18,9,1,0,3,0,0,0,0,0,0,0,3.4613202,0,0,0
18,9,1,0,0,0,0,0,0,0,0,0,3.5724313,0,0,0
18,9,1,0,0,0,0,0,0,0,0,0,3.530493,0,0,0
20,11,1,0,0,0,0,0,0,0,0,0,3.7841837,0,0,0
25,16,1,0,0,0,0,0,0,0,0,0,3.7034652,0,0,0
21,12,1,0,0,1,0,0,0,0,0,0,3.6178098,0,0,0
18,9,1,0,0,0,0,0,0,0,0,0,3.530493,0,0,0
24,15,1,0,0,0,0,0,0,0,0,0,3.6531072,0,0,0
20,11,1,0,0,0,0,0,0,0,0,0,3.5464394,0,0,0
17,8,1,0,2,0,0,0,0,0,0,0,3.5724695,0,0,0
20,11,1,0,0,0,0,0,0,0,0,0,3.4841838,0,0,0
25,16,1,0,0,0,0,0,0,0,0,0,3.8136606,0,0,0
22,13,1,0,0,0,0,0,0,0,0,0,3.6246803,0,0,0
29,20,1,0,0,0,0,0,0,0,0,0,3.7974677,0,0,0
19,10,1,0,0,0,0,0,0,0,0,0,3.6818807,0,0,0
22,13,1,0,0,0,0,0,0,0,0,0,3.93626,0,0,0
16,7,1,0,2,0,0,0,0,0,0,0,3.5778196,0,0,0
22,13,1,0,0,0,0,0,0,0,0,0,3.5039976,0,0,0
26,17,1,0,0,0,0,0,0,0,0,0,3.7671835,0,0,0
22,13,1,0,0,0,0,0,0,0,0,0,3.5383105,0,0,0
18,9,1,0,0,0,0,0,0,0,0,0,3.4193819,0,0,0
20,11,1,0,0,0,0,0,0,0,0,0,3.5464394,0,0,0
18,9,1,0,0,0,0,0,0,0,0,0,3.530493,0,0,0
18,9,1,0,0,0,0,0,0,0,0,0,3.5724313,0,0,0
19,10,1,0,0,0,0,0,0,0,0,0,3.5368867,0,0,0
31,22,1,0,1,0,0,0,0,0,0,0,3.9134007,0,0,0
16,7,1,0,0,0,0,0,0,0,0,0,3.5778196,0,0,0
16,7,1,0,0,0,0,0,0,0,0,0,3.1556392,0,0,0
22,13,1,0,0,0,0,0,0,0,0,0,3.7544417,0,0,0
21,12,1,0,0,0,0,0,0,0,0,0,3.7489948,0,0,0
21,12,1,0,0,0,0,0,0,0,0,0,3.6537566,0,0,0
15,6,1,0,0,0,0,0,0,0,0,0,3.1395721,0,0,0
26,17,1,0,0,0,0,0,0,0,0,0,3.555269,0,0,0
15,6,1,0,0,0,0,0,0,0,0,0,3.3232315,0,0,0
31,22,1,0,0,0,0,0,0,0,0,0,3.8245335,0,0,0
18,9,1,0,0,0,0,0,0,0,0,0,3.7946534,0,0,0
18,9,1,0,1,0,0,0,0,0,0,0,3.4613202,0,0,0
32,23,1,0,0,0,0,0,0,0,0,0,3.9056392,0,0,0
24,15,1,0,0,0,0,0,0,0,0,0,3.9072683,0,0,0
18,9,1,0,0,0,0,0,0,0,0,0,3.4193819,0,0,0
18,9,1,0,0,0,0,0,0,0,0,0,3.6835423,0,0,0
18,9,1,0,0,0,0,0,0,0,0,0,3.7946534,0,0,0
18,9,1,0,0,0,0,0,0,0,0,0,3.6835423,0,0,0
17,8,1,0,0,0,0,0,0,0,0,0,3.4104173,0,0,0
18,9,1,0,0,0,0,0,0,0,0,0,3.530493,0,0,0
19,10,1,0,0,1,0,0,0,0,0,0,3.5368867,0,0,0
22,13,1,0,0,0,0,0,0,0,0,0,3.6292198,0,0,0
26,17,1,0,0,0,0,0,0,0,0,0,3.7671835,0,0,0
22,13,1,0,0,0,0,0,0,0,0,0,3.845351,0,0,0
17,8,1,0,0,0,0,0,0,0,0,0,3.4548223,0,1,0
24,15,1,0,0,0,0,0,0,0,0,0,3.5424812,0,0,0
27,18,1,0,0,0,0,0,0,0,0,0,3.810081,0,0,0
19,10,1,0,0,0,0,0,0,0,0,0,3.5368867,0,0,0
19,10,1,0,0,0,0,0,0,0,0,0,3.3918927,0,0,0
18,9,1,0,0,0,0,0,0,0,0,0,3.6835423,0,0,0
21,12,1,0,0,0,0,0,0,0,0,0,3.6537566,0,0,0
21,12,1,0,0,0,0,0,0,0,0,0,3.2913928,0,0,0
25,16,1,0,0,0,0,0,0,0,0,0,3.863465,0,0,0
26,17,1,0,0,0,0,0,0,0,0,0,3.9500637,0,0,0
29,20,1,0,0,0,0,0,0,0,0,0,3.8312762,0,0,0
16,7,1,0,0,0,0,0,0,0,0,0,3.4528196,0,0,0
21,12,1,0,0,0,0,0,0,0,0,0,3.8442328,0,0,0
18,9,1,0,1,0,0,0,0,0,0,0,3.530493,0,0,0
21,12,1,0,0,0,0,0,0,0,0,0,3.6178098,0,0,0
16,7,1,0,0,0,0,0,0,0,0,0,3.5778196,0,0,0
21,12,1,0,0,0,0,0,0,0,0,0,3.784942,0,0,0
22,13,1,0,0,0,0,0,0,0,0,0,3.6635327,0,0,0
17,8,1,0,0,0,0,0,0,0,0,0,3.2483652,0,0,0
20,11,1,0,0,0,0,0,0,0,0,0,3.408695,0,0,0
19,10,1,0,0,0,0,0,0,0,0,0,3.6818807,0,0,0
18,9,1,0,1,0,0,0,0,0,0,0,3.6416042,0,0,0
20,11,1,0,0,0,0,0,0,0,0,0,3.5841837,0,0,0
19,10,1,0,0,0,0,0,0,0,0,0,3.5766177,0,0,0
17,8,1,0,2,0,0,0,0,0,0,0,3.5280643,0,0,0
26,17,1,0,0,0,0,0,0,0,0,0,3.9790978,0,0,0
17,8,1,0,0,0,0,0,0,0,0,0,3.4548223,0,0,0
19,10,1,0,0,0,0,0,0,0,0,0,3.4316235,0,0,0
25,16,1,0,0,0,0,0,0,0,0,0,3.8332696,0,0,0
18,9,1,0,0,0,0,0,0,0,0,0,3.4193819,0,0,0
23,14,1,0,0,0,0,0,0,0,0,0,3.6753109,0,0,0
17,8,1,0,0,0,0,0,0,0,0,0,3.4548223,0,0,0
25,16,1,0,0,0,0,0,0,0,0,0,3.9434652,0,0,0
30,21,1,0,0,0,0,0,0,0,0,0,3.8444138,0,0,0
21,12,1,0,0,0,0,0,0,0,0,0,3.4992275,0,0,0
18,9,1,0,0,0,0,0,0,0,0,0,3.530493,0,0,0
21,12,1,0,0,0,0,0,0,0,0,0,3.5944657,0,0,0
17,8,1,0,0,0,0,0,0,0,0,0,3.5724695,0,0,0
20,11,1,0,0,0,0,0,0,0,0,0,3.7841837,0,0,0
18,9,1,0,0,0,0,0,0,0,0,0,3.6835423,0,0,0
28,19,1,0,0,0,0,0,0,0,0,0,4.039149,0,0,0
16,7,1,0,0,0,0,0,0,0,0,0,3.1556392,0,0,0
18,9,1,0,0,0,0,0,0,0,0,0,3.4613202,0,0,0
26,17,1,0,0,0,0,0,0,0,0,0,4.10391,0,0,0
20,11,1,0,1,0,0,0,0,0,0,0,3.6464393,0,0,0
22,13,1,0,0,0,0,0,0,0,0,0,3.9705732,0,0,0
28,19,1,0,0,0,0,0,0,0,0,0,4.039149,0,0,0
15,6,1,0,0,0,0,0,0,0,0,0,2.9232314,0,0,0
18,9,1,0,0,0,0,0,0,0,0,0,3.4193819,0,0,0
19,10,1,0,0,0,0,0,0,0,0,0,3.6818807,0,0,0
22,13,1,0,0,0,0,0,0,0,0,0,3.6635327,0,0,0
15,6,1,0,0,0,0,0,0,0,0,0,3.4565647,0,0,0
20,11,1,0,0,0,0,0,0,0,0,0,3.7841837,0,0,0
25,16,1,0,0,0,0,0,0,0,0,0,3.7834651,0,0,0
24,15,1,0,0,1,0,0,0,0,0,0,3.7720551,0,0,0
19,10,1,0,0,0,0,0,0,0,0,0,3.3918927,0,0,0
18,9,1,0,0,0,0,0,0,0,0,0,3.4613202,0,0,0
20,11,1,0,0,0,0,0,0,0,0,0,3.508695,0,0,0
25,16,1,0,0,0,0,0,0,0,0,0,3.5736606,0,0,0
17,8,1,0,0,0,0,0,0,0,0,0,3.3371754,0,0,0
20,11,1,0,0,0,0,0,0,0,0,0,3.7841837,0,0,0
17,8,1,0,2,0,0,0,0,0,0,0,3.6901164,0,0,0
26,17,1,0,0,0,0,0,0,0,0,0,3.9021747,0,0,0
21,12,1,0,0,0,0,0,0,0,0,0,3.5585186,0,0,0
25,16,1,0,0,0,0,0,0,0,0,0,3.5590796,0,0,0
24,15,1,0,0,0,0,0,0,0,0,0,3.5220551,0,0,0
24,15,1,0,0,0,0,0,0,0,0,0,3.4549868,0,0,0
22,13,1,0,0,0,0,0,0,0,0,0,3.6635327,0,0,0
16,7,1,0,0,0,0,0,0,0,0,0,3.2806392,0,0,0
20,11,1,0,0,0,0,0,0,0,0,0,3.4841838,0,0,0
16,7,1,0,0,0,0,0,0,0,0,0,3.4528196,0,0,0
23,14,1,0,0,0,0,0,0,0,0,0,3.7622674,0,0,0
19,10,1,0,0,1,0,0,0,0,0,0,3.6818807,0,0,0
19,10,1,0,0,0,0,0,0,0,0,0,3.4316235,0,0,0
23,14,1,0,0,0,0,0,0,0,0,0,3.708132,0,0,0
24,15,1,0,0,0,0,0,0,0,0,0,3.8553886,0,0,0
15,6,1,0,0,0,0,0,0,0,0,0,3.4565647,0,0,0
27,18,1,0,0,0,0,0,0,0,0,0,3.884155,0,0,0
20,11,1,0,0,0,0,0,0,0,0,0,3.7841837,0,0,0
20,11,1,0,3,0,0,0,0,0,0,0,3.7464395,0,0,0
32,23,1,0,0,1,0,0,0,0,0,0,3.9834585,0,0,0
18,9,1,0,0,0,0,0,0,0,0,0,3.4193819,0,0,0
20,11,1,0,0,0,0,0,0,0,0,0,3.5464394,0,0,0
21,12,1,0,0,0,0,0,0,0,0,0,3.5225716,0,0,0
22,13,1,0,0,0,0,0,0,0,0,0,3.879664,0,0,0
19,10,1,0,1,0,0,0,0,0,0,0,3.787144,0,0,0
17,8,1,0,0,0,0,0,0,0,0,0,3.6901164,0,0,0
25,16,1,0,0,0,0,0,0,0,0,0,3.863465,0,0,0
25,16,1,0,0,1,0,0,0,0,0,0,3.863465,0,0,0
24,15,1,0,0,0,0,0,0,0,0,0,3.6572683,0,0,0
22,13,1,0,2,0,0,0,0,0,0,0,3.7544417,0,0,0
18,9,1,0,0,0,0,0,0,0,0,0,3.5724313,0,0,0
20,11,1,0,0,0,0,0,0,0,0,0,3.5464394,0,0,0
21,12,1,0,0,0,0,0,0,0,0,0,3.6897037,0,0,0
29,20,1,0,0,0,0,0,0,0,0,0,3.8833375,0,0,0
24,15,1,0,0,0,0,0,0,0,0,0,3.8553886,0,0,0
17,8,1,0,0,0,0,0,0,0,0,0,3.4548223,0,0,0
17,8,1,0,2,0,0,0,0,0,0,0,3.5724695,0,0,0
23,14,1,0,0,0,0,0,0,0,0,0,3.7294462,0,0,0
22,13,1,0,0,0,0,0,0,0,0,0,3.788755,0,0,0
22,13,1,0,0,0,0,0,0,0,0,0,3.7544417,0,0,0
24,15,1,0,0,0,0,0,0,0,0,0,3.9701755,0,0,0
22,13,1,0,0,0,0,0,0,0,0,0,3.7544417,0,0,0
17,8,1,0,1,0,0,0,0,0,0,0,3.5280643,0,0,0
21,12,1,0,0,0,0,0,0,0,0,0,3.8442328,0,0,0
22,13,1,0,0,0,0,0,0,0,0,0,3.879664,0,0,0
32,23,1,0,0,0,0,0,0,0,0,0,3.9209585,0,0,0
21,12,1,0,0,0,0,0,0,0,0,0,3.975418,0,0,0
18,9,1,0,0,0,0,0,0,0,0,0,3.2663326,0,0,0
26,17,1,0,0,0,0,0,0,0,0,0,3.8731406,0,0,0
21,12,1,0,0,0,0,0,0,0,0,0,3.4632804,0,0,0
22,13,1,0,0,1,0,0,0,0,0,0,3.7544417,0,0,0
16,7,1,0,0,0,0,0,0,0,0,0,3.3278196,0,0,0
17,8,1,0,0,0,0,0,0,0,0,0,3.4548223,0,0,0
19,10,1,0,6,0,0,0,0,0,0,0,3.5766177,0,0,0
23,14,1,0,0,0,0,0,0,0,0,0,3.6211755,0,0,0
23,14,1,0,0,0,0,0,0,0,0,0,3.534219,0,0,0
20,11,1,0,0,0,0,0,0,0,0,0,3.608695,0,0,0
22,13,1,0,0,0,0,0,0,0,0,0,3.845351,0,0,0
15,6,1,0,0,0,0,0,0,0,0,0,3.3232315,0,0,0
17,8,1,0,1,0,0,0,0,0,0,0,3.4104173,0,0,0
17,8,1,0,1,0,0,0,0,0,0,0,3.5724695,0,0,0
23,14,1,0,0,0,0,0,0,0,0,0,3.7950885,0,0,0
18,9,1,0,0,0,0,0,0,0,0,0,3.6835423,0,0,0
16,7,1,0,0,0,0,0,0,0,0,0,3.4528196,0,0,0
29,20,1,0,0,0,0,0,0,0,0,0,3.663871,0,0,0
20,11,1,0,0,0,0,0,0,0,0,0,3.5841837,0,0,0
20,11,1,0,0,0,0,0,0,0,0,0,3.7841837,0,0,0
22,13,1,0,0,0,0,0,0,0,0,0,3.879664,0,0,0
21,12,1,0,1,0,0,0,0,0,0,0,3.784942,0,0,0
21,12,1,0,0,0,0,0,0,0,0,0,3.5225716,0,0,0
25,16,1,0,0,1,0,0,0,0,0,0,3.9434652,0,0,0
27,18,1,0,0,0,0,0,0,0,0,0,4.0323033,0,0,0
26,17,1,0,0,0,0,0,0,0,0,0,3.6573853,0,0,0
27,18,1,0,0,0,0,0,0,0,0,0,3.9302704,0,0,0
21,12,1,0,0,0,0,0,0,0,0,0,3.6537566,0,0,0
21,12,1,0,0,0,0,0,0,0,0,0,3.6537566,0,0,0
21,12,1,0,1,0,0,0,0,0,0,0,3.975418,0,0,0
20,11,1,0,0,0,0,0,0,0,0,0,3.7464395,0,0,0
18,9,1,0,1,0,0,0,0,0,0,0,3.6835423,0,0,0
20,11,1,0,0,0,0,0,0,0,0,0,3.508695,0,0,0
21,12,1,0,0,0,0,0,0,0,0,0,3.6537566,0,0,0
22,13,1,0,0,0,0,0,0,0,0,0,3.845351,0,0,0
15,6,1,0,0,0,0,0,0,0,0,0,3.3232315,0,0,0
18,9,1,0,0,0,0,0,0,0,0,0,3.4613202,0,0,0
20,11,1,0,0,0,0,0,0,0,0,0,3.6464393,0,0,0
22,13,1,0,1,0,0,0,0,0,0,0,3.788755,0,0,0
23,14,1,0,0,0,0,0,0,0,0,0,3.522712,0,0,0
20,11,1,0,0,0,0,0,0,0,0,0,3.4841838,0,0,0
17,8,1,0,0,1,0,0,0,0,0,0,3.3371754,0,0,0
20,11,1,0,0,0,0,0,0,0,0,0,3.3841836,0,0,0
21,12,1,0,0,0,0,0,0,0,0,0,3.7489948,0,0,0
24,15,1,0,0,1,0,0,0,0,0,0,4.022055,0,0,0
21,12,1,0,3,0,0,0,0,0,0,0,3.6537566,0,0,0
18,9,1,0,0,0,0,0,0,0,0,0,3.1552215,0,0,0
18,9,1,0,0,0,0,0,0,0,0,0,3.4613202,0,0,0
22,13,1,0,0,0,0,0,0,0,0,0,3.845351,0,0,0
25,16,1,0,1,0,0,0,0,0,0,0,3.8332696,0,0,0
16,7,1,0,0,0,0,0,0,0,0,0,3.4528196,0,0,0
20,11,1,0,0,0,0,0,0,0,0,0,3.7841837,0,0,0
26,17,1,0,0,0,0,0,0,0,0,0,3.8731406,0,0,0
18,9,1,0,0,0,0,0,0,0,0,0,3.4613202,0,0,0
25,16,1,0,0,1,0,0,0,0,0,0,3.9434652,0,0,0
24,15,1,0,0,0,0,0,0,0,0,0,3.6572683,0,0,0
18,9,1,0,0,0,0,0,0,0,0,0,3.4193819,0,0,0
17,8,1,0,2,0,0,0,0,0,0,0,3.4104173,0,0,0
21,12,1,0,0,0,0,0,0,0,0,0,3.6178098,0,0,0
23,14,1,0,0,0,0,0,0,0,0,0,3.7950885,0,0,0
24,15,1,0,0,0,0,0,0,0,0,0,3.5424812,0,0,0
22,13,1,0,2,1,0,0,0,0,0,0,3.845351,0,0,0
17,8,1,0,0,0,0,0,0,0,0,0,3.4104173,0,0,0
23,14,1,0,0,1,0,0,0,0,0,0,3.8492239,0,0,0
19,10,1,0,0,0,0,0,0,0,0,0,3.8924072,0,0,0
19,10,1,0,0,0,0,0,0,0,0,0,3.64215,0,0,0
21,12,1,0,0,0,0,0,0,0,0,0,3.3680425,0,0,0
19,10,1,0,0,0,0,0,0,0,0,0,3.5368867,0,0,0
18,9,1,0,0,0,0,0,0,0,0,0,3.4193819,0,0,0
24,15,1,0,0,0,0,0,0,0,0,0,3.7720551,0,0,0
21,12,1,0,0,0,0,0,0,0,0,0,3.6897037,0,0,0
21,12,1,0,0,0,0,0,0,0,0,0,3.5944657,0,0,0
19,10,1,0,0,0,0,0,0,0,0,0,3.787144,0,0,0
22,13,1,0,0,0,0,0,0,0,0,0,3.697846,0,0,0
24,15,1,0,0,0,0,0,0,0,0,0,3.6053886,0,0,0
19,10,1,0,0,0,0,0,0,0,0,0,3.5368867,0,0,0
30,21,1,0,0,0,0,0,0,0,0,0,3.806239,0,0,0
26,17,1,0,0,0,0,0,0,0,0,0,3.9021747,0,0,0
27,18,1,0,0,1,0,0,0,0,0,0,3.958229,0,0,0
18,9,1,0,0,0,0,0,0,0,0,0,3.5724313,0,0,0
21,12,1,0,0,0,0,0,0,0,0,0,3.784942,0,0,0
21,12,1,0,3,0,0,0,0,0,0,0,3.975418,0,0,0
17,8,1,0,0,0,0,0,0,0,0,0,3.5724695,0,0,0
16,7,1,0,0,0,0,0,0,0,0,0,3.2806392,0,0,0
21,12,1,0,0,1,0,0,0,0,0,0,3.7489948,0,0,0
19,10,1,0,0,0,0,0,0,0,0,0,3.6818807,0,0,0
19,10,1,0,0,0,0,0,0,0,0,0,3.6818807,0,0,0
20,11,1,0,3,0,0,0,0,0,0,0,3.9841838,0,0,0
30,21,1,0,1,0,0,0,0,0,0,0,3.9647353,0,0,0
20,11,1,0,0,0,0,0,0,0,0,0,3.7464395,0,0,0
22,13,1,0,0,0,0,0,0,0,0,0,3.5383105,0,0,0
21,12,1,0,0,0,0,0,0,0,0,0,3.3913865,0,0,0
19,10,1,0,0,0,0,0,0,0,0,0,3.5766177,0,0,0
23,14,1,0,0,1,0,0,0,0,0,0,3.9690015,0,0,0
14,5,1,0,0,0,0,0,0,0,0,0,2.985228,0,0,0
24,15,1,0,0,0,0,0,0,0,0,0,3.8868423,0,0,0
21,12,1,0,0,0,0,0,0,0,0,0,3.7489948,0,0,0
19,10,1,0,0,0,0,0,0,0,0,0,3.2866294,0,0,0
22,13,1,0,0,0,0,0,0,0,0,0,3.6635327,0,0,0
21,12,1,0,0,0,0,0,0,0,0,0,3.4632804,0,0,0
20,11,1,0,0,0,0,0,0,0,0,0,3.7841837,0,0,0
18,9,1,0,0,0,0,0,0,0,0,0,3.5724313,0,0,0
21,12,1,0,0,0,0,0,0,0,0,0,3.784942,0,0,0
18,9,1,0,0,0,0,0,0,0,0,0,3.2390978,0,0,0
18,9,1,0,2,0,0,0,0,0,0,0,3.7946534,0,0,0
19,10,1,0,3,0,0,0,0,0,0,0,3.787144,0,0,0
22,13,1,0,3,0,0,0,0,0,0,0,3.6292198,0,0,0
18,9,1,0,0,0,0,0,0,0,0,0,3.5724313,0,0,0
20,11,1,0,0,0,0,0,0,0,0,0,3.7464395,0,0,0
19,10,1,0,0,0,0,0,0,0,0,0,3.4316235,0,0,0
18,9,1,0,0,0,0,0,0,0,0,0,3.4193819,0,0,0
22,13,1,0,0,0,0,0,0,0,0,0,3.5726237,0,0,0
17,8,1,0,0,0,0,0,0,0,0,0,3.2195282,0,0,0
23,14,1,0,0,0,0,0,0,0,0,0,3.7622674,0,0,0
22,13,1,0,0,0,0,0,0,0,0,0,3.7201288,0,0,0
20,11,1,0,0,0,0,0,0,0,0,0,3.6841838,0,0,0
20,11,1,0,0,0,0,0,0,0,0,0,3.6464393,0,0,0
21,12,1,0,1,0,0,0,0,0,0,0,3.5585186,0,0,0
18,9,1,0,0,0,0,0,0,0,0,0,3.308271,0,0,0
23,14,1,0,0,0,0,0,0,0,0,0,3.7622674,0,0,0
18,9,1,0,3,0,0,0,0,0,0,0,3.7946534,0,0,0
18,9,1,0,0,0,0,0,0,0,0,0,3.4193819,0,0,0
21,12,1,0,0,1,0,0,0,0,0,0,3.4632804,0,0,0
21,12,1,0,1,0,0,0,0,0,0,0,3.88018,0,0,0
21,12,1,0,0,0,0,0,0,0,0,0,3.5225716,0,0,0
23,14,1,0,0,1,0,0,0,0,0,0,3.6424897,0,0,0
19,10,1,0,2,0,0,0,0,0,0,0,3.64215,0,0,0
24,15,1,0,0,0,0,0,0,0,0,0,3.8239348,0,0,0
26,17,1,0,0,0,0,0,0,0,0,0,3.8252518,0,0,0
17,8,1,0,0,0,0,0,0,0,0,0,3.2927701,0,0,0
31,22,1,0,0,0,0,0,0,0,0,0,4.0667844,0,0,0
19,10,1,0,0,0,0,0,0,0,0,0,3.6818807,0,0,0
20,11,1,0,0,0,0,0,0,0,0,0,3.6841838,0,0,0
16,7,1,0,0,0,0,0,0,0,0,0,3.4528196,0,0,0
26,17,1,0,0,0,0,0,0,0,0,0,3.9500637,0,0,0
21,12,1,0,0,0,0,0,0,0,0,0,3.8442328,0,0,0
23,14,1,0,0,0,0,0,0,0,0,0,3.9690015,0,0,0
22,13,1,0,0,0,0,0,0,0,0,0,3.845351,0,0,0
25,16,1,0,0,0,0,0,0,0,0,0,3.863465,0,0,0
26,17,1,0,0,1,0,0,0,0,0,0,4.0269866,0,0,0
22,13,1,0,0,0,0,0,0,0,0,0,3.845351,0,0,0
18,9,1,0,0,0,0,0,0,0,0,0,3.530493,0,0,0
19,10,1,0,0,0,0,0,0,0,0,0,3.5368867,0,0,0
18,9,1,0,0,0,0,0,0,0,0,0,3.5724313,0,0,0
21,12,1,0,0,0,0,0,0,0,0,0,3.6178098,0,0,0
21,12,1,0,0,0,0,0,0,0,0,0,3.6537566,0,0,0
25,16,1,0,0,0,0,0,0,0,0,0,3.9434652,0,0,0
25,16,1,0,0,0,0,0,0,0,0,0,3.5932696,0,0,0
23,14,1,0,0,0,0,0,0,0,0,0,3.9361804,0,0,0
20,11,1,0,0,0,0,0,0,0,0,0,3.6464393,0,0,0
22,13,1,0,2,0,0,0,0,0,0,0,3.6292198,0,0,0
17,8,1,0,0,0,0,0,0,0,0,0,3.2927701,0,0,0
17,8,1,0,0,0,0,0,0,0,0,0,3.5724695,0,0,0
20,11,1,0,0,0,0,0,0,0,0,0,3.6464393,0,0,0
25,16,1,0,0,0,0,0,0,0,0,0,3.6732697,0,0,0
24,15,1,0,0,0,0,0,0,0,0,0,3.4906015,0,0,0
18,9,1,0,0,0,0,0,0,0,0,0,3.4193819,0,0,0
21,12,1,0,0,0,0,0,0,0,0,0,3.6897037,0,0,0
18,9,1,0,0,0,0,0,0,0,0,0,3.4613202,0,0,0
20,11,1,0,0,0,0,0,0,0,0,0,3.5464394,0,0,0
18,9,1,0,0,0,0,0,0,0,0,0,3.7946534,0,0,0
18,9,1,0,0,0,0,0,0,0,0,0,3.308271,0,0,0
16,7,1,0,2,0,0,0,0,0,0,0,3.3278196,0,0,0
20,11,1,0,0,0,0,0,0,0,0,0,3.7464395,0,0,0
14,5,1,0,0,0,0,0,0,0,0,0,2.985228,0,0,0
23,14,1,0,0,0,0,0,0,0,0,0,3.6753109,0,0,0
26,17,1,0,0,0,0,0,0,0,0,0,3.9021747,0,0,0
17,8,1,0,0,0,0,0,0,0,0,0,3.4104173,0,0,0
20,11,1,0,3,0,0,0,0,0,0,0,3.9841838,0,0,0
16,7,1,0,0,0,0,0,0,0,0,0,2.852217,0,0,0
18,9,1,0,0,0,0,0,0,0,0,0,3.6835423,0,0,0
27,18,1,0,0,0,0,0,0,0,0,0,3.736007,0,0,0
22,13,1,0,0,0,0,0,0,0,0,0,3.845351,0,0,0
18,9,1,0,0,0,0,0,0,0,0,0,3.6416042,0,0,0
25,16,1,0,0,0,0,0,0,0,0,0,3.6234653,0,0,0
29,20,1,0,0,4,0,0,0,0,0,0,3.771437,0,0,0
19,10,1,0,0,0,0,0,0,0,0,0,3.787144,0,0,0
20,11,1,0,0,0,0,0,0,0,0,0,3.4464393,0,0,0
18,9,1,0,0,0,0,0,0,0,0,0,3.1552215,0,0,0
20,11,1,0,0,0,0,0,0,0,0,0,3.508695,0,0,0
18,9,1,0,0,0,0,0,0,0,0,0,3.530493,0,0,0
19,10,1,0,0,0,0,0,0,0,0,0,3.5368867,0,0,0
24,15,1,0,1,0,0,0,0,0,0,0,3.6572683,0,0,0
22,13,1,0,0,0,0,0,0,0,0,0,3.697846,0,0,0
21,12,1,0,0,0,0,0,0,0,0,0,3.6537566,0,0,0
22,13,1,0,0,0,0,0,0,0,0,0,3.697846,0,0,0
22,13,1,0,0,0,0,0,0,0,0,0,3.845351,0,0,0
22,13,1,0,0,0,0,0,0,0,0,0,3.6292198,0,0,0
25,16,1,0,0,0,0,0,0,0,0,0,3.9736607,0,0,0
22,13,1,0,0,0,0,0,0,0,0,0,3.879664,0,0,0
19,10,1,0,0,0,0,0,0,0,0,0,3.6818807,0,0,0
17,8,1,0,0,0,0,0,0,0,0,0,3.6901164,0,0,0
20,11,1,0,2,0,0,0,0,0,0,0,3.8841836,0,0,0
20,11,1,0,0,0,0,0,0,0,0,0,3.7464395,0,0,0
25,16,1,0,0,2,0,0,0,0,0,0,3.7336607,0,0,0
19,10,1,0,0,0,0,0,0,0,0,0,3.5766177,0,0,0
25,16,1,0,0,0,0,0,0,0,0,0,3.7336607,0,0,0
22,13,1,0,0,0,0,0,0,0,0,0,3.879664,0,0,0
20,11,1,0,0,0,0,0,0,0,0,0,3.6841838,0,0,0
19,10,1,0,0,0,0,0,0,0,0,0,3.5368867,0,0,0
22,13,1,0,0,0,0,0,0,0,0,0,3.6635327,0,0,0
22,13,1,0,0,1,0,0,0,0,0,0,3.788755,0,0,0
17,8,1,0,2,0,0,0,0,0,0,0,3.2927701,0,0,0
18,9,1,0,0,0,0,0,0,0,0,0,3.7946534,0,0,0
18,9,1,0,2,0,0,0,0,0,0,0,3.530493,0,0,0
20,11,1,0,0,0,0,0,0,0,0,0,3.7841837,0,0,0
18,9,1,0,0,0,0,0,0,0,0,0,3.5724313,0,0,0
22,13,1,0,0,0,0,0,0,0,0,0,3.788755,0,0,0
31,22,1,0,2,0,0,0,0,0,0,0,4.23276,0,0,0
30,21,1,0,0,0,0,0,0,0,0,0,4.0947394,0,0,0
24,15,1,0,0,0,0,0,0,0,0,0,4.1368423,0,0,0
22,13,1,0,0,0,0,0,0,0,0,0,3.845351,0,0,0
21,12,1,0,0,0,0,0,0,0,0,0,3.8442328,0,0,0
20,11,1,0,0,0,0,0,0,0,0,0,3.7841837,0,0,0
18,9,1,0,0,0,0,0,0,0,0,0,3.5724313,0,0,0
18,9,1,0,0,0,0,0,0,0,0,0,3.4613202,0,0,0
15,6,1,0,0,0,0,0,0,0,0,0,3.1395721,0,0,0
21,12,1,0,0,0,0,0,0,0,0,0,3.784942,0,0,0
24,15,1,0,0,0,0,0,0,0,0,0,3.9701755,0,0,0
28,19,1,0,0,1,0,0,0,0,0,0,3.8693314,0,0,0
18,9,1,0,0,0,0,0,0,0,0,0,3.4613202,0,0,0
23,14,1,0,0,0,0,0,0,0,0,0,3.7622674,0,0,0
20,11,1,0,0,0,0,0,0,0,0,0,3.6841838,0,0,0
23,14,1,0,3,0,0,0,0,0,0,0,4.023137,0,0,0
20,11,1,0,0,0,0,0,0,0,0,0,3.7841837,0,0,0
20,11,1,0,0,0,0,0,0,0,0,0,3.7464395,0,0,0
18,9,1,0,0,0,0,0,0,0,0,0,3.2663326,0,0,0
21,12,1,0,1,0,0,0,0,0,0,0,3.88018,0,0,0
23,14,1,0,0,0,0,0,0,0,0,0,3.7294462,0,0,0
22,13,1,0,0,0,0,0,0,0,0,0,3.5726237,0,0,0
19,10,1,0,0,0,0,0,0,0,0,0,3.7474132,0,0,0
18,9,1,0,0,0,0,0,0,0,0,0,3.5724313,0,0,0
32,23,1,0,0,2,0,0,0,0,0,0,4.0542293,0,0,0
19,10,1,0,0,0,0,0,0,0,0,0,3.8924072,0,0,0
22,13,1,0,0,0,0,0,0,0,0,0,3.4817145,0,0,0
17,8,1,0,0,0,0,0,0,0,0,0,3.5724695,0,0,0
19,10,1,0,0,0,0,0,0,0,0,0,3.6818807,0,0,0
18,9,1,0,0,0,0,0,0,0,0,0,3.4613202,0,0,0
19,10,1,0,2,0,0,0,0,0,0,0,3.6818807,0,0,0
22,13,1,0,0,0,0,0,0,0,0,0,3.6635327,0,0,0
22,13,1,0,0,0,0,0,0,0,0,0,3.879664,0,0,0
27,18,1,0,0,0,0,0,0,0,0,0,3.7504647,0,0,0
21,12,1,0,0,0,0,0,0,0,0,0,3.5944657,0,0,0
22,13,1,0,0,0,0,0,0,0,0,0,3.7544417,0,0,0
19,10,1,0,0,0,0,0,0,0,0,0,3.5766177,0,0,0
18,9,1,0,0,0,0,0,0,0,0,0,3.1552215,0,0,0
18,9,1,0,0,0,0,0,0,0,0,0,3.5724313,0,0,0
21,12,1,0,0,0,0,0,0,0,0,0,3.784942,0,0,0
35,26,1,0,0,0,0,0,0,0,0,0,3.6227386,0,0,0
22,13,1,0,0,1,0,0,0,0,0,0,3.5726237,0,0,0
23,14,1,0,0,0,0,0,0,0,0,0,3.7294462,0,0,0
24,15,1,0,2,2,0,0,0,0,0,0,3.7406015,0,0,0
21,12,1,0,0,0,0,0,0,0,0,0,3.6537566,0,0,0
21,12,1,0,0,0,0,0,0,0,0,0,3.7489948,0,0,0
21,12,1,0,0,0,0,0,0,0,0,0,3.6178098,0,0,0
26,17,1,0,0,1,0,0,0,0,0,0,3.9210296,0,0,0
20,11,1,0,0,0,0,0,0,0,0,0,3.7464395,0,0,0
24,15,1,0,0,0,0,0,0,0,0,0,3.688722,0,0,0
18,9,1,0,3,0,0,0,0,0,0,0,3.3774438,0,0,0
17,8,1,0,2,0,0,0,0,0,0,0,3.4104173,0,0,0
19,10,1,0,0,0,0,0,0,0,0,0,3.497156,0,0,0
19,10,1,0,4,0,0,0,0,0,0,0,3.6818807,0,0,0
18,9,1,0,0,0,0,0,0,0,0,0,3.2663326,0,0,0
22,13,1,0,0,0,0,0,0,0,0,0,3.4817145,0,0,0
16,7,1,0,0,0,0,0,0,0,0,0,3.4528196,0,0,0
23,14,1,0,0,0,0,0,0,0,0,0,3.882045,0,0,0
21,12,1,0,0,0,0,0,0,0,0,0,3.5585186,0,0,0
19,10,1,0,3,0,0,0,0,0,0,0,3.5368867,0,0,0
18,9,1,0,0,0,0,0,0,0,0,0,3.6835423,0,0,0
22,13,1,0,0,0,0,0,0,0,0,0,3.879664,0,0,0
20,11,1,0,0,0,0,0,0,0,0,0,3.6841838,0,0,0
21,12,1,0,0,1,0,0,0,0,0,0,3.939471,0,0,0
20,11,1,0,0,0,0,0,0,0,0,0,3.4841838,0,0,0
21,12,1,0,0,0,0,0,0,0,0,0,3.5585186,0,0,0
21,12,1,0,0,0,0,0,0,0,0,0,3.6537566,0,0,0
16,7,1,0,0,0,0,0,0,0,0,0,3.2806392,0,0,0
23,14,1,0,0,1,0,0,0,0,0,0,3.7294462,0,0,0
20,11,1,0,1,0,0,0,0,0,0,0,3.7841837,0,0,0
16,7,1,0,0,0,0,0,0,0,0,0,3.4528196,0,0,0
27,18,1,0,0,0,0,0,0,0,0,0,3.5282426,0,0,0
21,12,1,0,0,0,0,0,0,0,0,0,3.5585186,0,0,0
18,9,1,0,0,0,0,0,0,0,0,0,3.4193819,0,0,0
21,12,1,0,0,1,0,0,0,0,0,0,3.6897037,0,0,0
18,9,1,0,0,0,0,0,0,0,0,0,3.350209,0,0,0
21,12,1,0,0,0,0,0,0,0,0,0,3.3680425,0,0,0
18,9,1,0,0,0,0,0,0,0,0,0,3.5724313,0,0,0
25,16,1,0,0,0,0,0,0,0,0,0,3.6732697,0,0,0
23,14,1,0,0,0,0,0,0,0,0,0,3.5555332,0,0,0
36,27,1,0,0,0,0,0,0,0,0,0,3.9166079,0,0,0
22,13,1,0,0,0,0,0,0,0,0,0,3.2433004,0,0,0
18,9,1,0,0,0,0,0,0,0,0,0,3.4613202,0,0,0
21,12,1,0,0,0,0,0,0,0,0,0,3.6537566,0,0,0
28,19,1,0,0,1,0,0,0,0,0,0,3.96772,0,0,0
15,6,1,0,0,0,0,0,0,0,0,0,3.1395721,0,0,0
21,12,1,0,0,0,0,0,0,0,0,0,3.6537566,0,0,0
17,8,1,0,3,0,0,0,0,0,0,0,3.5280643,0,0,0
18,9,1,0,0,0,0,0,0,0,0,0,3.6835423,0,0,0
29,20,1,0,0,0,0,0,0,0,0,0,3.9002419,0,0,0
27,18,1,0,0,0,0,0,0,0,0,0,3.912114,0,0,0
17,8,1,0,0,0,0,0,0,0,0,0,3.5724695,0,0,0
18,9,1,0,0,1,0,0,0,0,0,0,3.4193819,0,0,0
19,10,1,0,0,0,0,0,0,0,0,0,3.5766177,0,0,0
19,10,1,0,0,0,0,0,0,0,0,0,3.2866294,0,0,0
23,14,1,0,0,0,0,0,0,0,0,0,3.522712,0,0,0
20,11,1,0,0,0,0,0,0,0,0,0,3.5464394,0,0,0
22,13,1,0,0,0,0,0,0,0,0,0,3.9705732,0,0,0
18,9,1,0,0,1,0,0,0,0,0,0,3.6835423,0,0,0
17,8,1,0,0,0,0,0,0,0,0,0,3.4548223,0,0,0
23,14,1,0,0,0,0,0,0,0,0,0,3.9361804,0,0,0
19,10,1,0,0,0,0,0,0,0,0,0,3.6818807,0,0,0
23,14,1,0,0,0,0,0,0,0,0,0,3.8492239,0,0,0
20,11,1,0,0,0,0,0,0,0,0,0,3.6841838,0,0,0
27,18,1,0,0,0,0,0,0,0,0,0,3.6060152,0,0,0
22,13,1,0,0,0,0,0,0,0,0,0,3.7544417,0,0,0
21,12,1,0,3,0,0,0,0,0,0,0,3.88018,0,0,0
23,14,1,0,0,1,0,0,0,0,0,0,3.7950885,0,0,0
21,12,1,0,0,0,0,0,0,0,0,0,3.784942,0,0,0
25,16,1,0,0,0,0,0,0,0,0,0,3.7532697,0,0,0
24,15,1,0,0,0,0,0,0,0,0,0,3.938722,0,0,0
24,15,1,0,1,0,0,0,0,0,0,0,3.688722,0,0,0
19,10,1,0,0,0,0,0,0,0,0,0,3.6818807,0,0,0
22,13,1,0,0,0,0,0,0,0,0,0,3.6069367,0,0,0
19,10,1,0,0,0,0,0,0,0,0,0,3.5766177,0,0,0
17,8,1,0,0,0,0,0,0,0,0,0,3.6901164,0,0,0
21,12,1,0,0,0,0,0,0,0,0,0,3.784942,0,0,0
25,16,1,0,0,0,0,0,0,0,0,0,4.053661,0,0,0
24,15,1,0,0,0,0,0,0,0,0,0,3.709148,0,0,0
22,13,1,0,0,0,0,0,0,0,0,0,3.5383105,0,0,0
15,6,1,0,0,0,0,0,0,0,0,0,3.189898,0,0,0
21,12,1,0,0,0,0,0,0,0,0,0,3.5225716,0,0,0
25,16,1,0,0,0,0,0,0,0,0,0,3.9434652,0,0,0
20,11,1,0,0,0,0,0,0,0,0,0,3.5464394,0,0,0
24,15,1,0,0,0,0,0,0,0,0,0,3.8553886,0,0,0
24,15,1,0,0,0,0,0,0,0,0,0,3.8868423,0,0,0
22,13,1,0,0,0,0,0,0,0,0,0,3.9705732,0,0,0
22,13,1,0,0,1,0,0,0,0,0,0,3.879664,0,0,0
25,16,1,0,0,0,0,0,0,0,0,0,3.9434652,0,0,0
27,18,1,0,0,0,0,0,0,0,0,0,4.0323033,0,0,0
17,8,1,0,0,0,0,0,0,0,0,0,3.2195282,0,0,0
25,16,1,0,0,0,0,0,0,0,0,0,3.7034652,0,0,0
23,14,1,0,0,0,0,0,0,0,0,0,3.8492239,0,0,0
21,12,1,0,0,0,0,0,0,0,0,0,3.3680425,0,0,0
22,13,1,0,0,0,0,0,0,0,0,0,3.6069367,0,0,0
22,13,1,0,0,0,0,0,0,0,0,0,3.879664,0,0,0
27,18,1,0,0,1,0,0,0,0,0,0,3.9023116,0,0,0
18,9,1,0,0,0,0,0,0,0,0,0,3.5724313,0,1,0
15,6,1,0,0,0,0,0,0,0,0,0,3.4565647,0,0,0
28,19,1,0,0,0,0,0,0,0,0,0,3.94076,0,0,0
21,12,1,0,0,0,0,0,0,0,0,0,3.32734,0,0,0
19,10,1,0,0,0,0,0,0,0,0,0,3.3918927,0,0,0
16,7,1,0,0,0,0,0,0,0,0,0,3.2806392,0,0,0
33,24,1,0,0,1,0,0,0,0,0,0,3.876839,0,0,0
22,13,1,0,0,0,0,0,0,0,0,0,3.879664,0,0,0
25,16,1,0,0,0,0,0,0,0,0,0,3.9736607,0,0,0
23,14,1,0,0,0,0,0,0,0,0,0,3.7294462,0,0,0
17,8,1,0,0,0,0,0,0,0,0,0,3.2927701,0,0,0
18,9,1,0,0,0,0,0,0,0,0,0,3.5724313,0,0,0
29,20,1,0,0,0,0,0,0,0,0,0,3.6899016,0,0,0
22,13,1,0,0,0,0,0,0,0,0,0,3.9705732,0,0,0
19,10,1,0,0,0,0,0,0,0,0,0,3.3918927,0,0,0
22,13,1,0,0,0,0,0,0,0,0,0,3.7201288,0,0,0
22,13,1,0,0,0,0,0,0,0,0,0,3.7544417,0,0,0
16,7,1,0,0,0,0,0,0,0,0,0,3.5778196,0,0,0
23,14,1,0,0,0,0,0,0,0,0,0,3.8492239,0,0,0
22,13,1,0,0,0,0,0,0,0,0,0,3.697846,0,0,0
18,9,1,0,0,0,0,0,0,0,0,0,3.5724313,0,0,0
22,13,1,0,0,0,0,0,0,0,0,0,3.6292198,0,0,0
21,12,1,0,0,0,0,0,0,0,0,0,3.6537566,0,0,0
17,8,1,0,0,0,0,0,0,0,0,0,3.5724695,0,0,0
26,17,1,0,0,0,0,0,0,0,0,0,3.6902604,0,0,0
24,15,1,0,0,0,0,0,0,0,0,0,3.6368423,0,0,0
23,14,1,0,0,0,0,0,0,0,0,0,3.8492239,0,1,0
23,14,1,0,4,0,0,0,0,0,0,0,3.882045,0,0,0
24,15,1,0,0,1,0,0,0,0,0,0,3.7406015,0,0,0
22,13,1,0,0,0,0,0,0,0,0,0,3.5337713,0,0,0
18,9,1,0,2,0,0,0,0,0,0,0,3.530493,0,0,0
21,12,1,0,0,1,0,0,0,0,0,0,3.939471,0,0,0
23,14,1,0,0,0,0,0,0,0,0,0,3.882045,0,0,0
19,10,1,0,0,0,0,0,0,0,0,0,3.64215,0,0,0
23,14,1,0,0,0,0,0,0,0,0,0,3.7950885,0,0,0
22,13,1,0,0,0,0,0,0,0,0,0,3.6069367,0,0,0
29,20,1,0,0,0,0,0,0,0,0,0,3.9262724,0,0,0
22,13,1,0,0,0,0,0,0,0,0,0,3.2655833,0,0,0
18,9,1,0,0,0,0,0,0,0,0,0,3.6835423,0,0,0
23,14,1,0,0,0,0,0,0,0,0,0,3.7294462,0,0,0
17,8,1,0,0,0,0,0,0,0,0,0,3.6901164,0,0,0
23,14,1,0,0,0,0,0,0,0,0,0,3.8492239,0,0,0
21,12,1,0,2,0,0,0,0,0,0,0,3.88018,0,0,0
21,12,1,0,0,0,0,0,0,0,0,0,3.5225716,0,0,0
29,20,1,0,0,0,0,0,0,0,0,0,3.5688748,0,0,0
23,14,1,0,0,0,0,0,0,0,0,0,4.023137,0,0,0
18,9,1,0,2,0,0,0,0,0,0,0,3.7946534,0,0,0
25,16,1,0,0,0,0,0,0,0,0,0,3.4634652,0,0,0
27,18,1,0,0,0,0,0,0,0,0,0,3.736007,0,0,0
24,15,1,0,0,0,0,0,0,0,0,0,3.4906015,0,0,0
24,15,1,0,0,1,0,0,0,0,0,0,3.8239348,0,1,0
21,12,1,0,0,0,0,0,0,0,0,0,3.7489948,0,0,0
18,9,1,0,0,0,0,0,0,0,0,0,3.5724313,0,0,0
19,10,1,0,0,0,0,0,0,0,0,0,3.6818807,0,0,0
28,19,1,0,0,0,0,0,0,0,0,0,3.8962915,0,0,0
24,15,1,0,0,0,0,0,0,0,0,0,3.8553886,0,0,0
21,12,1,0,0,0,0,0,0,0,0,0,3.6897037,0,0,0
22,13,1,0,0,0,0,0,0,0,0,0,3.697846,0,0,0
15,6,1,0,0,0,0,0,0,0,0,0,3.3232315,0,0,0
23,14,1,0,0,0,0,0,0,0,0,0,3.2405283,0,0,0
19,10,1,0,0,0,0,0,0,0,0,0,3.5368867,0,0,0
22,13,1,0,0,0,0,0,0,0,0,0,3.788755,0,0,0
21,12,1,0,0,0,0,0,0,0,0,0,3.6897037,0,0,0
22,13,1,0,0,0,0,0,0,0,0,0,3.4817145,0,0,0
20,11,1,0,0,0,0,0,0,0,0,0,3.508695,0,0,0
20,11,1,0,0,0,0,0,0,0,0,0,3.6464393,0,0,0
17,8,1,0,0,0,0,0,0,0,0,0,3.4104173,0,0,0
18,9,1,0,0,0,0,0,0,0,0,0,3.350209,0,0,0
25,16,1,0,0,1,0,0,0,0,0,0,4.023465,0,0,0
22,13,1,0,0,0,0,0,0,0,0,0,3.5726237,0,0,0
20,11,1,0,0,0,0,0,0,0,0,0,3.7841837,0,0,0
23,14,1,0,0,0,0,0,0,0,0,0,3.6424897,0,0,0
20,11,1,0,0,0,0,0,0,0,0,0,3.508695,0,0,0
18,9,1,0,0,0,0,0,0,0,0,0,3.5724313,0,0,0
23,14,1,0,0,0,0,0,0,0,0,0,3.882045,0,0,0
22,13,1,0,0,0,0,0,0,0,0,0,3.6292198,0,0,0
14,5,1,0,0,0,0,0,0,0,0,0,3.182006,0,0,0
20,11,1,0,0,0,0,0,0,0,0,0,3.408695,0,0,0
21,12,1,0,0,0,0,0,0,0,0,0,3.7489948,0,0,0
21,12,1,0,0,0,0,0,0,0,0,0,3.4273336,0,0,0
20,11,1,0,2,0,0,0,0,0,0,0,3.6464393,0,0,0
23,14,1,0,0,0,0,0,0,0,0,0,3.9361804,0,0,0
20,11,1,0,0,0,0,0,0,0,0,0,3.8841836,0,0,0
21,12,1,0,0,0,0,0,0,0,0,0,3.88018,0,0,0
22,13,1,0,0,0,0,0,0,0,0,0,3.3342094,0,0,0
23,14,1,0,0,0,0,0,0,0,0,0,3.7622674,0,0,0
19,10,1,0,0,0,0,0,0,0,0,0,3.5368867,0,0,0
18,9,1,0,0,0,0,0,0,0,0,0,3.308271,0,0,0
28,19,1,0,0,0,0,0,0,0,0,0,3.8388045,0,0,0
19,10,1,0,0,0,0,0,0,0,0,0,3.5766177,0,0,0
25,16,1,0,0,0,0,0,0,0,0,0,3.7532697,0,0,0
27,18,1,0,0,0,0,0,0,0,0,0,3.661933,0,0,0
25,16,1,0,0,0,0,0,0,0,0,0,3.863465,0,0,0
20,11,1,0,0,0,0,0,0,0,0,0,3.7464395,0,0,0
24,15,1,0,0,0,0,0,0,0,0,0,3.8035088,0,0,0
26,17,1,0,0,1,0,0,0,0,0,0,4.209867,0,0,0
26,17,1,0,0,0,0,0,0,0,0,0,3.7671835,0,0,0
21,12,1,0,0,0,0,0,0,0,0,0,3.5225716,0,0,0
21,12,1,0,0,0,0,0,0,0,0,0,3.6897037,0,0,0
20,11,1,0,0,0,0,0,0,0,0,0,3.4464393,0,0,0
22,13,1,0,0,0,0,0,0,0,0,0,3.879664,0,0,0
33,24,1,0,0,0,0,0,0,0,0,0,4.0895524,0,0,0
25,16,1,0,0,0,0,0,0,0,0,0,3.863465,0,0,0
16,7,1,0,0,0,0,0,0,0,0,0,3.5778196,0,0,0
19,10,1,0,0,0,0,0,0,0,0,0,3.6818807,0,0,0
25,16,1,0,3,0,0,0,0,0,0,0,3.7230742,0,0,0
23,14,1,0,2,1,0,0,0,0,0,0,3.9690015,0,0,0
17,8,1,0,1,0,0,0,0,0,0,0,3.5724695,0,0,0
24,15,1,0,0,1,0,0,0,0,0,0,3.9701755,0,0,0
32,23,1,0,2,0,0,0,0,0,0,0,4.22641,0,0,0
23,14,1,0,0,0,0,0,0,0,0,0,3.7622674,0,0,0
25,16,1,0,0,0,0,0,0,0,0,0,3.8332696,0,0,0
30,21,1,0,0,0,0,0,0,0,0,0,3.7898982,0,0,0
21,12,1,0,0,0,0,0,0,0,0,0,3.8442328,0,0,0
21,12,1,0,0,0,0,0,0,0,0,0,3.5585186,0,0,0
22,13,1,0,0,0,0,0,0,0,0,0,3.5383105,0,0,0
18,9,1,0,2,0,0,0,0,0,0,0,3.5724313,0,0,0
19,10,1,0,0,0,0,0,0,0,0,0,3.4316235,0,0,0
24,15,1,0,0,0,0,0,0,0,0,0,3.9701755,0,0,0
22,13,1,0,1,0,0,0,0,0,0,0,4.061482,0,0,0
25,16,1,0,0,0,0,0,0,0,0,0,3.5328786,0,0,0
17,8,1,0,0,0,0,0,0,0,0,0,3.6901164,0,0,0
31,22,1,0,0,0,0,0,0,0,0,0,4.042433,0,0,0
21,12,1,0,0,0,0,0,0,0,0,0,3.5585186,0,0,0
27,18,1,0,0,0,0,0,0,0,0,0,3.884155,0,0,0
24,15,1,0,0,0,0,0,0,0,0,0,3.8553886,0,0,0
21,12,1,0,0,0,0,0,0,0,0,0,3.784942,0,0,0
25,16,1,0,0,0,0,0,0,0,0,0,3.8030741,0,0,0
18,9,1,0,0,0,0,0,0,0,0,0,3.4193819,0,0,0
29,20,1,0,4,2,0,0,0,0,0,0,4.280226,0,0,0
18,9,1,0,0,0,0,0,0,0,0,0,3.5724313,0,0,0
24,15,1,0,0,0,0,0,0,0,0,0,4.022055,0,0,0
21,12,1,0,0,0,0,0,0,0,0,0,3.5585186,0,0,0
24,15,1,0,0,0,0,0,0,0,0,0,3.8239348,0,0,0
23,14,1,0,1,0,0,0,0,0,0,0,3.9361804,0,0,0
21,12,1,0,0,0,0,0,0,0,0,0,3.7489948,0,0,0
22,13,1,0,0,0,0,0,0,0,0,0,3.9705732,0,0,0
21,12,1,0,0,0,0,0,0,0,0,0,3.5225716,0,0,0
23,14,1,0,0,0,0,0,0,0,0,0,3.7294462,0,0,0
18,9,1,0,0,0,0,0,0,0,0,0,3.308271,0,0,0
19,10,1,0,0,0,0,0,0,0,0,0,3.5368867,0,0,0
20,11,1,0,0,0,0,0,0,0,0,0,3.608695,0,0,0
21,12,1,0,0,0,0,0,0,0,0,0,3.5585186,0,0,0
23,14,1,0,0,0,0,0,0,0,0,0,3.6424897,0,0,0
18,9,1,0,0,0,0,0,0,0,0,0,3.4193819,0,0,0
18,9,1,0,0,0,0,0,0,0,0,0,3.6835423,0,0,0
23,14,1,0,0,0,0,0,0,0,0,0,3.6753109,0,0,0
20,11,1,0,0,1,0,0,0,0,0,0,3.3037016,0,0,0
18,9,1,0,0,0,0,0,0,0,0,0,3.4193819,0,0,0
16,7,1,0,0,0,0,0,0,0,0,0,3.1556392,0,0,0
23,14,1,0,0,1,0,0,0,0,0,0,4.0559583,0,0,0
19,10,1,0,0,0,0,0,0,0,0,0,3.3263605,0,0,0
19,10,1,0,0,0,0,0,0,0,0,0,3.64215,0,0,0
20,11,1,0,0,0,0,0,0,0,0,0,3.6464393,0,0,0
21,12,1,0,0,0,0,0,0,0,0,0,3.88018,0,0,0
30,21,1,0,0,0,0,0,0,0,0,0,3.6729057,0,0,0
21,12,1,0,0,0,0,0,0,0,0,0,3.4273336,0,0,0
16,7,1,0,0,0,0,0,0,0,0,0,3.0778196,0,0,0
19,10,1,0,0,0,0,0,0,0,0,0,3.6818807,0,0,0
20,11,1,0,0,0,0,0,0,0,0,0,3.4464393,0,0,0
30,21,1,0,0,0,0,0,0,0,0,0,3.781076,0,1,0
29,20,1,0,0,1,0,0,0,0,0,0,4.0212684,0,0,0
20,11,1,0,0,0,0,0,0,0,0,0,3.6464393,0,0,0
20,11,1,0,0,0,0,0,0,0,0,0,3.608695,0,0,0
16,7,1,0,0,0,0,0,0,0,0,0,3.4528196,0,0,0
17,8,1,0,0,0,0,0,0,0,0,0,3.4548223,0,0,0
18,9,1,0,0,0,0,0,0,0,0,0,3.6835423,0,0,0
17,8,1,0,1,0,0,0,0,0,0,0,3.5724695,0,0,0
20,11,1,0,0,0,0,0,0,0,0,0,3.5841837,0,0,0
21,12,1,0,3,0,0,0,0,0,0,0,3.975418,0,0,0
22,13,1,0,1,0,0,0,0,0,0,0,3.6635327,0,0,0
20,11,1,0,0,0,0,0,0,0,0,0,3.608695,0,0,0
18,9,1,0,0,0,0,0,0,0,0,0,3.5724313,0,0,0
22,13,1,0,0,0,0,0,0,0,0,0,3.7544417,0,0,0
17,8,1,0,1,0,0,0,0,0,0,0,3.3371754,0,0,0
25,16,1,0,0,0,0,0,0,0,0,0,4.023465,0,0,0
18,9,1,0,0,0,0,0,0,0,0,0,3.4613202,0,0,0
23,14,1,0,0,0,0,0,0,0,0,0,3.5883543,0,0,0
28,19,1,0,0,0,0,0,0,0,0,0,3.9137995,0,0,0
19,10,1,0,0,0,0,0,0,0,0,0,3.4316235,0,0,0
23,14,1,0,0,0,0,0,0,0,0,0,3.2618425,0,0,0
22,13,1,0,0,0,0,0,0,0,0,0,3.7544417,0,0,0
23,14,1,0,0,0,0,0,0,0,0,0,3.522712,0,0,0
23,14,1,0,0,1,0,0,0,0,0,0,3.882045,0,0,0
31,22,1,0,0,0,0,0,0,0,0,0,3.9134007,0,0,0
24,15,1,0,0,0,0,0,0,0,0,0,3.6572683,0,0,0
25,16,1,0,0,0,0,0,0,0,0,0,3.9132698,0,0,0
18,9,1,0,0,0,0,0,0,0,0,0,3.4613202,0,0,0
19,10,1,0,0,0,0,0,0,0,0,0,3.3918927,0,0,0
19,10,1,0,0,0,0,0,0,0,0,0,3.6818807,0,0,0
18,9,1,0,0,0,0,0,0,0,0,0,3.5724313,0,0,0
20,11,1,0,0,0,0,0,0,0,0,0,3.6464393,0,0,0
20,11,1,0,1,0,0,0,0,0,0,0,3.6464393,0,0,0
20,11,1,0,0,0,0,0,0,0,0,0,3.8841836,0,0,0
52,20,24,0,4,0,0,1,0,0,0,0,4.4285364,0,0,1
44,20,16,0,3,0,0,1,0,0,0,0,4.555467,0,0,1
44,20,16,0,2,0,0,1,0,0,0,0,4.624093,0,0,1
44,20,16,0,3,0,0,1,0,0,0,0,4.635235,0,0,1
60,17,35,0,16,1,0,0,0,0,0,0,4.433497,0,1,1
38,17,13,0,12,0,0,0,0,0,0,0,4.451489,0,0,1
37,17,12,0,11,1,0,0,0,0,0,0,4.195676,0,0,1
38,20,10,0,5,0,0,0,0,0,0,0,4.556752,0,0,1
36,15,13,0,12,1,0,0,0,0,0,0,4.371178,0,0,1
41,20,13,0,12,0,0,0,0,0,0,0,4.369032,0,0,1
46,11,27,0,13,0,0,0,0,0,0,0,4.640319,0,0,1
41,17,16,0,2,0,0,0,0,0,0,0,4.305859,0,0,1
44,35,1,0,6,1,0,1,0,0,0,0,4.427975,0,0,1
124,11,1,103,18,0,2,1,0,0,0,0,5.6639752,0,0,1
25,11,6,0,3,0,0,0,0,0,0,0,3.8936608,0,0,1
52,11,15,17,2,2,1,0,0,0,0,0,4.808814,0,0,1
71,8,55,0,18,7,0,0,0,0,0,0,4.7174854,0,0,1
131,15,108,0,18,3,0,1,0,0,0,0,5.4806495,0,0,1
175,15,108,43,22,3,3,1,0,0,0,0,5.5173097,0,0,1
32,19,5,0,0,0,0,1,0,0,0,0,4.0070486,0,0,1
44,20,16,0,0,0,0,1,0,0,0,0,4.635235,0,0,1
44,20,16,0,4,0,0,1,0,0,0,0,4.5897803,0,0,1
44,20,16,0,2,0,0,1,0,0,0,0,4.6523914,0,0,1
44,20,16,0,3,0,0,1,0,0,0,0,4.5726237,0,0,1
25,18,0,0,0,0,0,0,0,0,0,0,4.083856,0,1,1
71,8,55,0,21,7,0,0,0,0,0,0,4.73875,0,0,1
44,35,1,0,0,1,0,1,0,0,0,0,4.2804704,0,0,1
38,16,1,12,1,1,1,0,0,0,0,0,4.504121,0,0,1
34,21,5,0,7,0,0,1,0,0,0,0,4.395999,0,0,1
24,15,1,0,0,1,0,0,0,0,0,0,3.8239348,0,0,1
30,15,7,0,0,1,0,0,0,0,0,0,3.7362435,0,0,1
99,58,1,0,15,5,0,3,0,0,0,0,5.0328403,0,0,1
25,11,6,0,0,0,0,0,0,0,0,0,4.023465,0,0,1
24,15,1,0,0,1,0,0,0,0,0,0,3.8035088,0,0,1
30,15,7,0,0,1,0,0,0,0,0,0,3.7362435,0,0,1
194,27,104,54,40,9,2,2,0,0,0,0,4.8557897,0,0,1
31,22,1,0,0,3,0,0,0,0,0,0,4.0180817,0,0,1
37,22,7,0,0,3,0,0,0,0,0,0,4.0777154,0,0,1
27,18,1,0,0,1,0,0,0,0,0,0,3.884155,0,0,1
70,26,12,0,4,0,1,0,0,1,0,0,4.482506,0,0,1
48,15,25,0,0,0,0,0,0,0,0,0,4.2117095,0,0,1
34,18,8,0,0,0,0,1,0,0,0,0,4.0166874,0,0,1
33,24,1,0,0,1,0,1,0,0,0,0,4.0895524,0,0,1
31,24,0,0,0,1,0,1,0,0,0,0,4.1154866,0,0,1
39,21,10,0,0,0,0,1,0,0,0,0,4.009135,0,0,1
39,12,19,0,8,0,0,0,0,0,0,0,4.573237,0,0,1
36,27,1,0,0,2,0,0,0,0,0,0,4.19716,0,0,1
42,27,7,0,0,2,0,0,0,0,0,0,4.189238,0,0,1
42,18,16,0,3,0,0,1,0,0,0,0,4.3087516,0,0,1
42,18,16,0,3,0,0,1,0,0,0,0,4.374344,0,0,1
27,18,1,0,0,0,0,0,0,0,0,0,3.810081,0,0,1
31,22,1,0,0,0,0,1,0,0,0,0,3.9134007,0,0,1
175,15,108,43,17,1,3,1,0,0,0,0,5.5625763,0,0,1
131,15,108,0,13,1,0,1,0,0,0,0,5.5510254,0,0,1
38,29,1,0,0,0,0,1,0,0,0,0,4.0304365,0,0,1
30,21,1,0,0,1,0,0,0,0,0,0,4.1232314,0,0,1
36,21,7,0,0,1,0,0,0,0,0,0,4.127987,0,0,1
24,11,5,0,0,0,0,0,0,0,0,0,3.8239348,0,0,1
131,15,108,0,15,1,0,1,0,0,0,0,5.601827,0,0,1
175,15,108,43,19,1,3,1,0,0,0,0,5.5930877,0,0,1
36,10,18,0,4,0,0,0,0,0,0,0,4.458546,0,0,1
36,10,18,0,3,0,0,0,0,0,0,0,4.1807685,0,0,1
36,10,18,0,6,0,0,0,0,0,0,0,4.326466,0,0,1
36,10,18,0,5,0,0,0,0,0,0,0,4.5141015,0,0,1
31,22,1,0,0,1,0,0,0,0,0,0,4.1958165,0,0,1
37,22,7,0,0,1,0,0,0,0,0,0,4.195676,0,0,1
36,10,18,0,3,0,0,0,0,0,0,0,4.1943855,0,0,1
36,10,18,0,3,0,0,0,0,0,0,0,4.2709103,0,0,1
36,10,18,0,3,0,0,0,0,0,0,0,4.2709103,0,0,1
36,10,18,0,4,0,0,0,0,0,0,0,4.5141015,0,0,1
36,10,18,0,2,0,0,0,0,0,0,0,4.1042438,0,0,1
37,28,1,0,0,1,0,1,0,0,0,0,4.010412,0,0,1
67,26,33,0,0,1,0,1,0,0,0,0,4.3643985,0,1,1
26,18,1,0,0,0,0,0,0,0,0,0,3.8252518,0,0,1
51,39,4,0,2,0,0,6,0,0,0,0,4.4339695,0,1,1
36,24,4,0,0,0,0,1,0,0,0,0,3.8820214,0,0,1
108,24,76,0,35,0,0,1,0,0,0,0,4.602447,0,0,1
53,41,4,0,0,0,0,6,0,0,0,0,4.4322405,0,1,1
51,39,4,0,0,0,0,6,0,0,0,0,4.311133,0,1,1
24,12,4,0,0,0,0,0,0,0,0,0,3.9182959,0,0,1
28,16,4,0,0,0,0,0,0,0,0,0,3.950212,0,1,1
20,12,0,0,0,0,0,0,0,0,0,0,3.5841837,0,0,1
42,10,24,0,4,0,0,0,0,0,0,0,4.189238,0,0,1
26,14,4,0,0,0,0,0,0,0,0,0,4.1619782,0,0,1
25,14,3,0,0,0,0,0,0,0,0,0,4.2136607,0,0,1
26,14,4,0,0,1,0,0,0,0,0,0,3.9312088,0,0,1
25,14,3,0,0,1,0,0,0,0,0,0,3.9736607,0,0,1
26,18,0,0,1,2,0,0,0,0,0,0,4.0269866,0,0,1
25,18,0,0,0,1,0,0,0,0,0,0,3.9238563,0,0,1
42,34,1,0,4,2,0,1,0,0,0,0,4.311744,0,0,1
38,29,1,0,0,0,0,1,0,0,0,0,3.8592196,0,0,1
201,19,32,141,24,4,5,1,0,0,0,0,4.8781953,0,0,1
175,19,21,126,18,0,5,1,0,0,0,0,4.7953744,0,0,1
177,19,20,129,30,2,5,1,0,0,0,0,4.9747467,0,0,1
201,19,32,141,21,4,5,1,0,0,0,0,4.840189,0,1,1
187,19,25,134,25,2,5,1,0,0,0,0,4.9633946,0,0,1
191,19,29,134,17,4,5,1,0,0,0,0,4.851162,0,0,1
31,22,1,0,0,0,0,1,0,0,0,0,4.0825977,0,0,1
27,18,1,0,0,0,0,1,0,0,0,0,3.986188,0,0,1
39,28,3,0,0,1,0,1,0,0,0,0,4.1991324,0,0,1
40,31,1,0,3,1,0,1,0,0,0,0,4.384184,0,0,1
37,28,1,0,0,1,0,1,0,0,0,0,4.152172,0,0,1
37,28,1,0,0,1,0,1,0,0,0,0,4.172574,0,0,1
207,19,37,142,26,4,5,1,0,0,0,0,4.822045,0,1,1
177,19,20,129,20,2,5,1,0,0,0,0,4.8233495,0,0,1
191,19,27,136,29,4,5,1,0,0,0,0,4.8107915,0,0,1
36,27,1,0,0,0,0,1,0,0,0,0,4.1070175,0,0,1
40,31,1,0,0,0,0,1,0,0,0,0,4.043943,0,0,1
185,19,24,133,15,2,5,1,0,0,0,0,4.7966285,0,0,1
46,37,1,0,6,2,0,1,0,0,0,0,4.441509,0,0,1
39,30,1,0,6,2,0,1,0,0,0,0,4.278115,0,0,1
38,29,1,0,0,0,0,1,0,0,0,0,4.113206,0,0,1
121,15,61,36,14,4,2,1,0,0,0,0,5.20745,0,0,1
47,38,1,0,6,2,0,1,0,0,0,0,4.3315263,0,0,1
76,25,1,41,23,1,2,1,0,0,0,0,4.90913,0,0,1
76,25,1,41,24,1,2,1,0,0,0,0,4.8741956,0,0,1
40,17,15,0,1,0,0,1,0,0,0,0,4.3341837,0,0,1
40,17,15,0,0,0,0,1,0,0,0,0,4.043943,0,0,1
37,28,1,0,0,3,0,1,0,0,0,0,4.0369105,0,0,1
69,15,47,0,30,1,0,0,0,0,0,0,4.7441916,0,0,1
73,20,46,0,30,1,0,0,0,0,0,0,4.6601706,0,0,1
142,16,24,94,2,0,5,1,0,1,0,0,4.694169,0,0,1
21,12,1,0,0,0,0,0,0,0,0,0,3.88018,0,0,1
28,12,1,6,0,0,1,0,0,0,0,0,4.253434,0,0,1
37,20,9,0,2,1,0,1,0,0,0,0,4.3241863,0,0,1
29,20,1,0,1,1,0,1,0,0,0,0,4.116265,0,0,1
26,12,6,0,0,0,0,0,0,0,0,0,4.132944,0,1,1
24,15,1,0,0,2,0,0,0,0,0,0,3.7720551,0,0,1
30,15,7,0,0,2,0,0,0,0,0,0,3.8314018,0,0,1
28,21,0,0,6,1,0,0,0,0,0,0,4.450212,0,0,1
27,18,1,0,0,2,0,0,0,0,0,0,4.0323033,0,0,1
33,18,7,0,0,2,0,0,0,0,0,0,4.006071,0,0,1
38,20,10,0,0,0,0,1,0,0,0,0,4.010571,0,0,1
36,24,4,0,0,1,0,1,0,0,0,0,3.9931326,0,1,1
43,31,4,0,0,1,0,1,0,0,0,0,3.8734531,0,0,1
41,29,4,0,0,1,0,1,0,0,0,0,3.793187,0,0,1
34,22,4,0,0,0,0,1,0,0,0,0,3.8887897,0,0,1
51,33,10,0,0,1,0,1,0,0,0,0,4.1215706,0,0,1
38,25,5,0,0,0,0,1,0,0,0,0,3.8328106,0,1,1
36,24,4,0,0,0,0,1,0,0,0,0,3.8373091,0,1,1
49,37,4,0,0,4,0,1,0,0,0,0,4.149925,0,0,1
39,27,4,0,0,0,0,1,0,0,0,0,3.9646387,0,0,1
40,27,5,0,0,1,0,1,0,0,0,0,4.0964394,0,0,1
35,23,4,0,0,1,0,1,0,0,0,0,3.9217212,0,1,1
39,27,4,0,0,2,0,1,0,0,0,0,3.9846573,0,0,1
45,36,1,0,0,6,0,1,0,0,0,0,4.037944,0,0,1
55,46,1,0,0,11,0,1,0,0,0,0,4.013814,0,0,1
43,34,1,0,0,3,0,1,0,0,0,0,4.2663975,0,0,1
52,43,1,0,0,8,0,1,0,0,0,0,4.0866675,0,1,1
31,22,1,0,0,0,0,1,0,0,0,0,4.042433,0,0,1
52,43,1,0,0,6,0,1,0,0,0,0,4.1181192,0,1,1
35,26,1,0,0,0,0,1,0,0,0,0,4.2861466,0,1,1
43,34,1,0,13,0,0,1,0,0,0,0,4.058963,0,0,1
50,41,1,0,0,3,0,1,0,0,0,0,4.2961745,0,0,1
37,28,1,0,0,0,0,1,0,0,0,0,4.0236616,0,0,1
40,31,1,0,3,1,0,1,0,0,0,0,4.3464394,0,1,1
47,38,1,0,0,0,0,1,0,0,0,0,4.1786094,0,0,1
52,43,1,0,6,0,0,1,0,0,0,0,4.3123474,0,0,1
52,43,1,0,6,0,0,1,0,0,0,0,4.2738857,0,0,1
51,42,1,0,5,0,0,1,0,0,0,0,4.2571154,0,0,1
40,31,1,0,3,1,0,1,0,0,0,0,4.2653117,0,0,1
33,24,1,0,0,0,0,1,0,0,0,0,4.043802,0,0,1
33,24,1,0,0,1,0,1,0,0,0,0,4.2107644,0,0,1
33,24,1,0,0,2,0,1,0,0,0,0,4.006071,0,0,1
33,24,1,0,0,0,0,1,0,0,0,0,3.8471282,0,0,1
40,31,1,0,0,0,0,1,0,0,0,0,4.153702,0,0,1
45,36,1,0,5,3,0,1,0,0,0,0,4.30554,0,0,1
35,26,1,0,3,0,0,1,0,0,0,0,4.278585,0,0,1
26,17,1,0,0,0,0,1,0,0,0,0,3.9790978,0,0,1
35,26,1,0,0,2,0,1,0,0,0,0,4.300153,0,0,1
48,24,16,0,0,0,0,1,0,0,0,0,3.9489348,0,0,1
31,22,1,0,0,1,0,1,0,0,0,0,4.2603326,0,0,1
30,21,1,0,5,1,0,1,0,0,0,0,4.3483944,0,0,1
72,63,1,0,0,4,0,1,0,0,0,0,4.2788835,0,0,1
42,33,1,0,0,2,0,1,0,0,0,0,4.118275,0,0,1
59,50,1,0,0,4,0,1,0,0,0,0,4.461045,0,0,1
39,21,10,0,2,2,0,1,0,0,0,0,4.231058,0,0,1
29,20,1,0,0,0,0,1,0,0,0,0,3.9952378,0,0,1
55,46,1,0,0,0,0,1,0,0,0,0,3.9538672,0,0,1
26,17,1,0,4,0,0,1,0,0,0,0,4.2867904,0,0,1
26,17,1,0,2,0,0,1,0,0,0,0,4.10391,0,0,1
47,38,1,0,7,4,0,1,0,0,0,0,4.442575,0,0,1
39,30,1,0,2,0,0,1,0,0,0,0,4.297471,0,0,1
36,27,1,0,0,0,0,1,0,0,0,0,3.9539683,0,0,1
44,35,1,0,0,3,0,1,0,0,0,0,4.2827396,0,0,1
45,36,1,0,12,3,0,1,0,0,0,0,4.339091,0,0,1
41,32,1,0,0,2,0,1,0,0,0,0,4.241102,0,0,1
45,36,1,0,5,0,0,1,0,0,0,0,4.4665427,0,0,1
48,29,11,0,13,1,0,1,0,0,0,0,4.407268,0,0,1
38,29,1,0,0,0,0,1,0,0,0,0,4.1684656,0,0,1
39,30,1,0,0,0,0,1,0,0,0,0,4.509385,0,0,1
27,18,1,0,0,0,0,1,0,0,0,0,4.134336,0,0,1
46,37,1,0,15,0,0,1,0,0,0,0,4.2019534,0,0,1
33,24,1,0,4,0,0,1,0,0,0,0,4.392583,0,0,1
29,22,0,0,5,0,0,1,0,0,0,0,4.1422954,0,0,1
30,12,10,0,8,0,0,0,0,0,0,0,4.189898,0,0,1
256,28,115,105,16,2,1,1,0,0,0,0,5.236487,0,0,1
257,28,115,105,16,2,1,1,0,0,0,0,5.235944,0,0,1
225,26,15,154,24,3,1,2,0,0,0,0,5.850979,0,0,1
58,20,30,0,0,1,0,1,0,0,0,0,4.0787835,0,0,1
70,32,30,0,5,2,0,2,0,0,0,0,4.504303,0,1,1
52,21,23,0,4,0,0,2,0,0,0,0,4.3469677,0,0,1
53,21,24,0,4,0,0,2,0,0,0,0,4.3263984,0,0,1
64,21,35,0,4,0,0,2,0,0,0,0,4.417184,0,0,1
86,33,45,0,7,3,0,1,0,0,0,0,5.1337237,0,0,1
52,33,11,0,0,0,0,1,0,0,0,0,4.231139,0,0,1
30,22,1,0,5,0,0,1,0,0,0,0,4.1232314,0,0,1
33,26,0,0,0,1,0,1,0,0,0,0,3.7148697,0,0,1
35,26,1,0,0,1,0,1,0,0,0,0,3.704303,0,0,1
69,21,1,38,4,1,1,1,0,0,0,0,5.0920177,0,1,1
34,18,8,0,0,0,0,1,0,0,0,0,4.278352,0,0,1
59,21,8,21,17,0,1,1,0,0,0,0,4.7744384,0,0,1
48,12,1,26,3,0,1,0,0,0,0,0,4.907268,0,0,1
38,19,11,0,0,1,0,1,0,0,0,0,4.378992,0,0,1
27,18,1,0,0,2,0,0,0,0,0,0,4.0323033,0,0,1
33,18,7,0,0,2,0,0,0,0,0,0,4.006071,0,0,1
53,41,4,0,3,0,0,6,0,0,0,0,4.4607267,0,1,1
31,11,12,0,0,0,0,0,0,0,0,0,4.168244,1,0,1
38,29,1,0,0,0,0,1,0,0,0,0,4.155565,0,0,1
39,30,1,0,0,0,0,1,0,0,0,0,4.131055,0,0,1
38,29,1,0,0,0,0,1,0,0,0,0,4.0959687,0,0,1
37,28,1,0,0,1,0,1,0,0,0,0,4.1752734,0,0,1
41,8,25,0,0,0,0,0,0,0,0,1,3.9484193,0,0,1
41,8,25,0,0,0,0,0,0,0,0,1,4.0156116,0,0,1
61,15,38,0,1,0,0,0,0,0,0,0,4.2778044,0,1,1
41,8,25,0,0,0,0,0,0,0,0,1,4.0156116,0,0,1
67,16,43,0,0,2,0,0,0,0,0,0,4.3461595,0,0,1
43,34,1,0,0,0,0,1,0,0,0,0,4.20233,0,1,1
94,7,65,0,11,0,1,0,0,1,0,0,4.868656,0,0,1
194,29,1,155,26,2,4,1,0,0,0,0,5.4738517,0,0,1
78,69,1,0,25,6,0,2,0,0,0,0,4.649659,0,0,1
26,17,1,0,0,0,0,1,0,0,0,0,3.9021747,0,0,1
33,26,0,0,0,2,0,1,0,0,0,0,3.9077342,0,0,1
38,31,0,0,0,2,0,1,0,0,0,0,4.0632024,0,1,1
35,28,0,0,0,2,0,1,0,0,0,0,3.8832934,0,0,1
36,29,0,0,0,3,0,1,0,0,0,0,4.0304933,0,0,1
40,8,24,0,4,0,0,0,0,0,0,0,4.0275674,0,0,1
42,10,24,0,4,0,0,0,0,0,0,0,4.0643544,0,0,1
79,70,1,0,25,6,0,2,0,0,0,0,4.8161473,0,0,1
33,24,1,0,0,2,0,1,0,0,0,0,4.127283,0,0,1
31,24,0,0,0,2,0,1,0,0,0,0,4.1313004,0,0,1
35,26,1,0,1,1,0,1,0,0,0,0,4.0715814,0,0,1
33,26,0,0,1,1,0,1,0,0,0,0,4.066677,0,0,1
34,25,1,0,0,1,0,1,0,0,0,0,3.9368918,0,0,1
32,25,0,0,0,1,0,1,0,0,0,0,3.9261086,0,0,1
20,5,7,0,0,0,0,0,0,0,0,0,3.7841837,0,0,1
37,28,1,0,0,1,0,1,0,0,0,0,4.3241863,0,0,1
42,34,1,0,4,2,0,1,0,0,0,0,4.311744,0,0,1
32,25,0,0,0,2,0,1,0,0,0,0,3.9139097,0,0,1
34,25,1,0,0,2,0,1,0,0,0,0,3.984234,0,0,1
38,29,1,0,0,1,0,1,0,0,0,0,3.9053078,0,0,1
36,29,0,0,0,1,0,1,0,0,0,0,3.8847954,0,0,1
34,27,0,0,0,1,0,1,0,0,0,0,3.9957154,0,0,1
36,27,1,0,0,1,0,1,0,0,0,0,4.00675,0,0,1
22,6,8,0,1,0,0,0,0,0,0,0,3.845351,1,0,1
29,16,5,0,0,0,0,0,0,0,0,0,3.9353986,0,0,1
25,16,1,0,0,0,0,0,0,0,0,0,3.7336607,0,0,1
43,16,19,0,0,0,0,0,0,0,0,0,3.9873276,0,0,1
34,25,1,0,6,0,0,1,0,0,0,0,4.2561493,0,0,1
41,31,2,0,19,0,0,1,0,0,0,1,4.1530623,0,0,1
44,36,1,0,19,1,0,1,0,0,0,0,4.3453507,0,0,1
45,36,1,0,19,1,0,1,0,0,0,0,4.3223157,0,0,1
43,36,0,0,0,0,0,1,0,0,0,0,3.9057047,0,0,1
45,36,1,0,0,0,0,1,0,0,0,0,3.9332094,0,0,1
82,45,29,0,18,5,0,1,0,0,0,0,4.620727,0,0,1
34,25,1,0,0,2,0,0,0,0,0,0,4.094097,0,0,1
40,25,7,0,0,2,0,0,0,0,0,0,4.139823,0,0,1
40,31,1,0,19,0,0,1,0,0,0,0,4.1898227,0,0,1
39,30,1,0,18,0,0,1,0,0,0,0,4.316827,0,0,1
23,14,1,0,0,0,0,0,0,0,0,0,3.8492239,0,0,1
27,18,1,0,0,0,0,1,0,0,0,0,3.9302704,0,0,1
26,18,0,0,7,0,0,1,0,0,0,0,3.9790978,0,0,1
24,15,1,0,0,0,0,0,0,0,0,0,3.8553886,0,0,1
28,19,1,0,0,0,0,1,0,0,0,0,3.94076,0,0,1
59,50,1,0,13,3,0,1,0,0,0,0,4.4859715,0,0,1
57,50,0,0,13,3,0,1,0,0,0,0,4.4706316,0,0,1
35,26,1,0,0,2,0,0,0,0,0,0,4.150293,0,0,1
41,26,7,0,0,2,0,0,0,0,0,0,4.125129,0,0,1
121,26,92,0,12,12,0,1,0,0,1,0,4.5564775,0,0,1
44,36,1,0,6,3,0,1,0,0,0,0,4.3825207,0,0,1
47,34,5,0,0,0,0,1,0,0,0,0,4.091378,0,0,1
131,15,108,0,12,1,0,1,0,0,0,0,5.606332,0,0,1
32,23,1,0,0,0,0,1,0,0,0,0,3.753928,0,0,1
175,15,108,43,18,2,3,1,0,0,0,0,5.6071854,0,0,1
131,15,108,0,18,1,0,1,0,0,0,0,5.5074415,0,0,1
131,15,108,0,14,2,0,1,0,0,0,0,5.591684,0,0,1
175,15,108,43,15,5,3,1,0,0,0,0,5.542066,0,0,1
37,28,1,0,13,0,0,1,0,0,0,0,4.003259,0,0,1
131,15,108,0,11,5,0,1,0,0,0,0,5.498699,0,0,1
53,45,0,0,10,3,0,2,0,0,0,0,4.78878,0,0,1
29,18,3,0,0,1,0,1,0,0,0,0,4.090234,0,0,1
30,18,4,0,0,1,0,1,0,0,0,0,4.056565,0,0,1
35,26,1,0,0,0,0,1,0,0,0,0,4.229004,0,1,1
32,24,0,0,1,0,0,1,0,0,0,0,4.1403193,0,0,1
47,38,1,0,0,0,0,0,0,0,0,0,3.9559627,0,0,1
34,25,1,0,0,0,0,0,0,0,0,0,3.7719023,0,0,1
34,26,0,0,0,0,0,0,0,0,0,0,3.6090903,0,0,1
79,70,1,0,23,6,0,2,0,0,0,0,4.689565,0,0,1
75,24,1,41,21,1,2,1,0,0,0,0,4.760299,0,0,1
33,24,1,0,0,0,0,1,0,0,0,0,3.9603202,0,0,1
44,35,1,0,6,1,0,1,0,0,0,0,4.4734297,0,0,1
82,39,1,33,15,0,1,1,0,0,0,0,5.1679316,0,0,1
338,30,16,283,32,1,10,1,0,0,0,0,5.5632463,0,0,1
27,18,1,0,0,1,0,0,0,0,0,0,3.8380399,0,0,1
34,11,15,0,2,1,0,0,0,0,0,0,3.8192446,0,0,1
78,69,1,0,25,6,0,2,0,0,0,0,4.8459415,0,0,1
1186,32,101,1045,216,0,1,1,0,0,0,0,4.9025674,0,0,1
1123,18,52,1045,215,0,1,1,0,0,0,0,4.7821407,0,0,1
29,18,3,0,0,1,0,1,0,0,0,0,3.8833375,0,0,1
30,18,4,0,0,1,0,1,0,0,0,0,3.8565648,0,0,1
40,6,26,0,0,1,0,0,0,0,0,0,4.1586947,0,0,1
32,23,1,0,0,2,0,0,0,0,0,0,4.22641,0,0,1
42,15,19,0,0,0,0,1,0,0,0,0,4.2728043,0,0,1
28,21,0,0,0,1,0,1,0,0,0,0,4.110577,0,0,1
41,26,7,0,0,0,0,1,0,0,0,0,3.9763522,0,0,1
28,19,1,0,0,2,0,0,0,0,0,0,3.824863,0,0,1
34,19,7,0,0,2,0,0,0,0,0,0,3.8443844,0,0,1
34,25,1,0,0,2,0,0,0,0,0,0,3.8810055,0,1,1
104,24,1,70,15,0,2,1,0,0,0,0,5.185393,0,0,1
24,16,1,0,5,0,0,1,0,0,0,0,4.0535088,0,0,1
35,26,1,0,0,3,0,0,0,0,0,0,4.0500135,0,0,1
45,36,1,0,1,3,0,1,0,0,0,0,4.1831007,0,0,1
41,26,7,0,0,3,0,0,0,0,0,0,4.1226935,0,0,1
43,15,20,0,15,0,0,1,0,0,0,0,4.2801204,0,0,1
175,15,108,43,19,2,3,1,0,0,0,0,5.577254,0,0,1
27,18,1,0,0,2,0,0,0,0,0,0,4.060262,0,0,1
33,18,7,0,0,2,0,0,0,0,0,0,4.066677,0,0,1
39,30,1,0,3,0,0,1,0,0,0,0,4.2336187,0,0,1
131,15,108,0,15,2,0,1,0,0,0,0,5.5815387,0,0,1
131,15,108,0,18,1,0,1,0,0,0,0,5.4065795,0,0,1
175,15,108,43,22,1,3,1,0,0,0,0,5.42944,0,0,1
22,13,1,0,0,0,0,0,0,0,0,0,3.845351,0,0,1
20,13,0,0,0,0,0,0,0,0,0,0,3.7841837,0,0,1
44,37,0,0,8,2,0,1,0,0,0,0,4.464558,0,0,1
30,23,0,0,0,1,0,0,0,0,0,0,3.9395723,0,0,1
75,24,1,41,24,1,2,1,0,0,0,0,4.8131113,0,0,1
249,25,127,89,15,5,1,1,0,0,0,0,5.185963,0,0,1
199,19,31,140,34,6,5,1,0,0,0,0,4.888256,0,0,1
207,19,37,142,25,4,5,1,0,0,0,0,4.8525453,0,1,1
40,16,16,0,15,0,0,1,0,0,0,0,4.2464395,0,0,1
38,29,1,0,6,2,0,1,0,0,0,0,4.1857033,0,0,1
201,19,32,141,19,6,5,1,0,0,0,0,4.8705025,0,0,1
25,11,6,0,2,0,0,0,0,0,0,0,3.7034652,0,0,1
23,11,1,2,1,0,1,1,0,0,0,0,3.5013978,0,0,1
35,26,1,0,0,2,0,1,0,0,0,0,4.0144386,0,0,1
33,24,1,0,0,2,0,1,0,0,0,0,3.9454648,0,0,1
28,20,0,0,0,1,0,1,0,0,0,0,3.9946804,0,0,1
28,20,0,0,0,1,0,1,0,0,0,0,3.9232519,0,0,1
35,27,0,0,1,2,0,1,0,0,0,0,4.0687284,0,0,1
33,25,0,0,0,1,0,1,0,0,0,0,4.0895524,0,0,1
32,24,0,0,0,1,0,1,0,0,0,0,3.9650183,0,0,1
34,26,0,0,0,2,0,1,0,0,0,0,3.9735126,0,0,1
33,25,0,0,0,1,0,1,0,0,0,0,3.9801693,0,0,1
32,24,0,0,0,2,0,1,0,0,0,0,4.0153193,0,0,1
34,26,0,0,0,2,0,1,0,0,0,0,4.0796785,0,0,1
51,21,22,0,12,3,0,0,0,0,0,0,4.4411707,0,0,1
20,5,7,0,0,0,0,0,0,0,0,0,3.8841836,1,0,1
59,50,1,0,2,5,0,1,0,0,0,0,4.3524623,0,0,1
30,22,0,0,0,0,0,0,0,0,0,0,3.60291,0,0,1
34,15,11,0,1,1,0,1,0,0,0,0,4.1607046,0,0,1
35,14,13,0,0,0,0,0,0,0,0,0,4.036007,0,0,1
32,23,1,0,6,0,0,2,0,0,0,0,4.155639,0,0,1
32,23,1,0,0,2,0,1,0,0,0,0,3.9650183,0,1,1
47,26,13,0,3,0,0,0,0,0,0,0,4.339282,0,1,1
31,22,1,0,0,0,0,0,0,0,0,0,3.756796,0,0,1
37,22,7,0,1,1,0,1,0,0,0,0,4.0335135,0,0,1
37,22,7,0,1,2,0,1,0,0,0,0,4.1752734,0,0,1
46,37,1,0,0,0,0,1,0,0,0,0,4.085758,0,0,1
36,10,18,0,5,0,0,0,0,0,0,0,4.5141015,0,0,1
38,23,7,0,1,3,0,1,0,0,0,0,4.155565,0,0,1
36,10,18,0,5,0,0,0,0,0,0,0,4.548688,0,0,1
40,31,1,0,6,2,0,1,0,0,0,0,4.3341837,0,0,1
36,10,18,0,5,0,0,0,0,0,0,0,4.326466,0,0,1
36,10,18,0,7,0,0,0,0,0,0,0,4.416608,0,0,1
36,10,18,0,6,0,0,0,0,0,0,0,4.4721637,0,0,1
268,12,159,89,14,4,1,0,0,0,0,0,5.2026863,0,0,1
111,7,65,30,14,1,1,0,0,0,0,0,4.8942075,0,0,1
36,10,18,0,5,0,0,0,0,0,0,0,4.6042438,0,0,1
36,10,18,0,6,0,0,0,0,0,0,0,4.5141015,0,0,1
36,10,18,0,5,0,0,0,0,0,0,0,4.3582783,0,0,1
41,28,5,0,0,1,0,1,0,0,0,0,3.8289902,0,0,1
42,29,5,0,0,1,0,1,0,0,0,0,3.9011462,0,0,1
27,13,6,0,0,0,0,0,0,0,0,0,3.6484318,0,1,1
66,32,27,0,4,4,0,1,0,0,0,0,4.5444894,0,0,1
22,13,1,0,0,0,0,0,0,0,0,0,3.4251184,0,0,1
38,29,1,0,0,2,0,1,0,0,0,0,3.77645,0,0,1
37,29,1,0,0,2,0,1,0,0,0,0,3.694883,0,0,1
81,18,55,0,0,0,0,1,0,0,0,0,4.1684856,0,0,1
36,19,9,0,0,0,0,1,0,0,0,0,3.9329994,0,0,1
61,25,28,0,0,1,0,0,0,0,0,0,4.2879014,0,0,1
38,30,0,0,0,2,0,1,0,0,0,0,4.2210975,0,0,1
32,23,1,0,1,0,0,1,0,0,0,0,3.9650183,0,0,1
37,29,0,0,1,4,0,1,0,0,0,0,4.046763,0,0,1
72,27,16,20,18,3,1,1,0,0,0,0,4.7802706,0,1,1
37,29,0,0,1,3,0,1,0,0,0,0,4.1317697,0,0,1
38,30,0,0,1,3,0,1,0,0,0,0,4.0959687,0,0,1
41,33,0,0,1,1,0,1,0,0,0,0,4.176909,0,1,1
35,27,0,0,1,2,0,1,0,0,0,0,4.0687284,0,0,1
33,25,0,0,1,2,0,1,0,0,0,0,4.006071,0,0,1
56,48,1,0,8,2,0,1,0,0,0,0,4.3592553,0,0,1
35,27,0,0,1,3,0,1,0,0,0,0,4.0902963,0,0,1
36,28,0,0,1,2,0,1,0,0,0,0,4.2181287,0,0,1
36,28,0,0,0,2,0,1,0,0,0,0,4.0378447,0,0,1
37,29,0,0,1,3,0,1,0,0,0,0,4.1317697,0,0,1
39,31,0,0,1,3,0,1,0,0,0,0,4.201693,0,0,1
33,24,1,0,0,4,0,0,0,0,0,0,4.0289464,0,0,1
44,24,12,0,0,4,0,0,0,0,0,0,4.0726237,0,0,1
22,13,1,0,0,0,0,0,0,0,0,0,3.6635327,0,0,1
22,13,1,0,0,0,0,0,0,0,0,0,3.697846,0,0,1
77,17,16,35,8,0,2,0,0,0,0,0,4.782414,0,0,1
72,38,26,0,4,1,3,2,0,1,0,0,4.978972,0,0,1
24,15,1,0,0,1,0,0,0,0,0,0,3.8553886,0,0,1
28,19,1,0,0,1,0,1,0,0,0,0,3.94076,0,0,1
28,9,11,0,1,0,0,0,0,0,0,0,4.1550455,0,0,1
43,14,21,0,15,0,0,1,0,0,0,0,4.257319,0,0,1
30,21,1,0,1,0,0,1,0,0,0,0,4.0980687,0,0,1
41,32,1,0,6,2,0,1,0,0,0,0,4.287447,0,0,1
67,24,1,33,14,0,1,1,0,0,0,0,4.989388,0,0,1
63,21,1,32,2,0,2,1,0,1,0,0,4.418854,0,0,1
236,61,16,126,21,5,3,3,0,0,0,0,5.575695,0,0,1
76,23,1,43,2,0,2,0,0,0,0,0,5.070507,0,0,1
42,34,1,0,6,1,0,1,0,0,0,0,4.20091,0,0,1
257,11,113,125,15,3,1,0,0,0,0,0,5.3812666,0,0,1
215,21,97,89,13,1,1,0,0,0,0,0,5.1956787,0,0,1
175,26,36,105,17,3,1,1,0,0,0,0,5.431539,0,0,1
80,31,1,39,1,0,2,0,0,0,0,0,5.0705137,0,0,1
226,11,98,109,15,3,1,0,0,0,0,0,5.3553514,0,0,1
74,29,37,0,12,7,0,1,0,0,0,0,4.570261,0,0,1
32,23,1,0,0,2,0,0,0,0,0,0,4.1403193,0,0,1
32,12,12,0,1,1,0,0,0,0,0,0,4.0778193,0,0,1
38,23,7,0,0,2,0,0,0,0,0,0,4.155565,0,0,1
50,16,26,0,2,0,0,1,0,0,0,0,4.3512726,0,0,1
364,165,160,102,18,4,6,1,0,1,1,0,5.7967367,0,0,1
26,18,0,0,1,1,0,1,0,0,0,0,3.8731406,0,0,1
280,39,111,129,7,4,7,1,0,1,1,0,5.396152,0,0,1
61,63,14,0,0,0,1,1,0,1,1,0,4.6889567,0,0,1
38,31,0,0,6,2,0,1,0,0,0,0,4.2935944,0,0,1
40,31,1,0,6,2,0,1,0,0,0,0,4.3464394,0,0,1
274,107,139,59,15,2,4,1,0,1,1,0,5.541165,0,1,1
38,14,1,14,3,1,1,0,0,0,0,0,4.3462257,0,0,1
70,73,13,0,0,0,1,1,0,1,1,0,4.791444,0,0,1
26,18,0,0,1,1,0,1,0,0,0,0,3.8731406,0,0,1
36,27,1,0,1,1,0,1,0,0,0,0,4.2946534,0,0,1
67,67,16,0,0,0,1,1,0,1,1,0,4.704024,0,0,1
40,8,24,0,4,0,0,0,0,0,0,0,4.2153115,0,0,1
189,21,15,144,77,0,3,0,0,1,0,0,4.9085093,0,0,1
268,71,87,125,12,2,7,1,0,1,1,0,5.5948544,0,1,1
231,68,113,65,13,2,4,1,0,1,1,0,5.60158,0,1,1
271,69,158,59,20,1,5,1,0,1,1,0,5.666843,0,0,1
255,71,141,58,16,0,4,1,0,1,1,0,5.6388717,0,0,1
126,11,22,85,12,1,1,0,0,0,0,0,5.3473473,0,0,1
99,58,1,0,14,5,0,3,0,0,0,0,5.1092186,0,0,1
49,19,22,0,12,3,0,0,0,0,0,0,4.4302382,0,0,1
97,16,16,57,15,0,1,1,0,0,0,0,5.111482,0,0,1
201,82,83,59,6,1,4,1,0,1,1,0,5.452079,0,1,1
304,89,159,79,16,2,5,1,0,1,1,0,5.4883075,0,0,1
262,109,96,88,15,0,6,1,0,1,1,0,5.6184173,0,0,1
44,36,0,0,6,2,0,1,0,0,0,0,4.3908052,0,0,1
132,15,108,0,16,4,1,1,0,0,0,0,5.6201944,0,0,1
40,8,24,0,4,0,0,0,0,0,0,0,4.1061983,0,0,1
194,75,80,54,9,3,4,1,0,1,1,0,5.6044703,0,0,1
42,24,10,0,0,0,0,0,0,0,0,0,4.2844763,0,0,1
41,24,9,0,0,0,0,0,0,0,0,0,4.3018394,0,0,1
34,25,1,0,0,1,0,1,0,0,0,0,3.8366003,0,0,1
32,23,1,0,0,1,0,1,0,0,0,0,3.9528196,0,0,1
36,27,1,0,0,2,0,1,0,0,0,0,3.8928647,0,0,1
37,28,1,0,0,2,0,1,0,0,0,0,4.1752734,0,1,1
36,27,1,0,0,2,0,1,0,0,0,0,4.120635,0,1,1
35,26,1,0,0,0,0,1,0,0,0,0,3.9328744,0,1,1
37,28,1,0,0,2,0,1,0,0,0,0,3.9254055,0,1,1
28,19,1,0,0,0,0,1,0,0,0,0,4.039149,0,0,1
35,26,1,0,0,2,0,1,0,0,0,0,3.861725,0,0,1
39,30,1,0,0,2,0,1,0,0,0,0,4.079773,0,0,1
39,11,20,0,3,0,0,0,0,0,0,0,3.9333751,0,0,1
58,19,28,2,8,0,1,0,0,0,0,0,4.6944647,0,0,1
42,20,14,0,8,1,0,0,0,0,0,0,4.6061378,0,0,1
50,32,10,0,0,2,0,1,0,0,0,0,4.1557837,0,0,1
42,33,1,0,5,1,0,2,0,0,0,0,4.3797145,0,0,1
40,31,1,0,3,0,0,2,0,0,0,0,4.1750703,0,0,1
40,24,8,0,0,0,0,1,0,0,0,0,4.046439,0,0,1
57,39,12,0,5,2,1,3,0,0,1,0,4.297398,0,0,1
61,18,35,0,0,0,0,1,0,0,0,0,4.1068296,0,0,1
50,17,25,0,0,0,0,1,0,0,0,0,4.1879764,0,0,1
32,13,11,0,0,0,0,0,0,0,0,0,3.6883073,0,0,1
89,23,38,19,11,0,1,0,0,0,0,0,4.707665,0,0,1
55,19,28,0,0,1,0,1,0,0,0,0,4.23555,0,1,1
81,19,34,19,11,1,1,1,0,0,0,0,4.693771,0,0,1
59,50,1,0,0,5,0,2,0,0,0,0,4.271325,0,1,1
45,24,13,0,2,0,0,1,0,0,0,0,4.34131,0,1,1
47,33,6,0,0,0,0,1,0,0,0,0,4.0622706,0,0,1
62,33,21,0,0,0,0,1,0,0,0,0,4.210436,0,0,1
54,33,13,0,0,0,0,1,0,0,0,0,4.018802,0,0,1
51,13,30,0,11,2,0,0,0,0,0,0,4.4296002,0,1,1
99,21,76,0,9,0,0,2,0,0,1,0,4.754054,0,0,1
60,31,21,0,0,0,0,1,0,0,0,0,4.273336,0,0,1
29,10,11,0,1,1,0,0,0,0,0,0,3.8664331,0,0,1
30,10,12,0,1,1,0,0,0,0,0,0,3.840224,0,0,1
114,15,13,77,2,2,3,0,0,0,0,0,4.6404724,0,0,1
70,27,14,20,15,3,1,1,0,0,0,0,4.7267,0,1,1
54,17,29,0,9,0,0,1,0,0,0,0,4.870176,0,0,1
44,21,15,0,0,2,0,1,0,0,0,0,4.157518,0,0,1
59,30,5,15,11,3,1,2,0,0,0,0,4.7744384,0,0,1
40,31,1,0,6,2,0,1,0,0,0,0,4.3153114,0,0,1
216,24,114,69,11,2,1,1,0,0,0,0,5.4288754,0,1,1
42,25,4,4,1,0,1,1,0,0,0,0,4.3180456,0,0,1
20,6,6,0,0,0,0,0,0,0,0,0,3.7464395,0,0,1
62,32,22,0,14,2,0,1,0,0,0,0,4.6938906,0,1,1
46,33,5,0,0,2,0,1,0,0,0,0,3.9793105,0,0,1
53,27,11,0,0,0,1,1,0,0,0,0,4.3802614,0,0,1
23,4,11,0,0,0,0,0,0,0,0,0,4.023137,1,0,1
36,27,1,0,1,0,0,2,0,0,0,0,3.8537006,0,0,1
42,27,7,0,1,0,0,2,0,0,0,0,3.7903123,0,0,1
23,4,11,0,1,0,0,0,0,0,0,0,3.9361804,1,0,1
67,29,30,0,15,0,0,1,0,0,0,0,4.710955,0,1,1
68,29,31,0,15,0,0,1,0,0,0,0,4.6991744,0,1,1
23,4,11,0,1,0,0,0,0,0,0,0,3.7950885,1,0,1
30,21,1,0,0,0,0,1,0,0,0,0,3.9110806,0,0,1
47,38,1,0,0,0,0,1,0,0,0,0,4.24642,0,0,1
43,34,1,0,6,2,0,1,0,0,0,0,4.507433,0,0,1
38,29,1,0,6,2,0,1,0,0,0,0,4.108869,0,0,1
45,36,1,0,12,3,0,1,0,0,0,0,4.4025297,0,0,1
42,33,1,0,4,2,0,1,0,0,0,0,4.445307,0,0,1
44,24,12,0,3,0,0,1,0,0,0,0,4.2976265,0,0,1
44,24,12,0,3,0,0,1,0,0,0,0,4.252172,0,0,1
83,15,60,0,6,0,0,1,0,0,0,0,5.2561474,0,0,1
88,15,65,0,6,0,0,1,0,0,0,0,5.222295,0,0,1
120,8,32,71,10,0,1,0,0,0,0,0,5.2898464,0,0,1
84,15,61,0,8,0,0,1,0,0,0,0,4.9691167,0,0,1
84,15,61,0,5,0,0,1,0,0,0,0,5.1479206,0,0,1
84,15,61,0,4,0,0,1,0,0,0,0,5.1314435,0,0,1
84,15,61,0,7,1,0,1,0,0,0,0,5.115432,0,0,1
84,15,61,0,14,1,0,1,0,0,0,0,5.0774903,0,0,1
84,15,61,0,6,0,0,1,0,0,0,0,5.181715,0,0,1
84,15,61,0,8,0,0,1,0,0,0,0,5.0857863,0,0,1
84,15,61,0,4,0,0,1,0,0,0,0,5.163051,0,0,1
84,15,61,0,12,0,0,1,0,0,0,0,5.1267962,0,0,1
84,15,61,0,5,0,0,1,0,0,0,0,5.008522,0,0,1
84,15,61,0,6,1,0,1,0,0,0,0,5.165704,0,0,1
84,15,61,0,8,0,0,1,0,0,0,0,5.0721526,0,0,1
84,15,61,0,9,1,0,1,0,0,0,0,5.201376,0,0,1
84,15,61,0,4,1,0,1,0,0,0,0,5.201683,0,0,1
84,15,61,0,6,2,0,1,0,0,0,0,5.129947,0,0,1
84,15,61,0,9,1,0,1,0,0,0,0,5.2028723,0,0,1
84,15,61,0,11,1,0,1,0,0,0,0,5.1763773,0,0,1
84,15,61,0,7,0,0,1,0,0,0,0,5.0068674,0,0,1
84,15,61,0,9,0,0,1,0,0,0,0,5.1537566,0,0,1
84,15,61,0,12,0,0,1,0,0,0,0,5.2684646,0,0,1
46,7,2,28,1,1,1,1,0,0,0,0,4.4250984,0,0,1
26,11,7,0,1,1,0,0,0,0,0,0,4.2867904,0,0,1
61,46,7,0,0,0,0,1,0,0,0,0,4.3014903,0,0,1
28,11,9,0,0,0,0,0,0,0,0,0,3.910233,1,0,1
28,11,9,0,2,0,0,0,0,0,0,0,4.253434,1,0,1
28,11,9,0,4,0,0,0,0,0,0,0,4.2089663,1,0,1
62,43,11,0,21,1,0,1,0,0,0,0,4.7985716,0,0,1
28,11,9,0,1,0,0,0,0,0,0,0,4.0086217,1,0,1
62,43,11,0,20,1,0,1,0,0,0,0,4.549461,0,0,1
22,7,7,0,1,0,0,0,0,0,0,0,3.9705732,0,0,1
145,7,66,63,9,0,3,0,0,0,0,0,4.9675617,0,0,1
25,10,7,0,2,0,0,0,0,0,0,0,4.053661,1,0,1
21,6,7,0,1,1,0,0,0,0,0,0,3.8442328,0,0,1
290,38,153,98,18,1,7,2,0,1,1,0,5.570053,0,1,1
23,8,7,0,1,0,0,1,0,0,0,0,4.0559583,0,0,1
36,23,5,0,0,0,0,1,0,0,0,0,4.0378447,0,0,1
26,11,7,0,2,1,0,0,0,0,0,0,4.209867,0,0,1
91,76,7,0,1,0,0,1,0,0,0,0,4.1875415,0,0,1
25,10,7,0,3,0,0,0,0,0,0,0,4.2136607,1,0,1
147,39,9,0,4,2,0,2,0,0,0,0,4.9961667,0,1,1
25,10,7,0,3,0,0,0,0,0,0,0,4.133661,1,0,1
75,32,30,4,3,0,1,2,0,0,0,0,4.5473104,0,0,1
25,10,7,0,3,0,0,0,0,0,0,0,3.9434652,1,0,1
75,32,30,4,3,0,1,2,0,0,0,0,4.5206437,0,0,1
28,11,9,0,2,0,0,0,0,0,0,0,4.2089663,1,0,1
96,74,14,0,12,0,0,2,0,0,0,0,4.8754506,0,0,1
23,8,7,0,0,0,0,1,0,0,0,0,4.0559583,0,0,1
39,23,8,0,0,0,0,1,0,0,0,0,4.0217047,0,0,1
20,7,5,0,0,0,0,0,0,0,0,0,3.7841837,0,0,1
20,7,5,0,1,0,0,0,0,0,0,0,3.7841837,0,0,1
20,7,5,0,0,0,0,0,0,0,0,0,3.5841837,0,0,1
109,31,48,3,17,4,1,1,0,0,0,0,4.697932,0,0,1
20,7,5,0,0,0,0,0,0,0,0,0,3.7841837,0,0,1
109,31,48,3,20,4,1,1,0,0,0,0,4.8471727,0,0,1
20,7,5,0,0,0,0,0,0,0,0,0,3.7841837,0,0,1
20,7,5,0,0,0,0,0,0,0,0,0,3.6841838,0,0,1
20,7,5,0,0,0,0,0,0,0,0,0,3.7841837,0,0,1
20,7,5,0,0,0,0,0,0,0,0,0,3.6841838,0,0,1
20,7,5,0,0,0,0,0,0,0,0,0,3.6841838,0,0,1
20,7,5,0,1,0,0,0,0,0,0,0,3.7841837,0,0,1
20,7,5,0,0,0,0,0,0,0,0,0,3.7841837,0,0,1
121,31,60,3,18,5,1,1,0,0,0,0,4.7039375,0,0,1
20,7,5,0,0,0,0,0,0,0,0,0,3.6464393,0,0,1
20,7,5,0,0,0,0,0,0,0,0,0,3.7841837,0,0,1
121,31,60,3,23,5,1,1,0,0,0,0,4.7766604,0,0,1
20,7,5,0,0,0,0,0,0,0,0,0,3.7841837,0,0,1
20,7,5,0,0,0,0,0,0,0,0,0,3.7841837,0,0,1
20,7,5,0,0,0,0,0,0,0,0,0,3.7841837,0,0,1
109,31,48,3,21,4,1,1,0,0,0,0,4.788187,0,0,1
20,7,5,0,0,0,0,0,0,0,0,0,3.6841838,0,0,1
20,7,5,0,0,0,0,0,0,0,0,0,3.6841838,0,0,1
20,7,5,0,0,0,0,0,0,0,0,0,3.7841837,0,0,1
109,31,48,3,17,4,1,1,0,0,0,0,4.804082,0,0,1
20,7,5,0,1,0,0,0,0,0,0,0,3.7841837,0,0,1
121,31,60,3,23,5,1,1,0,0,0,0,4.7496862,0,0,1
20,7,5,0,0,0,0,0,0,0,0,0,3.7841837,0,0,1
121,31,60,3,18,5,1,1,0,0,0,0,4.8284345,0,0,1
20,7,5,0,2,0,0,0,0,0,0,0,3.7841837,0,0,1
121,31,60,3,20,5,1,1,0,0,0,0,4.7198186,0,0,1
20,7,5,0,1,0,0,0,0,0,0,0,3.7841837,0,0,1
20,7,5,0,1,0,0,0,0,0,0,0,3.7841837,0,0,1
20,7,5,0,2,0,0,0,0,0,0,0,3.7841837,0,0,1
121,31,60,3,22,5,1,1,0,0,0,0,4.765545,0,0,1
20,7,5,0,1,0,0,0,0,0,0,0,3.7841837,0,0,1
20,7,5,0,0,0,0,0,0,0,0,0,3.7841837,0,0,1
20,7,5,0,0,0,0,0,0,0,0,0,3.7841837,0,0,1
20,7,5,0,0,0,0,0,0,0,0,0,3.7841837,0,0,1
20,7,5,0,0,0,0,0,0,0,0,0,3.7841837,0,0,1
20,7,5,0,0,0,0,0,0,0,0,0,3.7841837,0,0,1
20,7,5,0,0,0,0,0,0,0,0,0,3.7841837,0,0,1
20,7,5,0,1,0,0,0,0,0,0,0,3.7841837,0,0,1
20,7,5,0,0,0,0,0,0,0,0,0,3.7841837,0,0,1
20,7,5,0,1,0,0,0,0,0,0,0,3.7841837,0,0,1
20,7,5,0,0,0,0,0,0,0,0,0,3.7841837,0,0,1
124,31,63,3,19,7,1,1,0,0,0,0,4.7808332,0,1,1
69,28,33,0,1,0,0,0,0,0,0,0,4.282245,0,1,1
81,31,42,0,8,3,0,1,0,0,0,0,4.568764,0,0,1
81,31,42,0,9,3,0,1,0,0,0,0,4.602775,0,0,1
99,31,60,0,8,5,0,1,0,0,0,0,4.455362,0,0,1
99,31,60,0,11,5,0,1,0,0,0,0,4.5583897,0,0,1
87,31,48,0,8,4,0,1,0,0,0,0,4.3830667,0,0,1
87,31,48,0,8,4,0,1,0,0,0,0,4.5186205,0,0,1
77,37,32,0,11,5,0,1,0,0,0,0,4.86272,0,0,1
87,31,48,0,8,4,0,1,0,0,0,0,4.587586,0,0,1
87,31,48,0,8,4,0,1,0,0,0,0,4.5110917,0,0,1
87,31,48,0,8,4,0,1,0,0,0,0,4.478278,0,0,1
87,31,48,0,7,4,0,1,0,0,0,0,4.505457,0,0,1
99,31,60,0,9,5,0,1,0,0,0,0,4.514303,0,0,1
27,19,0,0,0,1,0,1,0,0,0,0,4.106377,0,0,1
50,13,29,0,0,0,0,0,0,0,0,0,3.9819846,0,0,1
35,10,17,0,3,0,0,0,0,0,0,0,4.036007,0,0,1
81,31,42,0,8,3,0,1,0,0,0,0,4.568962,0,0,1
99,31,60,0,8,5,0,1,0,0,0,0,4.500295,0,0,1
99,31,60,0,9,5,0,1,0,0,0,0,4.466436,0,0,1
57,15,34,0,11,0,0,1,0,0,0,0,4.426209,0,0,1
99,31,60,0,10,5,0,1,0,0,0,0,4.4406977,0,0,1
99,31,60,0,7,5,0,1,0,0,0,0,4.4867096,0,0,1
87,31,48,0,11,4,0,1,0,0,0,0,4.5645976,0,0,1
87,31,48,0,12,4,0,1,0,0,0,0,4.6018977,0,0,1
87,31,48,0,8,4,0,1,0,0,0,0,4.5110917,0,0,1
87,31,48,0,7,4,0,1,0,0,0,0,4.552582,0,0,1
99,31,60,0,8,5,0,1,0,0,0,0,4.4334955,0,0,1
99,31,60,0,8,5,0,1,0,0,0,0,4.450177,0,0,1
99,31,60,0,9,5,0,1,0,0,0,0,4.5583897,0,0,1
99,31,60,0,10,5,0,1,0,0,0,0,4.5371785,0,0,1
99,31,60,0,7,5,0,1,0,0,0,0,4.401563,0,0,1
99,31,60,0,10,5,0,1,0,0,0,0,4.470965,0,0,1
99,31,60,0,9,5,0,1,0,0,0,0,4.430561,0,0,1
99,31,60,0,10,5,0,1,0,0,0,0,4.4901586,0,0,1
99,31,60,0,7,5,0,1,0,0,0,0,4.4454165,0,0,1
87,31,48,0,8,4,0,1,0,0,0,0,4.5329323,0,0,1
99,31,60,0,8,5,0,1,0,0,0,0,4.4205236,0,0,1
99,31,60,0,9,5,0,1,0,0,0,0,4.4891496,0,0,1
99,31,60,0,8,5,0,1,0,0,0,0,4.3959265,0,0,1
99,31,60,0,7,5,0,1,0,0,0,0,4.4312167,0,0,1
87,31,48,0,10,4,0,1,0,0,0,0,4.5932207,0,0,1
87,31,48,0,9,4,0,1,0,0,0,0,4.5514336,0,0,1
81,31,42,0,8,3,0,1,0,0,0,0,4.5919037,0,0,1
67,15,44,0,7,0,0,1,0,0,0,0,4.2276225,0,0,1
50,24,18,0,0,2,0,1,0,0,0,0,4.2088842,0,0,1
56,30,18,0,0,2,0,1,0,0,0,0,4.135056,0,0,1
57,31,18,0,0,1,0,1,0,0,0,0,4.068937,0,0,1
60,34,18,0,0,4,0,1,0,0,0,0,4.2362432,0,0,1
36,16,12,0,2,0,0,0,0,0,0,0,4.2946534,0,0,1
35,16,11,0,2,0,0,0,0,0,0,0,4.321721,0,0,1
94,74,12,0,14,0,0,2,0,0,0,0,4.8232875,0,0,1
83,74,1,0,7,0,0,2,0,0,0,0,4.7813296,0,0,1
62,43,11,0,25,1,0,1,0,0,0,0,4.810747,0,0,1
62,43,11,0,18,1,0,1,0,0,0,0,4.7403517,0,0,1
62,43,11,0,23,1,0,1,0,0,0,0,4.72349,0,0,1
62,43,11,0,18,1,0,1,0,0,0,0,4.545756,0,0,1
61,43,10,0,23,1,0,1,0,0,0,0,4.6357584,0,0,1
62,43,11,0,28,1,0,1,0,0,0,0,4.610903,0,0,1
116,43,51,13,19,1,1,1,0,0,0,0,4.862464,0,0,1
256,42,123,90,12,5,6,1,0,1,1,0,5.6260343,0,1,1
39,18,13,0,0,0,0,1,0,0,0,0,4.0284905,0,0,1
40,29,3,0,0,1,0,0,0,0,0,0,4.1153116,0,0,1
68,18,42,0,32,0,0,1,0,0,0,0,4.5077105,0,0,1
35,20,7,0,0,1,0,1,0,0,0,0,3.9788642,0,0,1
39,24,7,0,1,2,0,1,0,0,0,0,4.221049,0,0,1
317,105,103,140,16,0,7,1,0,1,1,0,5.650059,0,1,1
360,108,147,136,17,2,7,1,0,1,1,0,5.4688106,0,0,1
80,71,1,0,26,6,0,2,0,0,0,0,4.6840177,0,0,1
31,23,0,0,0,2,0,1,0,0,0,0,3.9219382,0,0,1
23,4,11,0,2,0,0,0,0,0,0,0,4.023137,1,0,1
39,30,1,0,1,1,0,1,0,0,0,0,4.2336187,0,0,1
40,31,1,0,0,0,0,1,0,0,0,0,4.1653113,0,0,1
42,33,1,0,8,1,0,1,0,0,0,0,4.660058,0,0,1
39,30,1,0,18,0,0,1,0,0,0,0,4.121708,0,0,1
33,24,1,0,13,0,0,1,0,0,0,0,3.9831955,0,0,1
31,23,0,0,0,2,0,1,0,0,0,0,4.0911355,0,0,1
40,32,0,0,1,3,0,1,0,0,0,0,4.108695,0,0,1
36,28,0,0,1,2,0,1,0,0,0,0,4.0860486,0,0,1
31,23,0,0,1,2,0,1,0,0,0,0,4.0911355,0,0,1
32,24,0,0,1,2,0,1,0,0,0,0,4.0778193,0,0,1
34,26,0,0,0,1,0,1,0,0,0,0,4.0545387,0,0,1
35,27,0,0,0,3,0,1,0,0,0,0,3.9900172,0,0,1
21,12,1,0,0,0,0,0,0,0,0,0,3.6897037,0,0,1
32,24,0,0,0,2,0,1,0,0,0,0,3.9917293,0,0,1
28,12,1,6,0,0,1,0,0,0,0,0,4.0121884,0,0,1
26,12,6,0,0,0,0,0,0,0,0,0,3.8441064,0,1,1
35,27,0,0,0,2,0,1,0,0,0,0,4.1718607,0,0,1
39,31,0,0,1,4,0,1,0,0,0,0,4.096568,0,0,1
40,8,24,0,4,0,0,0,0,0,0,0,4.1653113,0,0,1
38,30,0,0,0,2,0,1,0,0,0,0,4.1986036,0,0,1
34,26,0,0,0,0,0,1,0,0,0,0,3.9735126,0,0,1
36,28,0,0,0,2,0,1,0,0,0,0,4.117861,0,0,1
26,10,8,0,1,0,0,0,0,0,0,0,4.180833,0,0,1
36,20,8,0,0,0,0,1,0,0,0,0,4.3847957,0,0,1
29,21,0,0,1,1,0,1,0,0,0,0,3.9614294,0,0,1
32,24,0,0,1,2,0,1,0,0,0,0,4.1136084,0,0,1
33,25,0,0,0,1,0,1,0,0,0,0,3.9424388,0,0,1
78,69,1,0,30,6,0,2,0,0,0,0,4.7917676,0,0,1
33,25,0,0,0,2,0,1,0,0,0,0,4.0518217,0,0,1
32,24,0,0,0,2,0,1,0,0,0,0,4.030639,0,0,1
40,31,1,0,0,1,0,1,0,0,0,0,4.1464396,0,0,1
39,7,24,0,5,0,0,0,0,0,0,0,4.009135,0,0,1
80,71,1,0,32,6,0,2,0,0,0,0,4.72789,0,0,1
35,27,0,0,0,1,0,1,0,0,0,0,4.0791435,0,0,1
69,20,14,26,8,1,2,0,0,1,0,0,4.817313,0,0,1
35,27,1,0,6,1,0,1,0,0,0,0,4.2074356,0,0,1
43,35,1,0,6,1,0,1,0,0,0,0,4.3243093,0,0,1
41,18,15,0,0,0,0,0,0,0,0,0,4.1315846,0,0,1
53,44,1,0,17,1,0,1,0,0,0,0,4.2747216,0,0,1
104,17,22,57,6,1,1,0,0,0,0,0,5.217778,0,1,1
33,25,0,0,0,2,0,1,0,0,0,0,4.0518217,0,0,1
35,27,0,0,0,2,0,1,0,0,0,0,4.011585,0,0,1
79,70,1,0,26,6,0,2,0,0,0,0,4.6263185,0,0,1
28,20,0,0,0,1,0,1,0,0,0,0,3.9946804,0,0,1
79,70,1,0,30,6,0,2,0,0,0,0,4.81582,0,0,1
78,69,1,0,30,6,0,2,0,0,0,0,4.730808,0,0,1
38,29,1,0,0,0,0,1,0,0,0,0,4.0959687,0,0,1
30,22,0,0,0,3,0,1,0,0,0,0,3.9898982,0,0,1
35,27,0,0,1,2,0,1,0,0,0,0,4.1718607,0,0,1
79,70,1,0,28,6,0,2,0,0,0,0,4.630933,0,0,1
49,41,1,0,11,2,0,1,0,0,0,0,4.5660553,0,0,1
33,24,1,0,0,2,0,0,0,0,0,0,4.0895524,0,0,1
37,28,1,0,0,2,0,1,0,0,0,0,4.1752734,0,0,1
80,71,1,0,27,6,0,2,0,0,0,0,4.7090178,0,0,1
34,27,0,0,0,2,0,1,0,0,0,0,4.1607046,0,0,1
36,27,1,0,0,2,0,1,0,0,0,0,4.2181287,0,0,1
24,12,4,0,0,0,0,1,0,0,0,0,3.4906015,0,0,1
36,24,4,0,0,1,0,1,0,0,0,0,4.2254806,0,0,1
35,24,3,0,0,1,0,1,0,0,0,0,4.2505717,0,0,1
80,7,65,0,10,0,0,0,0,0,0,0,4.6918826,0,0,1
35,28,0,0,0,2,0,1,0,0,0,0,4.1858673,0,0,1
37,28,1,0,0,2,0,1,0,0,0,0,4.188523,0,0,1
38,15,15,0,1,0,0,0,0,0,0,0,4.165838,0,0,1
38,19,11,0,0,0,0,0,0,0,0,0,3.97084,0,0,1
24,15,1,0,0,0,0,0,0,0,0,0,3.8553886,0,0,1
35,28,0,0,0,2,0,1,0,0,0,0,4.011585,0,0,1
37,28,1,0,0,2,0,1,0,0,0,0,4.003259,0,0,1
62,32,22,0,1,3,0,1,0,0,0,0,4.352838,0,0,1
34,25,1,0,0,1,0,1,0,0,0,0,3.9620316,0,0,1
51,25,18,0,0,1,0,1,0,0,0,0,4.0862713,0,0,1
91,7,76,0,13,0,0,0,0,0,0,0,4.82775,0,0,1
33,24,1,0,0,1,0,1,0,0,0,0,3.8738127,0,0,1
35,22,6,0,0,1,0,0,0,0,0,0,4.057575,0,0,1
27,18,1,0,0,0,0,0,0,0,0,0,4.106377,0,0,1
42,33,1,0,0,0,0,1,0,0,0,0,4.0556755,0,0,1
22,13,1,0,0,0,0,0,0,0,0,0,3.697846,0,0,1
22,13,1,0,0,0,0,0,0,0,0,0,3.788755,0,0,1
40,13,19,0,0,0,0,0,0,0,0,0,4.239823,0,1,1
20,5,7,0,0,0,0,0,0,0,0,0,3.5464394,1,0,1
36,15,13,0,2,0,0,0,0,0,0,0,4.1042438,0,0,1
35,26,1,0,0,1,0,1,0,0,0,0,3.9328744,0,0,1
52,26,18,0,0,2,0,1,0,0,0,0,4.0801544,0,1,1
84,31,45,0,22,5,0,1,0,0,0,0,4.8604436,0,0,1
46,37,1,0,0,4,0,1,0,0,0,0,4.1535716,0,0,1
63,37,18,0,0,4,0,1,0,0,0,0,4.223256,0,0,1
33,24,1,0,12,0,0,1,0,0,0,0,4.22562,0,0,1
29,20,1,0,0,2,0,0,0,0,0,0,3.8109283,0,0,1
28,14,6,0,0,1,0,0,0,0,0,0,3.950212,0,0,1
233,69,1,154,49,6,1,2,0,0,0,0,5.779885,0,0,1
55,36,11,0,3,2,0,1,0,0,0,0,4.6671014,0,0,1
55,36,11,0,3,2,0,1,0,0,0,0,4.6080995,0,0,1
55,36,12,0,3,2,0,1,0,0,0,0,4.6671014,0,0,1
55,36,12,0,3,2,0,1,0,0,0,0,4.599186,0,0,1
29,12,9,0,0,0,0,0,0,0,0,0,4.2541957,0,0,1
23,14,1,0,0,1,0,0,0,0,0,0,3.7950885,0,0,1
29,14,7,0,0,1,0,0,0,0,0,0,3.7974677,0,0,1
41,33,0,0,4,0,0,1,0,0,0,0,4.277926,0,0,1
40,31,1,0,0,0,0,1,0,0,0,0,4.089823,0,0,1
41,32,1,0,4,0,0,1,0,0,0,0,4.308295,0,0,1
35,26,1,0,0,0,0,1,0,0,0,0,4.1287246,0,0,1
177,13,1,154,18,1,1,1,0,0,0,0,5.606399,0,0,1
190,26,1,154,19,1,1,1,0,0,0,0,5.828427,0,0,1
86,77,1,0,37,6,0,2,0,0,0,0,4.770709,0,0,1
46,21,17,0,4,1,0,1,0,0,0,0,4.466406,0,0,1
194,30,1,154,15,2,1,1,0,0,0,0,5.7263994,0,0,1
38,29,1,0,0,0,0,1,0,0,0,0,4.1754303,0,0,1
41,22,11,0,0,1,0,1,0,0,0,0,4.101846,0,0,1
96,70,18,0,27,6,0,2,0,0,0,0,4.910025,0,0,1
80,71,1,0,30,6,0,2,0,0,0,0,4.6922054,0,0,1
25,16,1,0,0,1,0,0,0,0,0,0,3.7230742,0,0,1
31,16,7,0,0,1,0,0,0,0,0,0,3.6922796,0,0,1
45,16,21,0,11,4,0,0,0,0,0,0,4.535863,0,0,1
30,22,1,0,0,1,0,0,0,0,0,0,4.0314016,0,0,1
26,17,1,0,0,1,0,0,0,0,0,0,3.9790978,0,0,1
24,17,0,0,0,1,0,0,0,0,0,0,4.0016294,0,0,1
36,27,1,0,6,1,0,1,0,0,0,0,4.2736845,0,0,1
42,35,0,0,6,1,0,1,0,0,0,0,4.3297176,0,0,1
43,20,15,0,4,0,0,1,0,0,0,0,4.4144096,0,1,1
45,36,1,0,0,0,0,1,0,0,0,0,4.1190877,0,0,1
38,18,12,0,3,1,0,0,0,0,0,0,4.0632024,0,0,1
54,30,16,0,1,1,0,1,0,0,0,0,4.337678,0,0,1
39,30,1,0,0,1,0,1,0,0,0,0,4.047847,0,0,1
42,33,1,0,0,1,0,1,0,0,0,0,4.168887,0,0,1
71,8,55,0,22,7,0,0,0,0,0,0,4.654243,0,0,1
101,14,38,25,45,0,2,1,0,0,0,0,4.9310284,0,0,1
53,44,1,0,1,3,0,1,0,0,0,0,4.449645,0,0,1
22,6,8,0,2,0,0,0,0,0,0,0,3.845351,1,0,1
44,35,1,0,6,1,0,1,0,0,0,0,4.3825207,0,0,1
66,16,42,0,18,4,0,0,0,0,0,0,4.5589533,0,0,1
70,20,42,0,18,4,0,1,0,0,0,0,4.632226,0,0,1
36,21,7,0,0,0,0,1,0,0,0,0,4.2736845,0,0,1
37,19,10,0,0,0,0,0,0,0,0,0,4.2833815,0,0,1
62,19,1,33,4,1,1,1,0,0,0,0,4.8917074,0,1,1
77,14,21,33,2,0,2,1,0,1,0,0,4.4482245,0,0,1
38,29,1,0,17,0,0,1,0,0,0,0,4.1588726,0,0,1
45,36,1,0,6,2,0,1,0,0,0,0,4.324535,0,0,1
40,31,1,0,6,2,0,1,0,0,0,0,4.3464394,0,0,1
60,38,9,4,0,1,1,1,0,0,0,0,4.3427496,0,0,1
30,9,12,0,2,0,1,0,0,0,0,0,4.1647353,0,0,1
40,33,0,0,0,0,0,1,0,0,0,0,4.153056,0,0,1
42,33,1,0,0,2,0,1,0,0,0,0,3.8321795,0,0,1
29,20,1,0,0,0,0,1,0,0,0,0,4.1591997,0,0,1
140,18,14,100,35,0,1,1,0,0,0,0,5.297969,0,0,1
26,18,0,0,0,0,0,1,0,0,0,0,4.132944,0,0,1
42,24,10,0,0,1,0,0,0,0,0,0,4.1392417,0,1,1
41,33,0,0,1,5,0,1,0,0,0,0,4.004285,0,0,1
283,26,15,197,51,1,1,2,0,0,0,0,5.883819,0,0,1
28,19,1,0,0,0,0,1,0,0,0,0,4.039149,0,0,1
36,10,18,0,6,0,0,0,0,0,0,0,4.284528,0,0,1
187,19,25,134,24,2,5,1,0,0,0,0,4.8804927,0,0,1
169,19,18,123,23,4,5,1,0,0,0,0,4.8188577,0,0,1
36,10,18,0,7,0,0,0,0,0,0,0,4.3610525,0,0,1
169,19,18,123,21,0,5,1,0,0,0,0,4.8342705,0,0,1
76,25,1,41,24,1,2,1,0,0,0,0,4.79262,0,0,1
76,25,1,41,23,1,2,1,0,0,0,0,4.8511515,0,0,1
76,25,1,41,23,1,2,1,0,0,0,0,4.9039936,0,0,1
36,10,18,0,8,0,0,0,0,0,0,0,4.416608,0,0,1
75,24,1,41,20,1,2,1,0,0,0,0,4.6980186,0,0,1
76,25,1,41,20,1,2,1,0,0,0,0,4.8046303,0,0,1
76,25,1,41,29,1,2,1,0,0,0,0,4.9743223,0,0,1
75,24,1,41,23,1,2,1,0,0,0,0,4.8468356,0,0,1
75,24,1,41,22,1,2,1,0,0,0,0,4.9148808,0,0,1
43,36,0,0,7,1,0,1,0,0,0,0,4.3883767,0,0,1
67,35,24,0,0,0,0,0,0,0,0,0,4.322656,0,0,1
36,4,24,0,0,1,0,0,0,0,0,0,4.3847957,0,0,1
103,7,65,22,8,0,2,0,0,1,0,0,4.9078565,0,0,1
58,20,7,22,1,0,2,0,0,1,0,0,4.4383483,0,0,1
25,11,6,0,0,0,0,0,0,0,0,0,4.053661,0,1,1
255,59,16,126,31,5,3,3,0,0,0,0,5.529357,0,0,1
112,58,1,0,16,5,0,3,0,0,0,0,5.2592273,0,0,1
207,19,37,142,29,4,5,1,0,0,0,0,4.8918633,0,1,1
40,17,15,0,0,0,0,1,0,0,0,0,4.2841835,0,0,1
76,25,1,41,25,1,2,1,0,0,0,0,4.851702,0,0,1
43,34,1,0,0,0,0,1,0,0,0,0,3.8279147,0,0,1
28,9,11,0,2,0,0,0,0,0,0,0,4.253434,0,0,1
38,29,1,0,0,1,0,1,0,0,0,0,4.0208435,0,0,1
24,15,1,0,0,1,0,0,0,0,0,0,3.9701755,0,0,1
203,19,33,142,33,6,5,1,0,0,0,0,4.9232125,0,0,1
43,34,1,0,0,0,0,1,0,0,0,0,3.9954324,0,0,1
26,17,1,0,0,0,0,0,0,0,0,0,3.8441064,0,0,1
20,12,0,0,0,0,0,0,0,0,0,0,3.821928,0,0,1
20,12,0,0,0,0,0,0,0,0,0,0,3.821928,0,0,1
41,26,7,0,0,1,0,0,0,0,0,0,3.9858732,0,0,1
37,30,0,0,8,1,0,1,0,0,0,0,4.1344686,0,0,1
38,30,0,0,8,1,0,1,0,0,0,0,4.1486,0,0,1
28,19,1,0,0,2,0,0,0,0,0,0,3.9232519,0,0,1
34,19,7,0,0,2,0,0,0,0,0,0,3.939829,0,0,1
43,34,1,0,6,2,0,1,0,0,0,0,4.376976,0,0,1
41,32,1,0,0,1,0,1,0,0,0,0,4.17391,0,0,1
29,20,1,0,0,0,0,1,0,0,0,0,4.0212684,0,1,1
39,30,1,0,0,1,0,1,0,0,0,0,4.0897818,0,0,1
37,29,0,0,0,3,0,0,0,0,0,0,4.0804143,0,0,1
44,29,7,0,0,3,0,0,0,0,0,0,4.112063,0,0,1
29,20,1,0,0,1,0,0,0,0,0,0,3.7159321,0,0,1
24,10,6,0,0,0,0,0,0,0,0,0,3.9701755,0,1,1
33,24,1,0,0,3,0,0,0,0,0,0,4.165014,0,0,1
39,24,7,0,0,3,0,0,0,0,0,0,4.182337,0,0,1
40,8,24,0,4,0,0,0,0,0,0,0,4.1275673,0,0,1
54,32,14,0,5,2,0,1,0,0,0,0,4.4163566,0,0,1
33,9,12,3,4,1,1,0,0,0,0,0,4.309101,0,0,1
44,30,6,0,0,1,0,1,0,0,0,0,3.979081,0,0,1
40,31,1,0,0,2,0,0,0,0,0,0,4.058695,0,0,1
46,31,7,0,0,2,0,0,0,0,0,0,4.044451,0,0,1
38,16,1,12,1,1,1,0,0,0,0,0,4.5368867,0,0,1
55,33,14,0,4,2,0,1,0,0,0,0,4.515019,0,0,1
56,34,14,0,4,2,0,1,0,0,0,0,4.449514,0,0,1
23,14,1,0,0,1,0,0,0,0,0,0,3.7622674,0,0,1
27,18,1,0,0,1,0,1,0,0,0,0,3.8561964,0,0,1
79,36,1,33,18,1,1,1,0,0,0,0,5.0029182,0,0,1
22,13,1,0,0,0,0,0,0,0,0,0,3.5383105,0,0,1
37,13,16,0,0,0,0,0,0,0,0,0,3.7836456,0,0,1
41,34,0,0,6,1,0,1,0,0,0,0,4.2042785,0,0,1
46,37,1,0,0,2,0,0,0,0,0,0,4.112826,0,0,1
52,37,7,0,0,2,0,0,0,0,0,0,4.1514907,0,0,1
39,30,1,0,8,1,0,1,0,0,0,0,4.143625,0,0,1
131,15,108,0,7,2,0,1,0,0,0,0,5.5069456,0,0,1
37,28,1,0,0,1,0,0,0,0,0,0,4.1008167,0,0,1
47,28,11,0,0,1,0,0,0,0,0,0,4.2324834,0,0,1
30,12,10,0,0,0,0,0,0,0,0,0,3.7898982,0,0,1
37,15,1,12,1,1,1,0,0,0,0,0,4.486348,0,0,1
30,18,4,0,0,1,0,0,0,0,0,0,4.0817275,0,1,1
43,31,4,0,3,0,0,4,0,0,0,0,4.376976,0,1,1
43,31,4,0,3,0,0,4,0,0,0,0,4.3304644,0,1,1
26,14,4,0,0,0,0,0,0,0,0,0,3.9312088,0,0,1
22,10,4,0,0,0,0,0,0,0,0,0,3.9139771,0,0,1
25,13,4,0,0,0,0,0,0,0,0,0,3.863465,0,0,1
44,36,0,0,7,1,0,1,0,0,0,0,4.4905863,0,0,1
26,14,4,0,0,0,0,0,0,0,0,0,3.9790978,0,0,1
25,14,3,0,0,0,0,0,0,0,0,0,4.023465,0,0,1
175,15,108,43,15,1,3,1,0,0,0,0,5.546894,0,0,1
131,15,108,0,21,3,0,1,0,0,0,0,5.379222,0,0,1
29,20,1,0,1,1,0,1,0,0,0,0,3.7974677,0,0,1
35,8,19,0,3,0,0,0,0,0,0,0,3.957296,0,0,1
41,23,10,0,0,0,0,0,0,0,0,0,4.1411057,0,0,1
40,23,9,0,0,0,0,0,0,0,0,0,4.1561985,0,0,1
67,27,1,30,4,1,1,1,0,0,0,0,5.1185675,0,1,1
38,20,10,0,0,0,0,0,0,0,0,0,4.152937,0,0,1
37,20,9,0,0,0,0,0,0,0,0,0,4.172574,0,0,1
38,22,8,0,0,0,0,1,0,0,0,0,4.260828,0,0,1
41,32,1,0,0,0,0,1,0,0,0,0,4.192322,0,0,1
77,68,1,0,25,6,0,2,0,0,0,0,4.770678,0,0,1
23,4,11,0,4,0,0,0,0,0,0,0,4.023137,1,0,1
79,70,1,0,19,6,0,2,0,0,0,0,4.672213,0,0,1
79,70,1,0,21,6,0,2,0,0,0,0,4.6580434,0,0,1
61,19,34,0,5,1,0,0,0,0,0,0,4.467178,0,0,1
78,69,1,0,28,6,0,2,0,0,0,0,4.703054,0,0,1
40,31,1,0,0,2,0,1,0,0,0,0,4.0061984,0,0,1
27,18,1,0,0,1,0,1,0,0,0,0,3.958229,0,0,1
94,7,65,13,7,1,2,0,0,1,0,0,4.861688,0,0,1
58,19,31,0,0,1,0,0,0,0,0,0,4.1459084,0,0,1
39,15,16,0,0,0,0,1,0,0,0,0,3.9704225,0,1,1
67,39,20,0,2,3,0,1,0,0,0,0,4.5900617,0,0,1
17,9,0,0,0,0,0,0,0,0,0,0,3.4548223,0,0,1
17,9,0,0,0,0,0,0,0,0,0,0,3.4548223,0,0,1
22,6,8,0,3,0,0,0,0,0,0,0,3.845351,1,0,1
43,34,1,0,0,3,0,1,0,0,0,0,4.2748747,0,0,1
33,24,1,0,0,0,0,1,0,0,0,0,4.294246,0,0,1
30,12,10,0,0,0,0,0,0,0,0,0,3.8980684,0,1,1
60,34,18,0,0,3,0,1,0,0,0,0,4.327421,0,0,1
41,32,1,0,0,1,0,1,0,0,0,0,4.2595143,0,0,1
39,27,4,0,0,0,0,1,0,0,0,0,3.974648,0,0,1
41,29,4,0,0,0,0,1,0,0,0,0,3.799642,0,0,1
34,22,4,0,0,0,0,1,0,0,0,0,3.900271,0,0,1
42,27,7,0,0,0,0,1,0,0,0,0,3.88018,0,1,1
38,23,7,0,0,0,0,1,0,0,0,0,3.7238183,0,1,1
36,24,4,0,0,1,0,1,0,0,0,0,3.8774438,0,0,1
36,24,4,0,0,0,0,1,0,0,0,0,3.6932232,0,0,1
48,22,18,0,0,3,0,1,0,0,0,0,4.1292477,0,0,1
44,32,4,0,0,3,0,1,0,0,0,0,4.0726237,0,0,1
34,22,4,0,0,0,0,1,0,0,0,0,3.9620316,0,0,1
40,28,4,0,0,1,0,1,0,0,0,0,3.9653115,0,0,1
36,24,4,0,0,0,0,1,0,0,0,0,4.0696573,0,0,1
32,20,4,0,0,0,0,1,0,0,0,0,4.0153193,0,0,1
25,16,1,0,0,0,0,1,0,0,0,0,3.863465,0,0,1
41,32,1,0,0,0,0,1,0,0,0,0,4.220255,0,0,1
34,25,1,0,0,0,0,1,0,0,0,0,4.1973257,0,1,1
41,32,1,0,0,0,0,1,0,0,0,0,4.1499963,0,0,1
37,28,1,0,0,0,0,1,0,0,0,0,4.229327,0,0,1
29,20,1,0,0,0,0,1,0,0,0,0,4.1852303,0,0,1
35,26,1,0,0,2,0,1,0,0,0,0,4.150293,0,0,1
32,23,1,0,0,0,0,1,0,0,0,0,4.1167293,0,0,1
42,24,10,0,4,2,0,1,0,0,0,0,4.3180456,0,0,1
34,25,1,0,0,0,0,1,0,0,0,0,4.1133623,0,0,1
48,39,1,0,8,4,0,1,0,0,0,0,4.4544487,0,0,1
28,19,1,0,1,0,0,1,0,0,0,0,4.182006,0,0,1
48,39,1,0,0,0,0,1,0,0,0,0,4.139461,0,1,1
29,20,1,0,0,0,0,0,0,0,0,0,3.9002419,0,0,1
45,24,13,0,3,0,0,0,0,0,0,0,4.2800903,0,1,1
43,35,1,0,6,1,0,1,0,0,0,0,4.3243093,0,0,1
43,35,0,0,6,1,0,1,0,0,0,0,4.3883767,0,0,1
37,28,1,0,0,2,0,1,0,0,0,0,4.046763,0,1,1
38,29,1,0,0,1,0,1,0,0,0,0,4.201232,0,0,1
55,29,18,0,0,1,0,1,0,0,0,0,4.2652855,0,0,1
37,28,1,0,0,0,0,1,0,0,0,0,3.8614993,0,0,1
45,21,16,0,0,0,0,2,0,0,0,0,3.9835353,0,0,1
66,21,20,16,0,1,2,2,0,0,0,0,4.3800235,0,0,1
70,21,20,20,0,1,2,2,0,0,0,0,4.4620943,0,0,1
35,26,1,0,0,0,0,1,0,0,0,0,4.2074356,0,1,1
80,71,1,0,29,6,0,2,0,0,0,0,4.7750707,0,0,1
36,27,1,0,0,0,0,1,0,0,0,0,4.0832744,0,0,1
38,29,1,0,4,3,0,1,0,0,0,0,4.1684656,0,0,1
23,14,1,0,0,1,0,0,0,0,0,0,3.7622674,0,0,1
27,18,1,0,0,1,0,1,0,0,0,0,3.8561964,0,0,1
39,18,11,1,3,0,1,1,0,0,0,0,4.214263,0,0,1
39,30,1,0,0,0,0,1,0,0,0,0,4.0385,0,0,1
167,15,108,35,18,2,3,1,0,0,0,0,5.5611,0,0,1
38,18,12,0,0,1,0,0,0,0,0,0,3.8457115,0,0,1
44,35,1,0,6,1,0,1,0,0,0,0,4.3825207,0,0,1
48,24,16,0,0,0,0,1,0,0,0,0,4.621115,0,0,1
312,27,16,260,39,1,7,1,0,0,0,0,5.1518774,0,0,1
37,26,3,0,0,0,0,1,0,0,0,0,4.1008167,0,0,1
56,48,1,0,6,3,0,1,0,0,0,0,4.3405876,0,0,1
86,77,1,0,0,0,0,1,0,0,0,0,4.5450125,0,0,1
175,15,108,43,18,2,3,1,0,0,0,0,5.5631156,0,0,1
131,15,108,0,14,2,0,1,0,0,0,0,5.5625505,0,0,1
34,25,1,0,0,0,0,1,0,0,0,0,4.057476,0,0,1
30,21,1,0,0,0,0,1,0,0,0,0,3.7362435,0,0,1
48,13,21,0,0,1,0,0,0,0,0,0,4.3218546,0,1,1
21,7,6,0,1,0,0,0,0,0,0,0,3.784942,0,0,1
31,20,3,0,4,0,0,0,0,0,0,0,4.0667844,0,0,1
49,40,1,0,11,1,0,1,0,0,0,0,4.10167,0,0,1
45,36,1,0,6,2,0,1,0,0,0,0,4.235646,0,0,1
47,38,1,0,6,2,0,1,0,0,0,0,4.479497,0,0,1
39,30,1,0,0,0,0,1,0,0,0,0,4.17299,0,0,1
72,18,22,0,17,0,1,1,0,0,0,0,4.956616,0,1,1
37,28,1,0,0,1,0,1,0,0,0,0,4.0671654,0,0,1
44,35,1,0,6,2,0,1,0,0,0,0,4.3087683,0,0,1
45,36,1,0,12,3,0,1,0,0,0,0,4.3857546,0,0,1
58,49,1,0,9,1,0,1,0,0,0,0,4.585732,0,0,1
39,23,8,0,0,1,0,1,0,0,0,0,4.070426,0,0,1
28,9,11,0,1,0,0,0,0,0,0,0,4.324863,0,0,1
47,15,24,0,0,0,0,1,0,0,0,0,4.134822,0,0,1
33,12,13,0,1,0,0,0,0,0,0,0,4.124257,0,0,1
40,18,14,0,2,0,0,0,0,0,0,1,4.2464395,0,0,1
50,19,23,0,4,1,0,0,0,0,0,1,4.3263702,0,0,1
40,15,17,0,2,0,0,0,0,0,0,0,4.1373262,0,0,1
30,18,4,0,0,1,0,1,0,0,0,0,3.7898982,0,0,1
36,15,13,0,1,0,0,0,0,0,0,0,4.215355,0,0,1
29,20,1,0,3,0,0,1,0,0,0,0,4.0212684,0,0,1
31,22,1,0,1,0,0,1,0,0,0,0,4.1714654,0,0,1
42,21,13,0,1,0,0,1,0,0,0,0,4.145543,0,1,1
38,23,7,0,0,0,0,1,0,0,0,0,4.32636,0,0,1
41,23,10,0,0,0,0,0,0,0,0,0,4.3267064,0,0,1
40,23,9,0,0,0,0,0,0,0,0,0,4.3464394,0,0,1
61,18,1,33,1,1,1,1,0,0,0,0,4.9180417,0,1,1
35,17,10,0,0,0,0,0,0,0,0,0,4.4575753,0,0,1
34,17,9,0,0,0,0,0,0,0,0,0,4.491443,0,0,1
34,17,9,0,0,0,0,1,0,0,0,0,4.09116,0,0,1
31,10,13,0,0,0,0,0,0,0,0,0,3.937752,0,0,1
30,10,12,0,0,0,0,0,0,0,0,0,3.9647353,0,0,1
130,15,58,48,16,3,3,1,0,0,0,0,5.4259133,0,0,1
39,21,10,0,5,2,0,1,0,0,0,0,4.355539,0,0,1
36,18,10,0,2,2,0,1,0,0,0,0,4.051462,0,0,1
40,31,1,0,1,1,0,1,0,0,0,0,4.2841835,0,0,1
37,11,18,0,3,0,0,0,0,0,0,0,4.5305505,0,0,1
36,10,18,0,4,0,0,0,0,0,0,0,4.437577,0,0,1
38,12,18,0,5,0,0,0,0,0,0,0,4.4263673,0,0,1
37,11,18,0,3,0,0,0,0,0,0,0,4.4968987,0,0,1
29,17,4,0,0,0,0,0,0,0,0,0,3.6899016,0,0,1
36,10,18,0,3,0,0,0,0,0,0,0,4.340083,0,0,1
37,11,18,0,2,0,0,0,0,0,0,0,4.3887906,0,0,1
36,10,18,0,2,0,0,0,0,0,0,0,4.1943855,0,0,1
44,36,1,0,7,1,0,1,0,0,0,0,4.427975,0,0,1
25,16,1,0,0,1,0,0,0,0,0,0,4.053661,0,0,1
32,16,8,0,0,1,0,0,0,0,0,0,3.9681392,0,0,1
36,20,8,0,0,1,0,1,0,0,0,0,4.0650797,0,0,1
36,10,18,0,4,0,0,0,0,0,0,0,4.326466,0,0,1
37,11,18,0,3,0,0,0,0,0,0,0,4.2806826,0,0,1
36,10,18,0,4,0,0,0,0,0,0,0,4.437577,0,0,1
36,10,18,0,2,0,0,0,0,0,0,0,4.1807685,0,0,1
54,27,19,0,0,1,0,1,0,0,0,0,4.224717,0,0,1
36,10,18,0,3,0,0,0,0,0,0,0,4.284528,0,0,1
36,10,18,0,3,0,0,0,0,0,0,0,4.2709103,0,0,1
115,45,62,0,17,10,0,1,0,0,0,0,4.6325016,0,0,1
36,10,18,0,3,0,0,0,0,0,0,0,4.3610525,0,0,1
44,36,0,0,7,1,0,1,0,0,0,0,4.4905863,0,0,1
30,21,1,0,3,1,0,1,0,0,0,0,4.015061,0,0,1
46,17,22,0,0,1,0,0,0,0,0,0,4.115499,0,1,1
47,17,22,0,0,1,0,0,0,0,0,0,4.1339316,0,1,1
52,26,18,0,0,2,0,1,0,0,0,0,4.1302714,0,0,1
40,8,24,0,0,0,0,0,0,0,0,0,4.0348296,0,0,1
78,19,16,34,13,0,2,0,0,0,0,0,4.7162156,0,0,1
55,18,29,0,0,1,0,0,0,0,0,0,4.3242874,0,0,1
240,26,15,154,34,4,1,2,0,0,0,0,5.795221,0,0,1
43,15,20,0,9,0,0,1,0,0,0,0,4.594301,0,0,1
43,14,21,0,0,2,0,1,0,0,0,0,4.219886,0,0,1
175,15,108,43,17,6,3,1,0,0,0,0,5.595877,0,0,1
42,29,5,0,0,0,0,1,0,0,0,0,4.1868606,0,0,1
131,15,108,0,16,4,0,1,0,0,0,0,5.5958676,0,0,1
175,15,108,43,15,1,3,1,0,0,0,0,5.6776404,0,0,1
131,15,108,0,13,6,0,1,0,0,0,0,5.5359344,0,0,1
175,15,108,43,20,4,3,1,0,0,0,0,5.601715,0,0,1
41,13,20,0,8,0,0,0,0,0,0,0,4.454636,0,0,1
30,21,1,0,0,2,0,0,0,0,0,0,3.7110806,0,0,1
29,21,1,0,0,2,0,0,0,0,0,0,3.6899016,0,0,1
44,14,22,0,0,2,0,1,0,0,0,0,4.373649,0,0,1
41,32,1,0,0,2,0,1,0,0,0,0,4.17391,0,0,1
47,32,7,0,0,2,0,1,0,0,0,0,4.1920547,0,0,1
49,25,16,0,6,0,0,1,0,0,0,0,4.792982,0,0,1
49,25,16,0,3,0,0,1,0,0,0,0,4.6805377,0,0,1
49,25,16,0,0,0,0,1,0,0,0,0,4.6959434,0,0,1
49,25,16,0,3,0,0,1,0,0,0,0,4.598905,0,0,1
49,25,16,0,4,0,0,1,0,0,0,0,4.5714564,0,0,1
43,30,5,0,0,0,0,1,0,0,0,0,4.080351,0,0,1
44,24,12,0,3,0,0,1,0,0,0,0,4.3908052,0,0,1
44,24,12,0,4,0,0,1,0,0,0,0,4.555467,0,0,1
43,36,0,0,7,1,0,1,0,0,0,0,4.4348884,0,0,1
45,37,1,0,7,2,0,1,0,0,0,0,4.438874,0,0,1
39,31,0,0,0,3,0,1,0,0,0,0,4.240405,0,0,1
133,23,32,69,24,1,3,1,0,0,0,0,5.397435,0,0,1
33,25,0,0,1,3,0,1,0,0,0,0,4.1013813,0,0,1
41,32,1,0,0,2,0,1,0,0,0,0,4.053066,0,0,1
35,26,1,0,0,2,0,1,0,0,0,0,3.9900172,0,0,1
41,26,7,0,0,2,0,1,0,0,0,0,3.994764,0,0,1
44,29,7,0,6,0,0,1,0,0,0,0,4.263314,0,0,1
60,11,41,0,3,0,0,0,0,0,0,0,4.1635013,0,0,1
36,13,16,0,0,0,0,0,0,0,0,0,3.940351,0,1,1
53,44,1,0,14,1,0,1,0,0,0,0,4.366808,0,0,1
57,48,1,0,18,1,0,1,0,0,0,0,4.3152847,0,0,1
134,19,6,100,7,1,2,1,0,0,0,0,4.6671996,0,0,1
171,17,6,139,7,1,3,1,0,0,0,0,4.614108,0,0,1
56,37,11,0,0,0,0,1,0,0,0,0,4.199514,0,0,1
48,34,6,0,0,0,0,1,0,0,0,0,4.0718546,0,0,1
44,28,8,0,0,1,0,1,0,0,0,0,4.096382,0,0,1
44,26,10,0,0,0,0,1,0,0,0,0,4.1441064,0,0,1
43,34,1,0,6,2,0,1,0,0,0,0,4.3129086,0,0,1
41,32,1,0,6,2,0,1,0,0,0,0,4.473048,0,0,1
76,18,50,0,0,1,0,1,0,0,0,0,4.079411,0,0,1
33,24,1,0,0,2,0,0,0,0,0,0,4.248495,0,0,1
39,24,7,0,0,2,0,0,0,0,0,0,4.284901,0,0,1
32,23,1,0,0,2,0,0,0,0,0,0,4.093139,0,0,1
38,23,7,0,0,2,0,0,0,0,0,0,4.201232,0,0,1
39,23,8,0,0,0,0,1,0,0,0,0,3.9772086,0,0,1
124,13,46,57,6,3,1,0,0,0,0,0,5.194797,0,0,1
27,18,1,0,0,1,0,0,0,0,0,0,3.986188,0,0,1
353,15,23,386,24,1,11,0,0,0,1,0,5.558741,0,0,1
30,21,1,0,2,0,0,1,0,0,0,0,3.9362433,0,0,1
1118,9,56,1045,215,3,1,0,0,0,0,0,4.776711,0,0,1
33,24,1,0,0,1,0,0,0,0,0,0,4.104408,0,0,1
43,24,11,0,0,1,0,0,0,0,0,0,4.248842,0,0,1
40,31,1,0,0,2,0,1,0,0,0,0,4.3153114,0,1,1
32,23,1,0,0,0,0,1,0,0,0,0,4.0778193,0,1,1
44,35,1,0,2,2,0,1,0,0,0,0,4.208987,0,1,1
46,37,1,0,6,2,0,1,0,0,0,0,4.439338,0,0,1
30,15,7,0,0,1,0,0,0,0,0,0,3.8565648,0,0,1
36,27,1,0,6,0,0,0,0,0,0,0,4.308271,0,0,1
43,27,8,0,6,1,0,0,0,0,0,0,4.3792987,0,0,1
34,22,4,0,1,0,0,0,0,0,0,0,4.233947,0,0,1
47,24,16,0,6,1,0,1,0,0,0,0,4.1048236,0,0,1
50,24,19,0,6,1,0,1,0,0,0,0,4.418172,0,0,1
132,24,47,53,9,3,1,1,0,0,0,0,5.3316126,0,0,1
38,29,1,0,0,2,0,0,0,0,0,0,4.000978,0,0,1
44,29,7,0,0,2,0,0,0,0,0,0,4.0620694,0,0,1
42,33,1,0,0,2,0,0,0,0,0,0,4.121268,0,0,1
48,33,7,0,0,2,0,0,0,0,0,0,4.13738,0,0,1
143,16,24,95,2,0,5,1,0,1,0,0,4.679092,0,0,1
39,12,19,0,0,0,0,0,0,0,0,0,4.016583,0,0,1
62,22,32,0,0,1,0,1,0,0,0,0,4.336394,0,0,1
103,20,75,0,12,0,0,1,0,0,0,0,4.652968,0,0,1
103,20,75,0,12,0,0,1,0,0,0,1,4.652968,0,0,1
102,20,75,0,12,0,0,1,0,0,0,0,4.654345,0,0,1
101,20,74,0,12,0,0,1,0,0,0,0,4.668016,0,0,1
47,16,9,13,0,0,1,0,0,0,0,0,4.214297,0,0,1
177,24,38,118,18,4,2,0,0,0,1,0,4.6983447,0,1,1
42,18,16,0,3,2,0,1,0,0,0,0,4.282099,0,0,1
34,14,12,0,0,0,0,0,0,0,0,0,3.6649768,0,0,1
35,14,13,0,0,0,0,0,0,0,0,0,3.6443067,0,0,1
48,32,8,0,0,2,0,1,0,0,0,0,4.2542477,0,0,1
212,19,117,67,11,2,1,0,0,0,0,0,5.357615,0,1,1
42,10,24,0,0,3,0,0,0,0,0,0,4.254831,0,1,1
41,10,23,0,0,3,0,0,0,0,0,0,4.271471,0,1,1
84,15,61,0,9,0,0,1,0,0,0,0,5.232983,0,0,1
84,15,61,0,8,0,0,1,0,0,0,0,5.1763773,0,0,1
84,15,61,0,11,0,0,1,0,0,0,0,5.1853642,0,0,1
84,15,61,0,9,0,0,1,0,0,0,0,5.179528,0,0,1
84,15,61,0,7,1,0,1,0,0,0,0,5.2716155,0,0,1
84,15,61,0,7,0,0,1,0,0,0,0,5.015547,0,0,1
84,15,61,0,14,1,0,1,0,0,0,0,5.1662016,0,0,1
84,15,61,0,10,0,0,1,0,0,0,0,5.057637,0,0,1
84,15,61,0,5,1,0,1,0,0,0,0,5.2344794,0,0,1
84,15,61,0,8,1,0,1,0,0,0,0,5.0440035,0,0,1
84,15,61,0,7,1,0,1,0,0,0,0,5.1627436,0,0,1
84,15,61,0,9,0,0,1,0,0,0,0,5.192389,0,0,1
84,15,61,0,4,1,0,1,0,0,0,0,5.1438885,0,0,1
84,15,61,0,6,0,0,1,0,0,0,0,5.1267962,0,0,1
84,15,61,0,12,1,0,1,0,0,0,0,5.2060227,0,0,1
84,15,61,0,4,0,0,1,0,0,0,0,5.012396,0,0,1
84,15,61,0,11,0,0,1,0,0,0,0,5.3090587,0,0,1
84,15,61,0,5,0,0,1,0,0,0,0,4.9784107,0,0,1
84,15,61,0,11,0,0,1,0,0,0,0,5.146732,0,0,1
84,15,61,0,7,1,0,1,0,0,0,0,5.1720376,0,0,1
80,71,1,0,26,6,0,2,0,0,0,0,4.7541385,0,0,1
84,15,61,0,6,0,0,1,0,0,0,0,5.0428143,0,0,1
84,15,61,0,8,0,0,1,0,0,0,0,5.1287584,0,0,1
84,15,61,0,11,1,0,1,0,0,0,0,5.2786403,0,0,1
84,15,61,0,8,0,0,1,0,0,0,0,5.049532,0,0,1
84,15,61,0,12,1,0,1,0,0,0,0,5.104949,0,0,1
84,15,61,0,9,1,0,1,0,0,0,0,5.1744156,0,0,1
84,15,61,0,7,1,0,1,0,0,0,0,5.186553,0,0,1
84,15,61,0,4,2,0,1,0,0,0,0,5.0872827,0,0,1
84,15,61,0,6,1,0,1,0,0,0,0,5.1392417,0,0,1
84,15,61,0,6,0,0,1,0,0,0,0,5.2239966,0,0,1
84,15,61,0,8,1,0,1,0,0,0,0,5.234172,0,0,1
84,15,61,0,6,1,0,1,0,0,0,0,5.2567925,0,0,1
84,15,61,0,5,0,0,1,0,0,0,0,5.282099,0,0,1
84,15,61,0,6,1,0,1,0,0,0,0,5.0872827,0,0,1
84,15,61,0,6,1,0,1,0,0,0,0,5.158404,0,0,1
84,15,61,0,6,0,0,1,0,0,0,0,5.3340573,0,0,1
84,15,61,0,7,2,0,1,0,0,0,0,5.213821,0,0,1
84,15,61,0,8,0,0,1,0,0,0,0,5.1197715,0,0,1
23,4,11,0,3,0,0,0,0,0,0,0,4.1100936,1,0,1
62,21,33,0,0,1,0,0,0,0,0,0,4.2025294,0,0,1
23,4,11,0,3,0,0,0,0,0,0,0,4.1100936,1,0,1
61,21,32,0,0,1,0,0,0,0,0,0,4.214291,0,0,1
23,4,11,0,2,0,0,0,0,0,0,0,4.023137,1,0,1
60,29,23,0,9,0,0,1,0,0,0,0,4.5569954,0,1,1
23,4,11,0,3,0,0,0,0,0,0,0,3.9690015,1,0,1
192,13,12,164,46,3,4,1,0,0,1,0,5.0550375,0,1,1
23,4,11,0,1,0,0,0,0,0,0,0,3.7950885,1,0,1
24,13,3,0,0,0,0,0,0,0,0,0,4.0535088,0,0,1
23,4,11,0,1,0,0,0,0,0,0,0,4.023137,1,0,1
23,4,11,0,1,0,0,0,0,0,0,0,3.8492239,1,0,1
51,11,32,0,0,1,0,0,0,0,0,0,4.181463,0,0,1
23,4,11,0,3,0,0,0,0,0,0,0,3.9690015,1,0,1
23,4,11,0,1,0,0,0,0,0,0,0,4.1100936,1,0,1
24,13,3,0,0,0,0,0,0,0,0,0,3.9701755,0,0,1
23,4,11,0,2,0,0,0,0,0,0,0,4.023137,1,0,1
23,4,11,0,2,0,0,0,0,0,0,0,4.1100936,1,0,1
24,13,3,0,0,0,0,0,0,0,0,0,3.8553886,0,0,1
23,4,11,0,5,0,0,0,0,0,0,0,4.1100936,1,0,1
70,32,28,0,3,0,0,2,0,0,0,0,4.515456,0,0,1
23,4,11,0,3,0,0,0,0,0,0,0,3.9361804,1,0,1
57,24,26,0,9,1,0,1,0,0,0,0,4.1692247,0,0,1
28,11,9,0,2,0,0,0,0,0,0,0,4.253434,1,0,1
62,43,11,0,23,1,0,1,0,0,0,0,4.772193,0,0,1
28,11,9,0,0,0,0,0,0,0,0,0,4.1375375,1,0,1
205,43,13,140,37,3,7,1,0,0,0,0,5.2138004,0,1,1
28,11,9,0,0,0,0,0,0,0,0,0,4.0121884,1,0,1
229,43,13,164,37,3,7,1,0,0,0,0,5.200216,0,1,1
22,6,8,0,2,0,0,0,0,0,0,0,4.027169,1,0,1
22,11,3,0,0,0,0,0,0,0,0,0,3.5949066,0,0,1
28,11,9,0,2,0,0,0,0,0,0,0,4.2264743,1,0,1
62,43,11,0,20,1,0,1,0,0,0,0,4.564858,0,0,1
32,11,13,0,0,0,0,0,0,0,0,0,4.2417293,1,0,1
38,29,1,0,6,2,0,1,0,0,0,0,4.3591266,0,0,1
20,7,5,0,1,0,0,0,0,0,0,0,3.7841837,0,0,1
20,5,7,0,2,0,0,0,0,0,0,0,3.5464394,0,0,1
46,13,25,0,10,0,0,0,0,0,0,0,4.5262947,0,0,1
22,6,8,0,1,0,0,0,0,0,0,0,3.93626,1,0,1
21,6,7,0,1,1,0,0,0,0,0,0,3.939471,0,0,1
34,17,9,0,0,0,0,1,0,0,0,0,4.1162996,0,0,1
20,7,5,0,0,0,0,0,0,0,0,0,3.6841838,0,0,1
81,31,42,0,9,3,0,1,0,0,0,0,4.548573,0,0,1
20,7,5,0,0,0,0,0,0,0,0,0,3.6841838,0,0,1
20,7,5,0,0,0,0,0,0,0,0,0,3.6841838,0,0,1
81,31,42,0,8,3,0,1,0,0,0,0,4.602456,0,0,1
20,7,5,0,0,0,0,0,0,0,0,0,3.7841837,0,0,1
21,6,7,0,0,1,0,0,0,0,0,0,3.8442328,0,0,1
42,33,1,0,6,2,0,1,0,0,0,0,4.3680425,0,0,1
33,24,1,0,0,2,0,0,0,0,0,0,3.8818326,0,0,1
39,24,7,0,0,2,0,0,0,0,0,0,3.9014492,0,0,1
39,31,0,0,1,3,0,1,0,0,0,0,4.1284943,0,0,1
46,37,1,0,5,2,0,1,0,0,0,0,4.4122705,0,0,1
26,17,1,0,0,0,0,1,0,0,0,0,3.7671835,0,0,1
49,40,1,0,0,4,0,1,0,0,0,0,4.2783027,0,0,1
34,25,1,0,0,2,0,0,0,0,0,0,4.1973257,0,0,1
30,21,1,0,0,0,0,0,0,0,0,0,4.189898,0,0,1
34,25,1,0,0,0,0,1,0,0,0,0,4.2561493,0,0,1
39,25,6,0,0,0,0,1,0,0,0,0,4.284901,0,0,1
114,45,61,0,17,10,0,1,0,0,0,0,4.632153,0,0,1
92,12,68,3,31,4,1,0,0,0,0,0,4.7924924,0,0,1
36,10,18,0,4,0,0,0,0,0,0,0,4.347435,0,0,1
40,32,0,0,0,2,0,1,0,0,0,0,4.1653113,0,1,1
37,29,0,0,0,2,0,1,0,0,0,0,4.1008167,0,0,1
42,20,14,0,2,2,0,0,0,0,0,0,4.2024565,0,0,1
268,14,15,298,19,0,7,0,0,0,1,0,5.5696397,0,0,1
267,14,15,298,19,0,7,0,0,0,1,0,5.565214,0,0,1
278,25,19,293,16,1,6,1,0,0,1,0,5.5357227,0,0,1
297,21,9,326,25,0,7,0,0,0,1,0,5.5567513,0,0,1
304,18,29,316,32,1,9,1,0,0,1,0,5.58311,0,0,1
300,14,29,316,32,1,9,0,0,0,1,0,5.584869,0,0,1
256,12,14,289,15,1,6,0,0,0,1,0,5.5373363,0,0,1
307,26,17,323,22,0,9,0,0,0,1,0,5.5671415,0,0,1
282,26,10,306,19,1,8,0,0,0,1,0,5.576224,0,0,1
262,11,10,301,21,0,7,0,0,0,1,0,5.553523,0,0,1
33,25,0,0,1,2,0,1,0,0,0,0,4.063651,0,0,1
32,24,1,0,0,1,0,0,0,0,0,0,3.7692475,0,0,1
37,12,17,0,0,1,0,0,0,0,0,0,4.1752734,0,0,1
42,34,1,0,0,2,0,1,0,0,0,0,4.2135134,0,0,1
33,25,0,0,13,0,0,1,0,0,0,0,4.127283,0,0,1
43,34,1,0,5,1,0,1,0,0,0,0,4.4173326,0,0,1
34,26,0,0,14,0,0,1,0,0,0,0,4.032336,0,0,1
28,19,1,0,0,2,0,0,0,0,0,0,3.94076,0,0,1
34,19,7,0,0,2,0,0,0,0,0,0,4.0352736,0,0,1
30,21,1,0,0,2,0,0,0,0,0,0,3.8314018,0,0,1
26,17,1,0,0,1,0,0,0,0,0,0,3.6612263,0,0,1
31,22,1,0,0,2,0,0,0,0,0,0,3.7080934,0,0,1
30,22,1,0,0,2,0,0,0,0,0,0,3.6859176,0,0,1
28,19,1,0,0,1,0,1,0,0,0,0,3.6725535,0,0,1
26,17,1,0,0,1,0,0,0,0,0,0,3.6612263,0,0,1
35,26,1,0,0,2,0,1,0,0,0,0,3.7183094,0,0,1
34,26,1,0,0,2,0,1,0,0,0,0,3.6938136,0,0,1
31,22,1,0,0,2,0,0,0,0,0,0,3.7080934,0,0,1
30,21,1,0,0,2,0,0,0,0,0,0,3.806239,0,0,1
31,22,1,0,0,2,0,0,0,0,0,0,3.6467986,0,0,1
61,27,26,0,0,1,0,1,0,0,0,0,4.2925053,0,0,1
60,27,25,0,0,1,0,1,0,0,0,0,4.301515,0,0,1
35,13,14,0,0,0,0,0,0,0,0,0,3.7970204,0,0,1
48,16,24,0,9,0,0,1,0,0,0,0,4.5718546,0,0,1
37,16,13,0,9,0,0,1,0,0,0,0,4.2806826,0,0,1
18,10,1,0,7,0,0,0,0,0,0,0,3.4613202,0,0,1
22,14,1,0,1,0,0,1,0,0,0,0,3.6635327,0,0,1
72,23,41,0,0,1,0,0,0,0,0,0,4.2976623,0,1,1
42,22,13,0,4,0,0,1,0,0,0,0,4.4429293,0,0,1
73,23,42,0,0,1,0,0,0,0,0,0,4.3160315,0,1,1
59,22,29,0,3,2,0,0,0,0,0,0,4.1082864,0,0,1
33,24,1,0,0,2,0,0,0,0,0,0,3.9454648,0,0,1
35,26,1,0,0,2,0,1,0,0,0,0,3.6115854,0,0,1
34,26,1,0,0,2,0,1,0,0,0,0,3.5839505,0,0,1
39,24,7,0,0,2,0,0,0,0,0,0,4.0385,0,0,1
44,23,13,0,0,0,0,1,0,0,0,0,4.001728,0,0,1
37,28,1,0,0,0,0,1,0,0,0,0,3.850949,0,0,1
67,15,17,30,0,0,3,1,0,0,1,0,4.2447157,0,0,1
25,16,1,0,0,1,0,0,0,0,0,0,3.9434652,0,0,1
36,16,12,0,0,1,0,0,0,0,0,0,3.9166079,0,0,1
34,16,10,0,0,1,0,0,0,0,0,0,4.101881,0,0,1
27,18,1,0,0,2,0,1,0,0,0,0,4.0043445,0,0,1
30,13,9,0,0,0,0,0,0,0,0,0,3.9483943,0,0,1
31,13,10,0,0,0,0,0,0,0,0,0,3.9101794,0,0,1
39,23,8,0,0,3,0,0,0,0,0,0,4.02593,0,0,1
32,23,1,0,0,3,0,0,0,0,0,0,4.093139,0,0,1
36,27,1,0,0,3,0,1,0,0,0,0,4.176191,0,0,1
63,17,38,0,0,2,0,0,0,0,0,0,4.1124554,0,0,1
41,25,9,0,0,0,0,0,0,0,0,0,4.043545,0,0,1
58,21,29,0,3,2,0,0,0,0,0,0,4.2845607,0,0,1
58,21,29,0,3,2,0,0,0,0,0,0,4.263093,0,0,1
59,22,29,0,1,3,0,0,0,0,0,0,4.253169,0,0,1
30,18,4,0,0,1,0,1,0,0,0,0,3.9898982,0,0,1
30,18,4,0,0,1,0,1,0,0,0,0,4.040224,0,0,1
36,8,20,0,0,0,0,0,0,0,0,0,3.687034,0,0,1
39,22,9,0,0,0,0,0,0,0,0,0,4.086559,0,0,1
42,33,1,0,0,2,0,1,0,0,0,0,4.2611322,0,0,1
41,33,1,0,0,2,0,1,0,0,0,0,4.277926,0,0,1
94,25,61,0,6,1,0,1,0,0,0,0,4.5968304,0,1,1
35,26,1,0,0,2,0,1,0,0,0,0,3.704303,0,0,1
21,12,1,0,0,0,0,0,0,0,0,0,3.2961483,0,0,1
43,13,22,0,0,2,2,0,0,0,0,0,4.219886,0,0,1
44,21,16,0,0,0,0,2,0,0,0,0,4.135235,0,1,1
32,23,1,0,0,0,0,1,0,0,0,0,3.9764097,0,0,1
31,23,1,0,0,0,0,1,0,0,0,0,3.9621031,0,0,1
30,18,4,0,0,0,0,0,0,0,0,0,4.0817275,0,0,1
29,18,3,0,0,0,0,0,0,0,0,0,4.116265,0,0,1
35,23,4,0,0,0,0,1,0,0,0,0,3.8757315,0,0,1
40,31,1,0,1,1,0,1,0,0,0,0,4.1653113,0,0,1
34,25,1,0,4,0,0,1,0,0,0,0,4.278352,0,0,1
25,16,1,0,0,0,0,1,0,0,0,0,3.8936608,0,0,1
33,24,1,0,6,1,0,1,0,0,0,0,4.2713704,0,0,1
31,22,1,0,1,1,0,1,0,0,0,0,4.042433,0,0,1
28,19,1,0,0,0,0,1,0,0,0,0,3.9946804,0,0,1
34,25,1,0,0,0,0,1,0,0,0,0,4.219528,0,0,1
44,35,1,0,0,0,0,1,0,0,0,0,4.288755,0,1,1
28,19,1,0,0,0,0,1,0,0,0,0,4.1375375,0,0,1
31,22,1,0,0,0,0,1,0,0,0,0,4.0022683,0,0,1
45,36,1,0,7,1,0,1,0,0,0,0,4.483318,0,0,1
40,22,10,0,0,0,0,0,0,0,0,0,4.303056,0,0,1
37,19,10,0,0,0,0,0,0,0,0,0,4.1752734,0,0,1
36,19,9,0,0,0,0,0,0,0,0,0,4.19716,0,0,1
36,18,10,0,0,0,0,0,0,0,0,0,3.9511943,0,0,1
35,18,9,0,0,0,0,0,0,0,0,0,3.968449,0,0,1
43,25,10,0,3,0,0,1,0,0,0,0,4.367898,0,0,1
37,19,10,0,0,0,0,0,0,0,0,0,4.162024,0,0,1
36,19,9,0,0,0,0,0,0,0,0,0,4.1835423,0,0,1
44,36,0,0,7,1,0,1,0,0,0,0,4.4905863,0,0,1
37,20,9,0,0,0,0,0,0,0,0,0,4.1008167,0,0,1
30,22,0,0,11,0,0,1,0,0,0,0,4.0817275,0,0,1
29,14,7,0,0,0,0,1,0,0,0,0,4.1591997,0,0,1
37,30,0,0,0,2,0,1,0,0,0,0,4.020962,0,0,1
39,32,0,0,0,2,0,1,0,0,0,0,3.955292,0,1,1
38,31,0,0,0,2,0,1,0,0,0,0,4.0155873,0,0,1
39,32,0,0,0,3,0,1,0,0,0,0,4.079773,0,0,1
31,24,0,0,0,1,0,1,0,0,0,0,3.9219382,0,0,1
32,25,0,0,0,2,0,1,0,0,0,0,3.7181392,0,0,1
44,35,1,0,6,1,0,1,0,0,0,0,4.4734297,0,0,1
43,35,1,0,6,1,0,1,0,0,0,0,4.4173326,0,0,1
40,24,8,0,3,1,0,1,0,0,0,0,4.293943,0,0,1
38,29,1,0,1,0,0,1,0,0,0,0,4.178738,0,0,1
131,15,108,0,10,6,0,1,0,0,0,0,5.452578,0,0,1
48,21,19,0,0,0,0,2,0,0,0,0,4.113521,0,0,1
36,27,1,0,15,0,0,1,0,0,0,0,4.176191,0,0,1
28,19,1,0,3,0,0,1,0,0,0,0,3.9137995,0,0,1
36,27,1,0,0,2,0,1,0,0,0,0,4.0832744,0,0,1
31,22,1,0,11,0,0,1,0,0,0,0,4.0667844,0,0,1
36,27,1,0,0,0,0,1,0,0,0,0,4.00675,0,0,1
45,21,16,0,0,0,0,2,0,0,0,0,4.1358633,0,1,1
45,27,10,0,6,0,0,1,0,0,0,0,4.419305,0,0,1
42,35,0,0,6,1,0,1,0,0,0,0,4.424956,0,0,1
39,31,0,0,6,2,0,1,0,0,0,0,4.182337,0,0,1
68,21,39,0,25,0,0,1,0,0,0,0,4.5029244,0,0,1
26,17,1,0,0,1,0,0,0,0,0,0,4.10391,0,0,1
30,21,1,0,0,1,0,1,0,0,0,0,4.1647353,0,0,1
32,17,7,0,0,1,0,0,0,0,0,0,4.093139,0,0,1
43,35,1,0,6,1,0,1,0,0,0,0,4.370821,0,0,1
58,50,1,0,8,3,0,1,0,0,0,0,4.3728266,0,0,1
29,21,1,0,9,0,0,1,0,0,0,0,4.1852303,0,0,1
30,22,1,0,10,0,0,1,0,0,0,0,4.1232314,0,0,1
35,27,0,0,0,2,0,1,0,0,0,0,4.0687284,0,0,1
33,25,0,0,0,2,0,1,0,0,0,0,4.127283,0,1,1
40,32,0,0,0,3,0,1,0,0,0,0,4.087326,0,1,1
38,30,0,0,0,2,0,1,0,0,0,0,4.026707,0,1,1
37,29,0,0,0,2,0,1,0,0,0,0,4.1008167,0,0,1
37,29,0,0,0,3,0,1,0,0,0,0,4.0671654,0,0,1
58,50,1,0,0,3,0,1,0,0,0,0,4.0467467,0,0,1
37,28,1,0,0,1,0,1,0,0,0,0,4.0750165,0,0,1
122,15,62,36,16,3,2,1,0,0,0,0,5.120104,0,0,1
43,34,1,0,6,2,0,1,0,0,0,0,4.4258103,0,0,1
107,29,56,13,6,6,1,1,0,0,0,0,4.663979,0,1,1
93,29,56,0,6,6,0,1,0,0,0,0,4.6312103,0,0,1
36,27,1,0,0,3,0,1,0,0,0,0,4.176191,0,0,1
32,23,1,0,0,3,0,0,0,0,0,0,4.093139,0,0,1
39,23,8,0,0,3,0,0,0,0,0,0,4.02593,0,0,1
35,15,12,0,0,0,0,0,0,0,0,0,4.085588,0,0,1
44,35,1,0,6,1,0,1,0,0,0,0,4.427975,0,0,1
133,23,32,69,24,1,3,1,0,0,0,0,5.347712,0,0,1
27,18,1,0,0,0,0,0,0,0,0,0,4.0323033,0,0,1
80,7,65,0,12,0,0,0,0,0,0,0,4.5248704,0,0,1
80,7,65,0,13,0,0,0,0,0,0,0,4.760555,0,0,1
43,34,1,0,0,2,0,1,0,0,0,0,4.0361614,0,0,1
38,29,1,0,0,1,0,1,0,0,0,0,4.1684656,0,0,1
41,32,1,0,2,2,0,1,0,0,0,0,4.210734,0,0,1
47,38,1,0,6,2,0,1,0,0,0,0,4.5381117,0,0,1
26,17,1,0,1,0,0,1,0,0,0,0,3.7671835,0,0,1
42,33,1,0,0,2,0,0,0,0,0,0,4.0916224,0,0,1
48,33,7,0,0,2,0,0,0,0,0,0,4.153107,0,0,1
54,17,30,0,9,0,0,1,0,0,0,0,4.847118,0,0,1
36,16,5,0,9,0,0,0,0,0,0,0,4.3054967,0,0,1
19,10,1,0,1,0,0,0,0,0,0,0,3.7474132,0,0,1
30,21,1,0,9,0,0,1,0,0,0,0,4.056565,0,0,1
29,21,1,0,9,0,0,1,0,0,0,0,4.047299,0,0,1
45,21,16,0,5,0,0,1,0,0,0,0,4.235646,0,0,1
90,30,19,33,12,0,1,0,0,0,0,0,4.6883,0,0,1
50,15,27,0,2,1,0,0,0,0,0,0,4.36637,0,0,1
47,27,12,0,3,2,0,0,0,0,0,0,4.3678985,0,0,1
39,20,11,0,0,1,0,2,0,0,0,0,4.2336187,0,0,1
75,17,50,0,1,3,0,0,0,0,0,0,4.2294154,0,0,1
45,26,11,0,0,1,0,1,0,0,0,0,4.3726416,0,0,1
46,28,10,0,0,0,0,1,0,0,0,0,4.178468,0,0,1
50,28,14,0,0,0,0,1,0,0,0,0,4.4161744,0,0,1
53,28,17,0,0,2,0,1,0,0,0,0,4.6217093,0,0,1
43,28,7,0,0,0,0,1,0,0,0,0,4.711035,0,0,1
50,28,14,0,0,0,0,1,0,0,0,0,4.281077,0,0,1
71,28,19,15,7,3,1,1,0,0,0,0,4.885682,0,0,1
34,25,1,0,0,0,0,1,0,0,0,0,4.0796785,0,0,1
26,17,1,0,0,0,0,1,0,0,0,0,3.9790978,0,0,1
28,19,1,0,3,0,0,1,0,0,0,0,4.182006,0,0,1
31,22,1,0,0,0,0,1,0,0,0,0,4.0825977,0,0,1
28,19,1,0,0,1,0,1,0,0,0,0,3.9137995,0,0,1
27,18,1,0,2,0,0,1,0,0,0,0,3.6484318,0,0,1
29,20,1,0,3,0,0,1,0,0,0,0,3.7974677,0,0,1
26,17,1,0,0,1,0,0,0,0,0,0,3.9210296,0,0,1
30,21,1,0,0,1,0,1,0,0,0,0,4.006239,0,0,1
43,36,0,0,7,1,0,1,0,0,0,0,4.3883767,0,0,1
19,10,1,0,0,0,0,1,0,0,0,0,3.5766177,0,0,1
37,28,1,0,16,0,0,1,0,0,0,0,4.114066,0,0,1
38,29,1,0,17,0,0,1,0,0,0,0,4.05361,0,0,1
45,36,1,0,7,1,0,1,0,0,0,0,4.438874,0,0,1
62,19,35,0,0,1,0,0,0,0,0,0,4.080729,0,0,1
37,28,1,0,16,0,0,1,0,0,0,0,4.0236616,0,0,1
25,16,1,0,0,1,0,0,0,0,0,0,3.5132697,0,0,1
35,26,1,0,14,0,0,1,0,0,0,0,3.8925912,0,0,1
39,30,1,0,0,3,0,1,0,0,0,0,4.182337,0,0,1
42,33,1,0,13,1,0,1,0,0,0,0,4.3087516,0,0,1
54,32,14,0,3,1,0,1,0,0,0,0,4.3350534,0,0,1
29,20,1,0,0,0,0,0,0,0,0,0,3.952303,0,0,1
20,5,7,0,0,0,0,0,0,0,0,0,3.8841836,0,0,1
41,32,1,0,6,2,0,1,0,0,0,0,4.454636,0,0,1
41,32,1,0,6,2,0,1,0,0,0,0,4.308295,0,0,1
45,17,20,0,0,0,0,0,0,0,0,0,4.161313,0,0,1
29,20,1,0,0,0,0,1,0,0,0,0,3.4400702,0,0,1
45,20,17,0,0,0,0,0,0,0,0,0,3.9300604,0,0,1
46,20,18,0,0,0,0,0,0,0,0,0,3.9172506,0,0,1
35,20,7,0,0,0,0,1,0,0,0,0,3.6910346,0,0,1
36,20,8,0,0,0,0,1,0,0,0,0,3.681486,0,0,1
55,20,14,12,0,0,2,1,0,0,0,0,4.263179,0,0,1
41,20,13,0,0,0,0,1,0,0,0,0,3.8883123,0,0,1
28,19,1,0,0,1,0,0,0,0,0,0,3.9232519,0,0,1
354,41,25,279,51,8,1,1,0,0,0,0,5.1802683,0,0,1
210,35,16,150,16,1,10,1,0,0,0,0,4.947671,0,0,1
36,29,0,0,0,2,0,1,0,0,0,0,3.9193819,0,0,1
34,25,1,0,0,2,0,1,0,0,0,0,3.9986525,0,0,1
50,15,12,14,10,0,1,1,0,0,0,0,4.536175,0,0,1
30,21,1,0,0,0,0,1,0,0,0,0,3.8565648,0,0,1
42,35,0,0,6,1,0,1,0,0,0,0,4.3773365,0,0,1
55,47,1,0,4,2,0,1,0,0,0,0,4.556195,0,0,1
43,36,0,0,7,1,0,1,0,0,0,0,4.3883767,0,0,1
44,36,1,0,7,1,0,1,0,0,0,0,4.3825207,0,0,1
44,36,1,0,7,1,0,1,0,0,0,0,4.427975,0,0,1
58,50,1,0,8,3,0,1,0,0,0,0,4.3728266,0,0,1
22,13,1,0,0,0,0,0,0,0,0,0,3.5383105,0,0,1
22,8,6,0,0,0,0,0,0,0,0,0,3.499458,0,0,1
52,10,22,0,15,0,0,0,0,0,0,0,4.6498785,0,0,1
32,24,0,0,0,1,0,1,0,0,0,0,4.030639,0,0,1
26,15,3,0,0,1,0,0,0,0,0,0,4.180833,0,1,1
23,11,4,0,0,1,0,0,0,0,0,0,3.6211755,0,0,1
22,11,3,0,0,1,0,0,0,0,0,0,3.6635327,0,0,1
35,27,0,0,1,1,0,1,0,0,0,0,4.0791435,0,0,1
45,27,10,0,1,1,0,1,0,0,0,0,4.224752,0,0,1
35,27,0,0,2,1,0,1,0,0,0,0,4.2505717,0,0,1
44,27,10,0,1,1,0,1,0,0,0,0,4.3281946,0,0,1
44,27,9,0,1,1,0,1,0,0,0,0,4.401947,0,0,1
136,15,3,109,19,0,3,0,0,1,0,0,5.583216,0,0,1
36,28,1,0,7,1,0,1,0,0,0,0,4.2736845,0,0,1
43,36,0,0,7,1,0,1,0,0,0,0,4.4348884,0,0,1
29,20,1,0,0,0,0,1,0,0,0,0,4.047299,0,0,1
26,17,1,0,0,0,0,1,0,0,0,0,4.132944,0,0,1
27,18,1,0,0,0,0,1,0,0,0,0,4.0323033,0,0,1
39,30,1,0,0,0,0,1,0,0,0,0,3.3499165,0,0,1
32,23,1,0,8,0,0,1,0,0,0,0,4.3903193,0,0,1
32,23,1,0,3,0,0,1,0,0,0,0,4.3278193,0,0,1
62,53,1,0,42,0,0,1,0,0,0,0,2.8255806,0,0,1
40,32,1,0,8,1,0,1,0,0,0,0,4.3964396,0,0,1
17,9,0,0,0,0,0,0,0,0,0,0,3.3371754,0,0,1
39,30,1,0,0,0,0,0,0,0,0,0,4.070426,0,0,1
45,36,1,0,7,1,0,1,0,0,0,0,4.483318,0,0,1
34,18,8,0,0,1,0,0,0,0,0,0,4.020855,0,0,1
136,22,8,101,44,1,2,1,0,0,1,0,5.1662097,0,0,1
27,18,1,0,0,1,0,0,0,0,0,0,4.0784187,0,0,1
31,22,1,0,0,1,0,1,0,0,0,0,4.1471143,0,0,1
48,39,1,0,1,3,0,1,0,0,0,0,4.1313286,0,0,1
48,39,1,0,5,0,0,2,0,0,0,0,4.498734,0,0,1
48,39,1,0,5,0,0,2,0,0,0,0,4.5637217,0,0,1
48,39,1,0,3,0,0,2,0,0,0,0,4.474875,0,0,1
36,15,13,0,0,0,0,0,0,0,0,0,4.0860486,0,0,1
51,19,24,0,4,1,0,0,0,0,0,1,4.259894,0,0,1
48,39,1,0,3,0,0,2,0,0,0,0,4.399674,0,0,1
25,16,1,0,3,1,0,1,0,0,0,0,4.133661,0,0,1
32,19,5,0,1,0,0,0,0,0,0,0,4.2417293,0,0,1
51,42,1,0,0,0,0,1,0,0,0,0,4.028655,0,0,1
38,31,0,0,0,1,0,1,0,0,0,0,3.895715,0,0,1
65,23,34,0,0,0,0,0,0,0,0,0,4.11458,0,0,1
39,30,1,0,0,0,0,2,0,0,0,0,3.8140156,0,0,1
85,25,14,38,17,0,1,1,0,0,0,0,4.6580024,0,0,1
25,16,1,0,0,1,0,0,0,0,0,0,4.053661,0,0,1
31,16,7,0,0,1,0,0,0,0,0,0,4.042433,0,0,1
38,29,1,0,0,1,0,1,0,0,0,0,4.0632024,0,0,1
87,29,16,33,16,1,2,1,0,0,0,0,5.152096,0,0,1
50,42,0,0,6,1,0,1,0,0,0,0,4.48637,0,0,1
28,19,1,0,0,1,0,0,0,0,0,0,4.0121884,0,0,1
37,19,10,0,0,1,0,0,0,0,0,0,4.2833815,0,0,1
26,7,11,0,0,0,0,0,0,0,0,0,4.10391,0,1,1
61,20,33,0,4,0,1,1,0,0,0,0,4.6685452,0,0,1
45,21,16,0,2,0,0,1,0,0,0,0,4.7304163,0,0,1
32,23,1,0,0,2,0,0,0,0,0,0,3.9445488,0,0,1
38,23,7,0,0,2,0,0,0,0,0,0,3.9880774,0,0,1
37,11,18,0,8,0,0,0,0,0,0,0,4.2939315,0,0,1
35,9,18,0,6,0,0,0,0,0,0,0,4.011585,0,0,1
35,9,18,0,6,0,0,0,0,0,0,0,4.183014,0,0,1
35,9,18,0,6,0,0,0,0,0,0,0,4.1118646,0,0,1
37,28,1,0,7,1,0,1,0,0,0,0,4.3374352,0,0,1
93,36,49,0,17,3,0,1,0,0,0,0,4.99795,0,0,1
54,10,22,0,15,0,0,0,0,0,0,0,4.632125,0,1,1
36,10,18,0,6,0,0,0,0,0,0,0,4.0623055,0,0,1
33,24,1,0,0,2,0,0,0,0,0,0,3.937445,0,0,1
39,24,7,0,0,2,0,0,0,0,0,0,4.0410604,0,0,1
30,21,1,0,0,2,0,0,0,0,0,0,3.9395723,0,0,1
36,21,7,0,0,2,0,0,0,0,0,0,4.0304933,0,0,1
29,20,1,0,0,0,0,0,0,0,0,0,3.9783335,0,0,1
33,16,9,0,0,0,0,0,0,0,0,0,3.9603202,0,0,1
35,27,0,0,0,1,0,1,0,0,0,0,4.24301,0,0,1
34,26,0,0,0,2,0,1,0,0,0,0,4.124084,0,0,1
24,13,3,0,0,1,0,0,0,0,0,0,3.8035088,0,1,1
41,32,1,0,5,2,0,1,0,0,0,0,4.2226906,0,0,1
47,39,0,0,3,0,0,2,0,0,0,0,4.4690666,0,0,1
47,39,0,0,5,0,0,2,0,0,0,0,4.4690666,0,0,1
281,19,17,304,16,1,7,0,0,0,1,0,5.6230707,0,0,1
29,21,0,0,0,1,0,1,0,0,0,0,4.211261,0,0,1
81,19,27,26,7,0,2,0,0,1,0,0,4.731963,0,0,1
93,12,73,0,2,4,0,0,0,0,0,0,5.0428305,0,0,1
57,29,20,0,0,0,0,0,0,0,0,0,4.0012474,0,0,1
59,27,24,0,0,0,0,1,0,0,0,0,4.452073,0,0,1
57,14,35,0,4,0,0,0,0,0,0,0,4.7824636,0,1,1
37,13,16,0,0,0,0,0,0,0,0,0,3.959057,0,1,1
35,26,1,0,0,2,0,0,0,0,0,0,4.0931497,0,0,1
41,26,7,0,0,2,0,0,0,0,0,0,4.210734,0,0,1
56,22,26,0,0,1,0,1,0,0,0,0,4.2399545,0,0,1
24,8,8,0,1,0,0,0,0,0,0,0,3.7720551,0,0,1
38,29,1,0,0,2,0,0,0,0,0,0,4.1813664,0,0,1
44,29,7,0,0,2,0,0,0,0,0,0,4.2029724,0,0,1
92,58,1,0,14,5,0,3,0,0,0,0,5.077804,0,0,1
40,31,1,0,0,3,0,0,0,0,0,0,4.177567,0,0,1
46,31,7,0,0,3,0,0,0,0,0,0,4.216193,0,0,1
37,28,1,0,0,3,0,0,0,0,0,0,4.229327,0,0,1
43,28,7,0,0,3,0,0,0,0,0,0,4.2687197,0,0,1
37,28,1,0,0,2,0,0,0,0,0,0,4.0369105,0,0,1
43,28,7,0,0,2,0,0,0,0,0,0,4.103152,0,0,1
32,24,0,0,0,2,0,1,0,0,0,0,4.10141,0,0,1
30,22,0,0,0,1,0,1,0,0,0,0,4.0980687,0,0,1
29,21,0,0,0,1,0,1,0,0,0,0,4.116265,0,0,1
30,22,0,0,0,1,0,1,0,0,0,0,4.2565646,0,0,1
35,26,1,0,0,1,0,1,0,0,0,0,3.9788642,0,0,1
55,26,11,7,4,1,1,1,0,0,0,0,4.6014714,0,0,1
35,26,1,0,0,2,0,0,0,0,0,0,4.1427307,0,0,1
41,26,7,0,0,2,0,0,0,0,0,0,4.201843,0,0,1
26,17,1,0,0,0,0,1,0,0,0,0,3.6902604,0,0,1
24,17,0,0,0,0,0,1,0,0,0,0,3.688722,0,0,1
113,56,10,38,52,0,1,2,0,0,0,0,4.598508,0,0,1
24,17,0,0,0,1,0,0,0,0,0,0,3.9701755,0,0,1
24,17,0,0,0,1,0,0,0,0,0,0,3.9701755,0,0,1
24,17,0,0,1,1,0,0,0,0,0,0,4.1368423,0,0,1
30,21,1,0,3,1,0,1,0,0,0,0,4.1232314,0,0,1
48,39,1,0,0,3,0,1,0,0,0,0,4.1105685,0,0,1
80,7,65,0,15,0,0,0,0,0,0,0,4.736078,0,0,1
48,39,1,0,4,0,0,2,0,0,0,0,4.2828064,0,0,1
48,39,1,0,5,0,0,2,0,0,0,0,4.6053886,0,0,1
48,39,1,0,4,0,0,2,0,0,0,0,4.4803886,0,0,1
53,13,32,0,0,1,0,0,0,0,0,0,4.3791666,0,1,1
48,39,1,0,5,0,0,2,0,0,0,0,4.7146616,0,0,1
42,33,1,0,0,0,0,1,0,0,0,0,4.1961546,0,0,1
47,38,1,0,7,4,0,1,0,0,0,0,4.442575,0,0,1
35,26,1,0,0,0,0,1,0,0,0,0,4.036007,0,0,1
37,28,1,0,3,0,0,1,0,0,0,0,4.270132,0,0,1
39,23,8,0,2,1,0,1,0,0,0,0,4.182337,0,0,1
27,18,1,0,0,0,0,1,0,0,0,0,3.9302704,0,0,1
31,19,4,0,0,0,0,0,0,0,0,0,4.0392118,0,0,1
24,17,0,0,1,1,0,0,0,0,0,0,3.938722,0,0,1
24,17,0,0,1,1,0,0,0,0,0,0,3.9701755,0,0,1
32,23,1,0,0,1,0,0,0,0,0,0,4.155639,0,0,1
68,28,1,30,7,1,1,1,0,0,0,0,5.2156363,0,1,1
62,22,1,30,12,1,1,1,0,0,0,0,5.093163,0,1,1
67,27,1,30,5,2,1,1,0,0,0,0,4.9683447,0,1,1
68,28,1,30,2,2,1,1,0,0,0,0,4.9692407,0,1,1
62,22,1,30,8,1,1,1,0,0,0,0,5.042433,0,1,1
63,23,1,30,3,1,1,1,0,0,0,0,4.863963,0,1,1
65,25,1,30,8,1,1,1,0,0,0,0,5.071992,0,1,1
61,21,1,30,4,1,1,1,0,0,0,0,4.9819784,0,1,1
66,26,1,30,2,1,1,1,0,0,0,0,5.09698,0,1,1
33,26,0,0,0,2,0,1,0,0,0,0,3.8589573,0,0,1
35,26,1,0,0,2,0,1,0,0,0,0,3.8757315,0,0,1
24,13,3,0,0,0,0,0,0,0,0,0,3.6531072,0,0,1
30,22,0,0,0,1,0,1,0,0,0,0,4.0817275,0,0,1
39,30,1,0,0,0,0,0,0,0,0,0,3.965301,0,0,1
34,26,0,0,0,3,0,1,0,0,0,0,4.1133623,0,0,1
44,29,7,0,0,0,0,1,0,0,0,0,4.155248,0,0,1
33,10,15,0,0,0,0,0,0,0,0,0,3.8242528,0,0,1
45,28,9,0,0,0,0,1,0,0,0,0,4.136437,0,0,1
35,13,14,0,0,0,0,0,0,0,0,0,3.8861465,0,0,1
34,13,13,0,0,0,0,0,0,0,0,0,3.903208,0,0,1
42,33,1,0,0,1,0,2,0,0,0,0,4.1392417,0,0,1
40,15,17,0,6,0,0,0,0,0,0,0,4.3775673,0,0,1
20,5,7,0,4,0,0,0,0,0,0,0,3.7841837,0,0,1
51,33,10,0,0,1,0,2,0,0,0,0,4.108727,0,0,1
56,14,34,0,0,0,0,0,0,0,0,0,4.2163982,0,0,1
53,37,8,0,7,1,0,1,0,0,0,0,4.381051,0,0,1
33,26,0,0,0,1,0,1,0,0,0,0,3.9424388,0,0,1
35,26,1,0,0,1,0,1,0,0,0,0,3.9328744,0,0,1
19,10,1,0,0,0,0,0,0,0,0,0,3.5766177,0,0,1
26,10,1,6,0,0,1,0,0,0,0,0,3.9979527,0,0,1
24,10,6,0,0,0,0,0,0,0,0,0,3.8553886,0,1,1
29,13,1,6,0,0,1,0,0,0,0,0,4.1422954,0,0,1
22,13,1,0,0,0,0,0,0,0,0,0,3.845351,0,0,1
101,14,38,25,49,0,2,1,0,0,0,0,4.8401628,0,0,1
58,34,16,0,4,0,0,1,0,0,0,0,4.5649858,0,0,1
20,13,0,0,0,0,0,0,0,0,0,0,3.6464393,0,0,1
421,31,12,373,63,7,8,1,0,0,1,0,5.7300963,0,0,1
37,28,1,0,0,2,0,1,0,0,0,0,4.0263605,0,0,1
32,25,0,0,0,0,0,1,0,0,0,0,3.8758073,0,0,1
34,25,1,0,0,0,0,1,0,0,0,0,3.8895495,0,0,1
34,25,1,0,0,2,0,1,0,0,0,0,4.233947,0,0,1
425,32,12,376,69,4,9,1,0,0,1,0,5.7792935,0,0,1
56,13,8,27,0,0,2,0,0,1,0,0,4.2626495,0,0,1
23,14,1,0,0,1,0,1,0,0,0,0,3.7622674,0,0,1
78,69,1,0,25,6,0,2,0,0,0,0,4.818689,0,0,1
30,22,1,0,0,1,0,1,0,0,0,0,3.8980684,0,0,1
23,12,3,0,0,0,0,0,0,0,0,0,3.8492239,0,0,1
17,9,0,0,0,0,0,0,0,0,0,0,3.4548223,0,0,1
24,13,3,0,0,0,0,0,0,0,0,0,3.8239348,0,0,1
20,9,1,0,0,0,0,0,0,0,0,0,3.4841838,0,0,1
52,43,1,0,13,1,0,1,0,0,0,0,4.5584383,0,0,1
51,42,1,0,0,0,0,1,0,0,0,0,4.0558476,0,0,1
34,26,0,0,0,0,0,1,0,0,0,0,4.0545387,0,0,1
50,41,1,0,0,0,0,1,0,0,0,0,4.0500445,0,0,1
34,26,0,0,0,0,0,1,0,0,0,0,3.900271,0,0,1
21,14,0,0,0,0,0,0,0,0,0,0,3.363287,0,0,1
35,23,4,0,0,0,0,1,0,0,0,0,3.8785849,0,0,1
43,30,5,0,0,0,0,1,0,0,0,0,3.9118598,0,0,1
38,26,4,0,0,0,0,1,0,0,0,0,4.1330714,0,0,1
39,30,1,0,0,0,0,1,0,0,0,0,4.304257,0,1,1
40,31,1,0,4,1,0,1,0,0,0,0,4.296439,0,0,1
39,30,1,0,0,0,0,1,0,0,0,0,4.2461886,0,0,1
27,18,1,0,0,0,0,1,0,0,0,0,3.912114,0,0,1
29,20,1,0,0,0,0,1,0,0,0,0,4.280226,0,0,1
36,27,1,0,0,0,0,1,0,0,0,0,4.051462,0,0,1
49,31,10,0,2,2,0,1,0,0,0,0,4.228009,0,0,1
30,21,1,0,0,0,0,1,0,0,0,0,4.1232314,0,0,1
34,25,1,0,0,0,0,1,0,0,0,0,3.9986525,0,0,1
26,17,1,0,0,0,0,1,0,0,0,0,4.0560207,0,0,1
33,24,1,0,4,0,0,1,0,0,0,0,4.2336397,0,0,1
33,24,1,0,0,0,0,1,0,0,0,0,4.309101,0,0,1
27,18,1,0,0,0,0,1,0,0,0,0,3.8524976,0,0,1
25,16,1,0,0,0,0,1,0,0,0,0,3.9434652,0,0,1
27,18,1,0,0,0,0,1,0,0,0,0,4.0323033,0,0,1
28,19,1,0,0,0,0,1,0,0,0,0,3.9946804,0,0,1
32,23,1,0,0,0,0,1,0,0,0,0,4.1167293,0,0,1
39,30,1,0,0,0,0,1,0,0,0,0,4.070426,0,0,1
38,29,1,0,9,1,0,1,0,0,0,0,4.3988576,0,0,1
32,23,1,0,3,0,0,1,0,0,0,0,3.9886086,0,0,1
59,34,17,0,0,0,0,1,0,0,0,0,4.066397,0,0,1
55,29,1,16,16,0,2,1,0,1,0,0,4.746926,0,0,1
92,7,65,11,10,0,2,0,0,1,0,0,4.7022047,0,0,1
68,59,1,0,4,4,0,2,0,0,0,0,4.503778,0,0,1
31,22,1,0,0,0,0,1,0,0,0,0,3.9535656,0,0,1
48,39,1,0,5,0,0,2,0,0,0,0,4.496115,0,0,1
48,27,13,0,0,0,0,1,0,0,0,0,4.0485334,0,0,1
37,11,18,0,4,0,0,0,0,0,0,0,4.3887906,0,0,1
38,30,0,0,0,1,0,1,0,0,0,0,3.8404553,0,1,1
35,9,18,0,5,0,0,0,0,0,0,0,4.2261505,0,0,1
37,11,18,0,5,0,0,0,0,0,0,0,4.463247,0,0,1
24,15,1,0,0,1,0,0,0,0,0,0,3.9701755,0,0,1
36,10,18,0,5,0,0,0,0,0,0,0,4.416608,0,0,1
36,10,18,0,5,0,0,0,0,0,0,0,4.2918797,0,0,1
38,12,18,0,7,0,0,0,0,0,0,0,4.521358,0,0,1
35,9,18,0,6,0,0,0,0,0,0,0,4.125871,0,0,1
37,11,18,0,6,0,0,0,0,0,0,0,4.2806826,0,0,1
36,10,18,0,6,0,0,0,0,0,0,0,4.191612,0,0,1
36,10,18,0,6,0,0,0,0,0,0,0,4.0696573,0,0,1
36,10,18,0,5,0,0,0,0,0,0,0,4.13883,0,0,1
35,9,18,0,8,0,0,0,0,0,0,0,4.2261505,0,0,1
25,16,1,0,0,1,0,0,0,0,0,0,3.8332696,0,0,1
40,16,16,0,0,1,0,0,0,0,0,0,4.008695,0,0,1
28,19,1,0,0,1,0,1,0,0,0,0,3.824863,0,0,1
43,19,16,0,0,1,0,1,0,0,0,0,3.9863544,0,0,1
28,19,1,0,0,0,0,1,0,0,0,0,4.110577,0,0,1
35,27,0,0,0,2,0,1,0,0,0,0,3.9760108,0,0,1
34,26,0,0,0,2,0,1,0,0,0,0,4.101881,0,0,1
39,31,0,0,0,3,0,1,0,0,0,0,4.035939,0,0,1
36,27,1,0,0,2,0,1,0,0,0,0,4.1625733,0,0,1
37,28,1,0,1,2,0,1,0,0,0,0,4.0440636,0,0,1
33,24,1,0,0,1,0,1,0,0,0,0,3.8848588,0,0,1
34,25,1,0,0,2,0,1,0,0,0,0,3.9986525,0,0,1
31,22,1,0,0,2,0,0,0,0,0,0,4.0667844,0,0,1
37,22,7,0,0,2,0,0,0,0,0,0,4.0875673,0,0,1
290,16,10,325,16,0,8,0,0,0,1,0,5.552408,0,0,1
35,27,0,0,0,2,0,1,0,0,0,0,3.9900172,0,0,1
55,26,21,0,0,0,0,2,0,0,0,0,4.106106,0,0,1
56,17,32,0,0,0,0,1,0,0,0,0,4.3340783,0,1,1
36,27,1,0,0,2,0,1,0,0,0,0,4.2181287,0,1,1
27,19,0,0,0,0,0,1,0,0,0,0,3.8380399,0,0,1
27,19,0,0,0,0,0,1,0,0,0,0,3.7784235,0,0,1
45,21,16,0,0,0,0,2,0,0,0,0,3.9278412,0,0,1
75,20,33,13,0,0,1,0,0,0,0,0,4.5297217,0,0,1
49,31,10,0,13,2,0,0,0,0,0,0,4.653089,0,0,1
22,10,4,0,0,0,0,0,0,0,0,0,3.5160277,0,0,1
43,25,10,0,3,2,0,1,0,0,0,0,4.396854,0,0,1
84,19,8,49,8,0,1,0,0,0,0,0,5.092811,0,0,1
120,15,48,49,8,1,1,1,0,0,0,0,5.1250005,0,0,1
32,23,1,0,0,2,0,0,0,0,0,0,4.0695486,0,0,1
38,23,7,0,0,2,0,0,0,0,0,0,4.1261067,0,0,1
112,23,52,28,8,1,2,1,0,1,0,0,5.209366,0,0,1
118,12,49,49,8,3,1,0,0,0,0,0,5.178485,0,0,1
27,13,6,0,0,0,0,0,0,0,0,0,4.106377,0,1,1
33,24,1,0,0,1,0,0,0,0,0,0,3.957294,0,0,1
25,14,3,0,0,0,0,0,0,0,0,0,4.053661,0,0,1
24,17,0,0,0,1,0,0,0,0,0,0,3.9701755,0,0,1
24,17,0,0,1,1,0,0,0,0,0,0,4.0535088,0,0,1
24,17,0,0,1,1,0,0,0,0,0,0,3.938722,0,0,1
40,31,1,0,6,2,0,1,0,0,0,0,4.2841835,0,0,1
40,26,6,0,0,0,0,1,0,0,0,0,4.0750704,0,0,1
73,19,46,0,18,0,0,1,0,0,0,0,4.711559,0,0,1
39,30,1,0,6,2,0,1,0,0,0,0,4.2461886,0,0,1
42,19,15,0,2,1,0,1,0,0,0,0,4.386016,0,0,1
31,19,4,0,0,0,0,0,0,0,0,0,3.9219382,0,0,1
30,21,1,0,0,2,0,0,0,0,0,0,4.0817275,0,0,1
36,21,7,0,0,2,0,0,0,0,0,0,4.1070175,0,0,1
32,25,0,0,0,2,0,1,0,0,0,0,3.9056392,0,0,1
34,25,1,0,0,2,0,1,0,0,0,0,3.8810055,0,0,1
41,32,1,0,11,1,0,1,0,0,0,0,4.3546395,0,0,1
40,15,1,15,7,1,1,0,0,0,0,0,4.306198,0,0,1
35,28,0,0,0,3,0,1,0,0,0,0,4.0220003,0,0,1
37,28,1,0,0,3,0,1,0,0,0,0,4.013111,0,0,1
30,21,1,0,0,2,0,0,0,0,0,0,3.9395723,0,0,1
36,21,7,0,0,2,0,0,0,0,0,0,4.0304933,0,0,1
24,17,0,0,1,1,0,0,0,0,0,0,4.0535088,0,0,1
24,17,0,0,0,1,0,0,0,0,0,0,3.9182959,0,0,1
35,27,0,0,6,1,0,1,0,0,0,0,4.2074356,0,0,1
50,43,0,0,13,0,0,1,0,0,0,0,4.3736606,0,0,1
43,35,0,0,6,1,0,1,0,0,0,0,4.3243093,0,0,1
41,34,0,0,5,1,0,1,0,0,0,0,4.1411057,0,0,1
49,41,0,0,6,2,0,1,0,0,0,0,4.295747,0,0,1
30,21,1,0,0,1,0,0,0,0,0,0,4.189898,0,0,1
22,6,8,0,1,0,0,0,0,0,0,0,3.845351,0,0,1
32,18,6,0,7,0,0,0,0,0,0,0,4.2028193,0,0,1
43,34,1,0,0,2,0,0,0,0,0,0,4.080351,0,0,1
49,34,7,0,0,2,0,0,0,0,0,0,4.13841,0,0,1
108,11,64,0,0,4,1,0,0,1,0,0,4.492157,0,0,1
77,13,56,0,2,1,0,0,0,0,0,0,4.217931,0,0,1
24,17,0,0,2,1,0,0,0,0,0,0,4.1368423,0,0,1
24,17,0,0,0,1,0,0,0,0,0,0,4.1368423,0,0,1
24,17,0,0,1,1,0,0,0,0,0,0,4.0535088,0,0,1
24,17,0,0,0,1,0,0,0,0,0,0,4.1368423,0,0,1
40,31,1,0,0,3,0,0,0,0,0,0,4.068454,0,0,1
49,31,10,0,0,3,0,0,0,0,0,0,4.193307,0,0,1
30,21,1,0,0,1,0,1,0,0,0,0,4.281728,0,0,1
43,26,9,0,0,2,0,1,0,0,0,0,4.4082546,0,0,1
35,28,0,0,5,1,0,1,0,0,0,0,4.261725,0,0,1
34,26,0,0,1,1,0,1,0,0,0,0,4.032336,0,0,1
32,24,0,0,0,1,0,1,0,0,0,0,3.9764097,0,0,1
33,25,0,0,0,0,0,1,0,0,0,0,3.9801693,0,0,1
51,21,22,0,2,0,0,2,0,0,0,0,4.5003777,0,0,1
70,16,46,0,1,0,0,0,0,0,0,0,4.1597905,0,1,1
58,19,31,0,0,0,0,0,0,0,0,1,4.27995,0,0,1
35,27,0,0,0,1,0,1,0,0,0,0,4.04716,0,0,1
42,17,17,0,0,1,0,0,0,0,0,0,3.9963844,0,0,1
35,27,0,0,0,2,0,1,0,0,0,0,3.9760108,0,0,1
79,49,22,0,1,4,0,1,0,0,0,0,4.0403976,0,0,1
39,31,0,0,0,3,0,1,0,0,0,0,3.9578526,0,0,1
85,25,14,38,19,0,1,1,0,0,0,0,4.7792573,0,0,1
64,57,0,0,14,4,0,1,0,0,0,0,4.6586175,0,0,1
36,29,0,0,7,0,0,1,0,0,0,0,4.447703,0,0,1
43,35,0,0,6,1,0,1,0,0,0,0,4.4348884,0,0,1
61,37,16,0,4,0,0,1,0,0,0,0,4.5594463,0,0,1
136,25,13,89,12,0,7,1,0,0,0,0,5.0212235,0,0,1
20,9,1,0,0,0,0,0,0,0,0,0,3.4841838,0,0,1
34,25,1,0,0,2,0,1,0,0,0,0,3.8665872,0,0,1
35,26,1,0,0,3,0,1,0,0,0,0,4.0284452,0,0,1
34,25,1,0,0,2,0,1,0,0,0,0,4.0796785,0,1,1
35,26,1,0,0,2,0,1,0,0,0,0,4.1718607,0,1,1
38,29,1,0,0,3,0,1,0,0,0,0,4.201232,0,1,1
33,24,1,0,0,2,0,1,0,0,0,0,4.066677,0,0,1
37,28,1,0,0,3,0,1,0,0,0,0,3.9828568,0,0,1
40,31,1,0,0,3,0,1,0,0,0,0,4.0964394,0,0,1
45,36,1,0,0,4,0,1,0,0,0,0,4.0746436,0,0,1
46,37,1,0,0,3,0,1,0,0,0,0,4.1976113,0,1,1
48,39,1,0,0,4,0,1,0,0,0,0,4.228308,0,0,1
37,28,1,0,0,3,0,1,0,0,0,0,3.8713512,0,0,1
36,27,1,0,0,2,0,1,0,0,0,0,4.00675,0,0,1
35,26,1,0,0,2,0,1,0,0,0,0,4.0715814,0,0,1
34,25,1,0,0,2,0,1,0,0,0,0,4.1607046,0,1,1
45,36,1,0,0,3,0,1,0,0,0,0,4.1808815,0,1,1
40,31,1,0,0,3,0,1,0,0,0,0,3.9250705,0,0,1
46,37,1,0,0,3,0,1,0,0,0,0,4.2490144,0,0,1
36,27,1,0,0,2,0,1,0,0,0,0,4.00675,0,0,1
37,28,1,0,0,2,0,1,0,0,0,0,4.0671654,0,1,1
35,26,1,0,0,2,0,1,0,0,0,0,4.04716,0,0,1
34,25,1,0,0,1,0,1,0,0,0,0,4.057476,0,1,1
37,28,1,0,0,2,0,1,0,0,0,0,4.0236616,0,1,1
40,31,1,0,0,2,0,1,0,0,0,0,4.043943,0,0,1
38,29,1,0,0,2,0,1,0,0,0,0,3.9880774,0,0,1
30,21,1,0,0,1,0,1,0,0,0,0,3.9144094,0,0,1
30,21,1,0,0,1,0,1,0,0,0,0,3.7647352,0,0,1
35,26,1,0,0,1,0,1,0,0,0,0,4.1718607,0,1,1
40,31,1,0,0,3,0,1,0,0,0,0,4.1061983,0,1,1
34,25,1,0,0,2,0,1,0,0,0,0,4.101881,0,0,1
40,31,1,0,0,3,0,1,0,0,0,0,4.0275674,0,1,1
39,30,1,0,0,2,0,1,0,0,0,0,3.8107927,0,0,1
33,24,1,0,0,1,0,1,0,0,0,0,4.2107644,0,1,1
43,34,1,0,0,3,0,1,0,0,0,0,4.054318,0,1,1
36,27,1,0,0,2,0,1,0,0,0,0,3.8956387,0,0,1
35,26,1,0,0,2,0,1,0,0,0,0,4.0715814,0,0,1
36,27,1,0,0,2,0,1,0,0,0,0,4.1070175,0,0,1
42,33,1,0,0,2,0,1,0,0,0,0,4.216506,0,0,1
47,38,1,0,0,2,0,1,0,0,0,0,4.224178,0,0,1
43,34,1,0,0,1,0,1,0,0,0,0,4.1359406,0,0,1
38,29,1,0,0,1,0,1,0,0,0,0,4.2210975,0,1,1
35,26,1,0,0,1,0,1,0,0,0,0,4.0931497,0,0,1
40,31,1,0,0,2,0,1,0,0,0,0,4.1464396,0,0,1
35,26,1,0,0,2,0,1,0,0,0,0,4.0931497,0,0,1
36,27,1,0,0,2,0,1,0,0,0,0,4.176191,0,0,1
34,25,1,0,0,1,0,1,0,0,0,0,4.138502,0,0,1
40,31,1,0,0,3,0,1,0,0,0,0,4.1373262,0,0,1
43,34,1,0,0,3,0,1,0,0,0,0,3.9522164,0,1,1
39,30,1,0,0,4,0,1,0,0,0,0,4.0284905,0,0,1
37,28,1,0,0,2,0,1,0,0,0,0,4.0440636,0,1,1
32,23,1,0,0,1,0,1,0,0,0,0,4.2028193,0,0,1
34,25,1,0,0,2,0,1,0,0,0,0,4.138502,0,1,1
45,36,1,0,0,5,0,1,0,0,0,0,4.144538,0,0,1
42,33,1,0,0,3,0,1,0,0,0,0,3.9784107,0,0,1
39,30,1,0,0,2,0,1,0,0,0,0,4.1629806,0,0,1
45,36,1,0,0,4,0,1,0,0,0,0,4.0388737,0,0,1
42,33,1,0,0,1,0,1,0,0,0,0,4.1868606,0,0,1
43,34,1,0,0,1,0,1,0,0,0,0,4.158141,0,0,1
35,26,1,0,0,2,0,1,0,0,0,0,4.04716,0,1,1
35,26,1,0,0,2,0,1,0,0,0,0,3.9328744,0,0,1
59,28,23,0,0,2,0,1,0,0,0,0,4.308171,0,0,1
62,43,11,0,15,1,0,1,0,0,0,0,4.538896,0,0,1
54,31,15,0,6,1,0,1,0,0,0,0,4.3358283,0,0,1
36,23,5,0,2,0,0,1,0,0,0,0,3.940351,0,0,1
41,24,9,0,0,1,0,1,0,0,0,0,4.1435413,0,0,1
30,10,12,0,0,1,0,0,0,0,0,0,3.7614064,0,0,1
29,10,11,0,0,1,0,0,0,0,0,0,3.7848978,0,0,1
56,39,9,0,13,2,0,1,0,0,0,0,4.6638,0,0,1
80,19,34,18,8,2,2,0,0,0,0,0,4.7672057,0,0,1
43,28,7,0,2,1,0,1,0,0,0,0,4.2862754,0,0,1
101,74,19,0,12,0,0,2,0,0,0,0,4.879034,0,0,1
79,43,18,9,31,1,1,1,0,0,0,0,4.964661,0,0,1
31,11,12,0,0,1,0,0,0,0,0,0,3.8087196,0,0,1
23,4,11,0,1,0,0,0,0,0,0,0,4.023137,1,0,1
23,4,11,0,2,0,0,0,0,0,0,0,4.1100936,1,0,1
23,4,11,0,4,0,0,0,0,0,0,0,3.9690015,1,0,1
36,24,5,0,6,1,0,1,0,0,0,0,3.9749374,0,0,1
37,24,6,0,6,1,0,1,0,0,0,0,3.959057,0,0,1
27,6,13,0,1,0,0,0,0,0,0,0,3.810081,0,0,1
28,11,9,0,3,0,0,0,0,0,0,0,4.2264743,1,0,1
79,31,40,0,0,1,0,0,0,0,0,0,4.226931,0,0,1
28,11,9,0,2,0,0,0,0,0,0,0,4.110577,1,0,1
78,43,27,0,24,1,0,1,0,0,0,0,4.901897,0,0,1
26,10,8,0,1,0,0,0,0,0,0,0,4.180833,1,0,1
155,11,21,114,53,0,2,0,0,0,0,0,4.892727,0,1,1
21,6,7,0,0,1,0,0,0,0,0,0,3.8442328,0,0,1
23,8,7,0,0,0,0,1,0,0,0,0,3.882045,0,0,1
37,24,5,0,0,0,0,1,0,0,0,0,4.121219,0,0,1
26,11,7,0,0,1,0,0,0,0,0,0,4.180833,0,0,1
61,46,7,0,1,0,0,1,0,0,0,0,4.461086,0,1,1
26,11,7,0,3,1,0,0,0,0,0,0,4.209867,0,0,1
25,16,1,0,0,0,0,1,0,0,0,0,3.9434652,0,0,1
28,11,9,0,0,0,0,0,0,0,0,0,3.9371932,1,0,1
84,15,61,0,8,0,0,1,0,0,0,0,5.1510715,0,0,1
84,15,61,0,8,1,0,1,0,0,0,0,5.213821,0,0,1
84,15,61,0,9,0,0,1,0,0,0,0,5.262936,0,0,1
84,15,61,0,6,2,0,1,0,0,0,0,5.3204236,0,0,1
84,15,61,0,9,0,0,1,0,0,0,0,5.2060227,0,0,1
84,15,61,0,7,0,0,1,0,0,0,0,5.1334057,0,0,1
84,15,61,0,11,0,0,1,0,0,0,0,5.234172,0,0,1
83,15,60,0,5,1,0,1,0,0,0,0,5.252648,0,0,1
55,21,26,0,3,0,1,2,0,0,0,0,4.8400064,0,0,1
84,15,61,0,9,0,0,1,0,0,0,0,5.304412,0,0,1
84,15,61,0,12,2,0,1,0,0,0,0,5.3145876,0,0,1
84,15,61,0,7,1,0,1,0,0,0,0,5.155253,0,0,1
84,15,61,0,6,0,0,1,0,0,0,0,5.0381675,0,0,1
84,15,61,0,8,1,0,1,0,0,0,0,5.301261,0,0,1
84,15,61,0,4,1,0,1,0,0,0,0,4.9769144,0,0,1
84,15,61,0,10,0,0,1,0,0,0,0,5.201376,0,0,1
84,15,61,0,10,0,0,1,0,0,0,0,5.2220345,0,0,1
84,15,61,0,14,0,0,1,0,0,0,0,5.207212,0,0,1
84,15,61,0,7,0,0,1,0,0,0,0,5.10376,0,0,1
84,15,61,0,10,0,0,1,0,0,0,0,5.1912003,0,0,1
84,15,61,0,6,1,0,1,0,0,0,0,5.176685,0,0,1
84,15,61,0,8,1,0,1,0,0,0,0,5.293463,0,0,1
84,15,61,0,6,0,0,1,0,0,0,0,5.148228,0,0,1
84,15,61,0,8,2,0,1,0,0,0,0,5.161555,0,0,1
84,15,61,0,12,2,0,1,0,0,0,0,5.16424,0,0,1
84,15,61,0,9,0,0,1,0,0,0,0,5.2626286,0,0,1
84,15,61,0,2,0,0,1,0,0,0,0,5.1822133,0,0,1
84,15,61,0,7,0,0,1,0,0,0,0,5.058826,0,0,1
84,15,61,0,10,0,0,1,0,0,0,0,5.150606,0,0,1
84,15,61,0,3,2,0,1,0,0,0,0,5.1185827,0,0,1
84,15,61,0,11,1,0,1,0,0,0,0,5.1668925,0,0,1
84,15,61,0,6,0,0,1,0,0,0,0,4.894812,0,0,1
84,15,61,0,8,0,0,1,0,0,0,0,5.2509565,0,0,1
84,15,61,0,7,1,0,1,0,0,0,0,5.263818,0,0,1
84,15,61,0,5,0,0,1,0,0,0,0,4.9873977,0,0,1
84,15,61,0,11,0,0,1,0,0,0,0,5.1654286,0,0,1
84,15,61,0,5,0,0,1,0,0,0,0,5.042009,0,0,1
84,15,61,0,8,1,0,1,0,0,0,0,5.2208457,0,0,1
84,15,61,0,5,2,0,1,0,0,0,0,5.095962,0,0,1
84,15,61,0,9,1,0,1,0,0,0,0,5.1195807,0,0,1
84,15,61,0,7,3,0,1,0,0,0,0,5.060015,0,0,1
84,15,61,0,12,1,0,1,0,0,0,0,4.9815617,0,0,1
84,15,61,0,9,3,0,1,0,0,0,0,5.0350165,0,0,1
38,29,1,0,0,2,0,1,0,0,0,0,4.040709,0,0,1
42,33,1,0,0,2,0,1,0,0,0,0,4.0979238,0,0,1
37,28,1,0,0,2,0,1,0,0,0,0,3.9794595,0,0,1
40,31,1,0,0,2,0,1,0,0,0,0,4.046439,0,0,1
42,33,1,0,0,2,0,1,0,0,0,0,4.071271,0,0,1
50,41,1,0,3,0,0,1,0,0,0,0,4.1104355,0,0,1
35,28,0,0,0,2,0,1,0,0,0,0,4.0791435,0,0,1
36,29,0,0,0,2,0,1,0,0,0,0,4.1807685,0,0,1
33,26,0,0,0,2,0,1,0,0,0,0,3.9225895,0,0,1
35,26,1,0,0,2,0,1,0,0,0,0,3.9357276,0,0,1
35,26,1,0,0,2,0,1,0,0,0,0,3.9357276,0,0,1
156,32,16,99,5,1,5,1,0,0,0,0,4.7040586,0,0,1
34,27,0,0,0,2,0,1,0,0,0,0,4.138502,0,0,1
36,27,1,0,0,2,0,1,0,0,0,0,4.19716,0,0,1
35,26,1,0,0,2,0,1,0,0,0,0,3.900153,0,0,1
33,26,0,0,0,2,0,1,0,0,0,0,3.9077342,0,0,1
29,21,0,0,1,1,0,1,0,0,0,0,4.004364,0,0,1
35,27,0,0,0,2,0,1,0,0,0,0,4.150293,0,0,1
175,24,16,126,4,1,7,1,0,0,0,0,4.4514394,0,0,1
35,27,0,0,0,2,0,1,0,0,0,0,4.1718607,0,0,1
36,28,0,0,0,2,0,1,0,0,0,0,4.0832744,0,0,1
35,27,0,0,0,2,0,1,0,0,0,0,4.150293,0,0,1
40,32,0,0,0,3,0,1,0,0,0,0,4.089823,0,0,1
39,31,0,0,0,3,0,1,0,0,0,0,4.0991287,0,0,1
37,29,0,0,0,2,0,1,0,0,0,0,4.111367,0,0,1
36,28,0,0,0,2,0,1,0,0,0,0,3.8820214,0,0,1
38,30,0,0,0,3,0,1,0,0,0,0,3.9380739,0,0,1
32,11,13,0,0,0,0,0,0,0,0,0,4.0275183,0,0,1
33,25,0,0,0,1,0,1,0,0,0,0,4.0518217,0,0,1
28,20,0,0,0,2,0,1,0,0,0,0,3.9232519,0,0,1
34,26,0,0,0,2,0,1,0,0,0,0,4.032336,0,0,1
34,26,0,0,0,2,0,1,0,0,0,0,4.101881,0,0,1
193,28,1,155,23,2,4,1,0,0,0,0,5.6081505,0,0,1
44,35,1,0,6,1,0,1,0,0,0,0,4.427975,0,0,1
428,20,12,391,67,4,9,1,0,0,1,0,5.7760715,0,0,1
52,43,1,0,13,2,0,2,0,0,0,0,4.5654483,0,0,1
31,17,6,0,0,1,0,1,0,0,0,0,4.0667844,0,0,1
34,26,0,0,0,3,0,1,0,0,0,0,3.8192446,0,0,1
57,50,0,0,10,2,0,1,0,0,0,0,4.5068583,0,0,1
124,15,64,36,24,4,1,1,0,0,0,0,5.3990173,0,0,1
31,23,0,0,0,2,0,1,0,0,0,0,4.0022683,0,0,1
54,27,19,0,0,0,0,1,0,0,0,0,4.247775,0,0,1
35,27,0,0,0,1,0,1,0,0,0,0,3.968449,0,0,1
63,56,0,0,14,4,0,1,0,0,0,0,4.47881,0,0,1
57,50,0,0,21,0,0,1,0,0,0,0,4.547202,0,0,1
58,34,16,0,10,3,0,1,0,0,0,0,4.6402364,0,0,1
57,49,1,0,7,3,0,1,0,0,0,0,4.343524,0,0,1
34,26,0,0,0,2,0,1,0,0,0,0,4.006437,0,0,1
31,23,0,0,2,1,0,1,0,0,0,0,4.2846837,0,0,1
33,25,0,0,0,1,0,1,0,0,0,0,4.0179,0,0,1
47,17,5,0,0,0,2,2,0,1,0,0,4.2806673,0,0,1
34,26,0,0,0,2,0,1,0,0,0,0,3.939829,0,0,1
42,35,0,0,6,1,0,1,0,0,0,0,4.3773365,0,0,1
34,26,0,0,1,2,0,1,0,0,0,0,4.098944,0,0,1
47,23,16,0,3,0,0,1,0,0,0,0,4.5603538,0,0,1
37,30,0,0,6,1,0,1,0,0,0,0,4.3914895,0,0,1
36,28,0,0,5,1,0,1,0,0,0,0,4.458546,0,0,1
48,41,0,0,8,2,0,1,0,0,0,0,4.2563286,0,0,1
45,38,0,0,6,1,0,1,0,0,0,0,4.3835354,0,0,1
55,19,22,0,0,0,0,0,0,0,0,0,4.019362,0,0,1
27,6,13,0,1,0,0,0,0,0,0,0,4.3565583,0,0,1
70,20,42,0,11,0,0,1,0,0,0,0,4.4844913,0,0,1
40,31,1,0,6,2,0,1,0,0,0,0,4.4653115,0,0,1
32,7,17,0,0,0,0,0,0,0,0,0,4.2028193,0,0,1
39,19,12,0,0,1,0,1,0,0,0,0,4.077212,0,0,1
42,33,1,0,0,0,0,1,0,0,0,0,3.8855505,0,0,1
44,35,1,0,6,2,0,1,0,0,0,0,4.407962,0,0,1
34,25,1,0,0,0,0,1,0,0,0,0,4.1133623,0,0,1
42,33,1,0,6,2,0,1,0,0,0,0,4.361741,0,0,1
31,22,1,0,0,0,0,1,0,0,0,0,3.9535656,0,0,1
40,31,1,0,6,2,0,1,0,0,0,0,4.227567,0,0,1
42,33,1,0,6,2,0,1,0,0,0,0,4.338397,0,0,1
39,11,20,0,2,1,0,0,0,0,0,0,4.057856,0,0,1
45,36,1,0,6,2,0,1,0,0,0,0,4.574426,0,0,1
88,7,65,0,19,0,1,0,0,1,0,0,4.683546,0,0,1
38,31,0,0,10,1,0,1,0,0,0,0,4.451489,0,0,1
42,34,0,0,3,2,0,1,0,0,0,0,4.3953104,0,0,1
53,46,0,0,17,0,0,1,0,0,0,0,4.5388722,0,0,1
34,26,0,0,0,2,0,1,0,0,0,0,3.9957154,0,0,1
34,26,0,0,0,0,0,1,0,0,0,0,3.9735126,0,0,1
220,34,53,124,31,7,1,1,0,0,0,0,5.68064,0,0,1
44,22,1,13,0,1,1,1,0,0,0,0,4.2827396,0,0,1
55,27,1,19,5,0,2,1,0,0,0,0,4.521647,0,0,1
34,26,0,0,1,2,0,1,0,0,0,0,4.182907,0,0,1
36,10,18,0,3,1,0,0,0,0,0,0,3.710777,0,0,1
51,24,19,0,6,1,1,1,0,0,0,0,4.387606,0,0,1
48,39,1,0,4,3,0,1,0,0,0,0,4.3758144,0,0,1
32,24,0,0,1,1,0,1,0,0,0,0,4.1403193,0,0,1
26,17,1,0,4,1,0,1,0,0,0,0,4.0269866,0,0,1
43,15,20,0,2,1,0,0,0,0,0,0,4.0253615,0,0,1
36,29,0,0,7,1,0,1,0,0,0,0,4.120635,0,0,1
44,37,0,0,7,1,0,1,0,0,0,0,4.246157,0,0,1
45,27,10,0,3,1,0,1,0,0,0,0,4.4025297,0,0,1
41,26,7,0,0,0,0,1,0,0,0,0,3.8787913,0,1,1
42,33,1,0,1,2,0,1,0,0,0,0,4.3563704,0,0,1
27,18,1,0,0,0,0,1,0,0,0,0,3.986188,0,0,1
39,30,1,0,0,2,0,1,0,0,0,0,4.323613,0,0,1
40,31,1,0,2,1,0,1,0,0,0,0,4.384184,0,0,1
27,18,1,0,0,0,0,1,0,0,0,0,4.060262,0,0,1
32,23,1,0,0,0,0,1,0,0,0,0,4.1792293,0,0,1
38,29,1,0,0,0,0,1,0,0,0,0,3.9751768,0,0,1
26,17,1,0,0,0,0,1,0,0,0,0,4.0269866,0,0,1
24,15,1,0,1,0,0,1,0,0,0,0,4.0535088,0,0,1
28,19,1,0,0,0,0,1,0,0,0,0,3.8962915,0,0,1
34,25,1,0,4,1,0,1,0,0,0,0,4.3737965,0,0,1
39,30,1,0,0,2,0,1,0,0,0,0,4.214263,0,0,1
43,24,11,0,0,1,0,1,0,0,0,0,4.0162835,0,0,1
463,25,430,0,338,27,0,1,0,0,0,0,3.9761324,0,0,1
111,23,53,26,16,0,2,1,0,1,0,0,4.7803817,0,0,1
37,30,0,0,6,1,0,1,0,0,0,0,4.303784,0,0,1
52,43,1,0,0,2,0,1,0,0,0,0,4.2872868,0,0,1
37,25,4,0,0,2,0,0,0,0,0,0,3.959057,0,0,1
49,15,19,6,0,1,1,0,0,0,0,0,4.3540072,0,0,1
44,16,20,0,0,0,0,0,0,0,0,0,4.112063,0,0,1
44,37,0,0,8,1,0,1,0,0,0,0,4.3825207,0,0,1
26,17,1,0,0,1,0,0,0,0,0,0,3.9790978,0,0,1
32,17,7,0,0,1,0,0,0,0,0,0,4.0542293,0,0,1
65,22,5,29,11,0,2,1,0,0,0,0,5.082069,0,0,1
65,22,5,29,11,0,2,1,0,0,0,0,5.089611,0,0,1
65,22,5,29,12,0,2,1,0,0,0,0,5.0528364,0,0,1
65,22,5,29,11,0,2,1,0,0,0,0,5.168371,0,0,1
43,9,21,4,4,1,1,0,0,0,0,0,4.3129086,0,0,1
35,22,1,3,5,0,1,1,0,0,0,0,4.2645783,0,0,1
55,15,32,0,0,1,0,0,0,0,0,0,4.1536183,0,0,1
36,28,0,0,5,1,0,1,0,0,0,0,4.4029903,0,0,1
29,22,0,0,0,0,0,0,0,0,0,0,4.07333,0,1,1
37,19,10,0,0,0,0,0,0,0,0,0,4.098118,0,1,1
34,27,0,0,0,0,0,0,0,0,0,0,4.017918,0,0,1
77,27,43,0,0,1,0,0,0,0,0,0,4.0942373,0,0,1
76,26,42,0,0,2,0,0,0,0,0,0,4.224709,0,0,1
75,26,42,0,0,2,0,0,0,0,0,0,4.221892,0,0,1
74,24,43,0,0,1,0,0,0,0,0,0,4.1616282,0,0,1
75,24,43,0,0,1,0,0,0,0,0,0,4.16503,0,0,1
80,29,43,0,0,1,0,0,0,0,0,0,4.317817,0,0,1
318,30,15,217,49,3,2,1,0,0,0,0,5.776557,0,0,1
70,21,42,0,0,1,0,0,0,0,0,0,4.156299,0,0,1
71,21,42,0,0,1,0,0,0,0,0,0,4.158846,0,0,1
27,20,0,0,5,1,0,1,0,0,0,0,4.2084103,0,0,1
53,21,24,0,18,0,0,1,0,0,0,0,4.486893,0,0,1
59,16,5,29,11,0,2,1,0,0,0,0,4.9484158,0,0,1
59,16,5,29,12,0,2,1,0,0,0,0,5.043494,0,0,1
59,16,5,29,12,0,2,1,0,0,0,0,5.0306997,0,0,1
36,28,0,0,5,1,0,1,0,0,0,0,4.458546,0,0,1
28,20,0,0,5,1,0,1,0,0,0,0,4.3518233,0,0,1
116,29,79,0,31,2,0,1,0,0,0,0,5.5216904,0,0,1
20,11,1,0,0,0,0,0,0,0,0,0,3.6841838,0,0,1
68,40,20,0,17,1,0,1,0,0,0,0,4.7927704,0,0,1
54,35,11,0,3,2,0,1,0,0,0,0,4.349511,0,0,1
62,53,1,0,0,0,0,1,0,0,0,0,3.215032,0,0,1
57,14,35,0,0,1,0,0,0,0,0,0,4.3682594,0,1,1
36,10,18,0,2,0,0,0,0,0,0,0,4.115087,0,0,1
55,13,34,0,0,1,0,0,0,0,0,0,4.3198953,0,0,1
63,11,44,0,3,0,0,0,0,0,0,1,4.4273,0,1,1
20,6,6,0,0,0,0,0,0,0,0,0,3.8841836,0,0,1
44,27,10,0,2,1,0,1,0,0,0,0,4.135235,0,0,1
44,27,10,0,1,1,0,1,0,0,0,0,4.2655835,0,0,1
44,27,10,0,0,1,0,1,0,0,0,0,4.208987,0,0,1
44,27,10,0,1,1,0,1,0,0,0,0,4.3281946,0,0,1
44,27,10,0,2,1,0,1,0,0,0,0,4.118078,0,0,1
44,27,10,0,1,1,0,1,0,0,0,0,4.208987,0,0,1
44,27,10,0,2,1,0,1,0,0,0,0,4.237285,0,0,1
44,27,10,0,3,1,0,1,0,0,0,0,4.3281946,0,0,1
41,32,1,0,0,2,0,0,0,0,0,0,4.241102,0,0,1
44,27,10,0,0,1,0,1,0,0,0,0,4.1441064,0,0,1
47,32,7,0,0,2,0,0,0,0,0,0,4.2932224,0,0,1
44,27,10,0,4,1,0,1,0,0,0,0,4.220129,0,0,1
51,33,10,0,0,1,0,1,0,0,0,0,4.2631254,0,0,1
49,31,10,0,0,1,0,1,0,0,0,0,4.0559235,0,1,1
49,31,10,0,0,1,0,1,0,0,0,0,4.0559235,0,1,1
49,31,10,0,0,1,0,1,0,0,0,0,4.09674,0,1,1
49,31,10,0,0,1,0,1,0,0,0,0,4.09674,0,1,1
49,31,10,0,0,1,0,1,0,0,0,0,4.017145,0,1,1
39,25,6,0,0,0,0,1,0,0,0,0,4.252975,0,0,1
25,13,4,0,0,1,0,0,0,0,0,0,3.8936608,0,0,1
48,35,5,0,0,2,0,1,0,0,0,0,4.282268,0,0,1
36,10,18,0,5,0,0,0,0,0,0,0,4.437577,0,0,1
38,12,18,0,6,0,0,0,0,0,0,0,4.481627,0,0,1
37,13,1,14,0,1,1,0,0,0,0,0,4.314334,0,0,1
37,28,1,0,0,3,0,0,0,0,0,0,4.0804143,0,0,1
43,28,7,0,0,3,0,0,0,0,0,0,4.158141,0,0,1
36,27,1,0,0,1,0,1,0,0,0,0,4.1625733,0,0,1
38,29,1,0,4,2,0,1,0,0,0,0,4.4316235,0,0,1
40,31,1,0,0,2,0,1,0,0,0,0,4.296439,0,0,1
38,29,1,0,0,2,0,1,0,0,0,0,4.1356997,0,1,1
31,22,1,0,0,0,0,0,0,0,0,0,4.042433,0,1,1
48,25,15,0,10,3,0,1,0,0,0,0,4.157268,0,1,1
80,7,65,0,11,0,0,0,0,0,0,0,4.7556753,0,0,1
42,33,1,0,4,2,0,1,0,0,0,0,4.4749527,0,0,1
28,20,1,0,7,0,0,1,0,0,0,0,3.96772,0,0,1
28,19,1,0,0,0,0,1,0,0,0,0,3.8693314,0,0,1
31,22,1,0,0,2,0,0,0,0,0,0,3.9535656,0,0,1
37,22,7,0,0,2,0,0,0,0,0,0,4.003259,0,0,1
52,39,1,3,20,1,1,1,0,0,0,0,4.4171886,0,0,1
48,39,1,0,19,1,0,1,0,0,0,0,4.293834,0,0,1
24,16,0,0,5,0,0,1,0,0,0,0,4.168296,0,0,1
107,13,61,0,0,4,1,0,0,1,0,0,4.4613876,0,0,1
45,5,7,0,2,0,1,0,0,1,0,0,4.5912013,0,0,1
33,18,7,0,0,0,0,0,0,0,0,0,3.9454648,0,0,1
37,30,0,0,8,1,0,1,0,0,0,0,4.208925,0,0,1
45,38,0,0,8,1,0,1,0,0,0,0,4.3223157,0,0,1
27,20,0,0,5,1,0,1,0,0,0,0,4.282484,0,0,1
53,14,31,0,0,0,0,0,0,0,0,0,4.175455,0,1,1
61,12,41,0,1,0,0,0,0,0,0,0,4.2551146,0,1,1
56,15,33,0,0,1,0,0,0,0,0,0,4.0210686,0,0,1
43,35,0,0,9,1,0,1,0,0,0,0,4.489877,0,0,1
66,24,34,0,0,0,0,1,0,0,0,0,4.162624,0,0,1
142,16,24,94,2,0,5,1,0,1,0,0,4.6939135,0,0,1
50,41,1,0,0,0,0,1,0,0,0,0,4.0777807,0,0,1
70,18,10,33,3,0,1,1,0,0,0,0,5.102507,0,1,1
29,20,1,0,0,1,0,0,0,0,0,0,4.004364,0,0,1
66,14,44,0,1,0,0,0,0,0,0,0,4.262229,0,1,1
34,22,4,0,1,0,0,0,0,0,0,0,4.1607046,0,0,1
43,35,0,0,3,2,0,1,0,0,0,0,4.2777977,0,0,1
27,20,0,0,1,2,0,0,0,0,0,0,3.986188,0,0,1
36,28,0,0,1,0,0,1,0,0,0,0,4.215355,0,0,1
62,19,35,0,0,1,0,1,0,0,0,0,4.062932,0,0,1
27,18,1,0,0,0,0,0,0,0,0,0,3.810081,0,0,1
33,25,0,0,0,0,0,1,0,0,0,0,3.896688,0,0,1
133,23,32,69,21,1,3,1,0,0,0,0,5.268912,0,0,1
29,20,1,0,0,0,0,0,0,0,0,0,4.0212684,0,0,1
35,26,1,0,0,0,0,0,0,0,0,0,3.804582,0,0,1
41,26,7,0,0,0,0,0,0,0,0,0,3.915615,0,0,1
38,30,0,0,3,1,0,1,0,0,0,0,4.1356997,0,0,1
33,25,0,0,0,0,0,1,0,0,0,0,3.8818326,0,0,1
33,25,0,0,0,0,0,1,0,0,0,0,3.8619835,0,0,1
43,24,11,0,0,0,0,0,0,0,0,0,3.9431384,0,0,1
26,7,11,0,0,0,0,0,0,0,0,0,3.8150723,0,0,1
33,24,1,0,0,0,0,0,0,0,0,0,3.998051,0,0,1
46,37,1,0,6,2,0,1,0,0,0,0,4.441509,0,0,1
30,21,1,0,0,1,0,1,0,0,0,0,4.148394,0,0,1
37,28,1,0,0,0,0,1,0,0,0,0,4.0777154,0,1,1
45,36,1,0,0,3,0,1,0,0,0,0,4.2166514,0,0,1
80,7,65,0,12,0,0,0,0,0,0,0,4.7156343,0,0,1
39,30,1,0,0,3,0,1,0,0,0,0,4.057856,0,0,1
44,35,1,0,0,2,0,1,0,0,0,0,4.0754805,0,0,1
46,39,0,0,10,1,0,1,0,0,0,0,4.449995,0,0,1
36,19,9,0,0,1,0,0,0,0,0,0,4.120635,0,0,1
40,33,0,0,4,1,0,1,0,0,0,0,4.306198,0,0,1
27,19,1,0,6,0,0,1,0,0,0,0,3.986188,0,0,1
26,18,1,0,6,0,0,1,0,0,0,0,3.9790978,0,0,1
35,28,0,0,5,1,0,1,0,0,0,0,4.397579,0,0,1
86,52,1,0,11,5,0,3,0,0,0,0,4.8879313,0,0,1
41,34,0,0,3,2,0,1,0,0,0,0,4.40342,0,0,1
41,34,0,0,3,2,0,1,0,0,0,0,4.40342,0,0,1
37,29,0,0,6,1,0,1,0,0,0,0,4.3887906,0,0,1
33,25,0,0,6,1,0,1,0,0,0,0,4.245469,0,0,1
131,15,108,0,15,2,0,1,0,0,0,0,5.590105,0,0,1
175,15,108,43,19,2,3,1,0,0,0,0,5.625183,0,0,1
59,15,14,21,0,1,2,0,0,1,0,0,4.3147874,0,0,1
51,20,23,0,1,0,0,0,0,0,0,0,4.49323,0,1,1
84,59,17,0,1,1,0,1,0,0,0,0,4.482062,0,1,1
39,30,1,0,0,2,0,0,0,0,0,0,4.0410604,0,0,1
45,30,7,0,0,2,0,0,0,0,0,0,4.041093,0,0,1
41,34,0,0,3,2,0,1,0,0,0,0,4.287447,0,0,1
42,33,1,0,6,2,0,1,0,0,0,0,4.2228074,0,0,1
35,23,4,0,0,0,0,1,0,0,0,0,4.0331535,0,0,1
40,25,7,0,0,0,0,1,0,0,0,0,3.9464393,0,1,1
46,34,4,0,0,2,0,1,0,0,0,0,4.143476,0,0,1
39,27,4,0,0,1,0,1,0,0,0,0,3.965301,0,0,1
41,29,4,0,0,0,0,1,0,0,0,0,4.0714774,0,0,1
35,23,4,0,0,0,0,1,0,0,0,0,3.7362862,0,0,1
38,26,4,0,0,1,0,1,0,0,0,0,3.9579394,0,0,1
39,30,1,0,0,2,0,1,0,0,0,0,4.109138,0,0,1
28,19,1,0,0,0,0,1,0,0,0,0,3.96772,0,0,1
34,21,5,0,8,0,0,1,0,0,0,0,4.395999,0,0,1
44,35,1,0,0,0,0,1,0,0,0,0,4.157518,0,1,1
41,32,1,0,5,2,0,1,0,0,0,0,4.393899,0,0,1
81,72,1,0,0,0,0,1,0,0,0,0,4.259362,0,1,1
36,27,1,0,0,3,0,1,0,0,0,0,4.2873015,0,0,1
37,28,1,0,1,0,0,1,0,0,0,0,4.1416216,0,0,1
29,20,1,0,0,0,0,1,0,0,0,0,4.0212684,0,0,1
32,23,1,0,0,0,0,1,0,0,0,0,4.0153193,0,0,1
32,23,1,0,0,0,0,1,0,0,0,0,4.2653193,0,0,1
29,20,1,0,0,0,0,1,0,0,0,0,4.090234,0,0,1
31,22,1,0,0,0,0,1,0,0,0,0,3.9048634,0,0,1
28,19,1,0,0,0,0,1,0,0,0,0,4.0121884,0,0,1
30,21,1,0,3,0,0,1,0,0,0,0,4.1232314,0,0,1
35,26,1,0,0,1,0,1,0,0,0,0,4.2074356,0,0,1
30,21,1,0,0,0,0,1,0,0,0,0,4.148394,0,0,1
35,26,1,0,6,0,0,1,0,0,0,0,4.1014495,0,0,1
33,24,1,0,0,1,0,1,0,0,0,0,4.248495,0,0,1
46,37,1,0,0,0,0,1,0,0,0,0,3.9230044,0,0,1
60,19,33,0,0,0,0,0,0,0,0,0,4.073721,0,1,1
45,19,18,0,0,0,0,0,0,0,0,0,3.8833966,0,0,1
43,34,1,0,4,2,0,1,0,0,0,0,4.4082546,0,0,1
33,24,1,0,0,0,0,1,0,0,0,0,4.0895524,0,0,1
28,20,0,0,0,1,0,1,0,0,0,0,3.9946804,0,0,1
33,24,1,0,1,2,0,1,0,0,0,0,4.0895524,0,0,1
173,19,20,125,30,2,5,1,0,0,0,0,4.9541793,0,0,1
54,21,25,0,2,1,0,1,0,0,0,0,4.632125,0,0,1
45,38,0,0,8,1,0,1,0,0,0,0,4.36676,0,0,1
37,30,0,0,8,1,0,1,0,0,0,0,4.262979,0,0,1
36,28,0,0,5,1,0,1,0,0,0,0,4.4029903,0,0,1
85,25,14,38,18,0,1,1,0,0,0,0,4.5237684,0,0,1
73,25,11,29,14,0,1,1,0,0,0,0,4.6274257,0,1,1
138,45,85,0,19,0,0,1,0,0,0,0,5.426196,0,0,1
37,30,0,0,8,1,0,1,0,0,0,0,4.262979,0,0,1
45,38,0,0,8,1,0,1,0,0,0,0,4.36676,0,0,1
29,20,1,0,0,2,0,0,0,0,0,0,4.1422954,0,0,1
35,20,7,0,0,2,0,0,0,0,0,0,4.150293,0,0,1
27,18,1,0,0,0,0,1,0,0,0,0,4.134336,0,0,1
34,25,1,0,0,2,0,0,0,0,0,0,4.020855,0,0,1
40,25,7,0,0,2,0,0,0,0,0,0,4.058695,0,0,1
30,22,0,0,1,1,0,1,0,0,0,0,4.040224,0,0,1
43,23,12,0,2,0,1,2,0,0,0,0,4.5829005,0,0,1
80,7,65,0,2,5,0,0,0,0,0,0,4.717494,0,1,1
44,36,0,0,7,1,0,1,0,0,0,0,4.4905863,0,0,1
37,29,0,0,1,3,0,1,0,0,0,0,4.154871,0,0,1
86,52,1,0,12,5,0,3,0,0,0,0,4.8879313,0,0,1
45,13,24,0,4,0,0,0,0,0,0,0,4.241527,0,0,1
38,30,0,0,1,4,0,1,0,0,0,0,4.1330714,0,0,1
46,37,1,0,6,2,0,1,0,0,0,0,4.430852,0,0,1
131,15,108,0,15,2,0,1,0,0,0,0,5.5813627,0,0,1
95,74,13,0,11,0,0,2,0,0,0,0,4.8786106,0,0,1
34,26,0,0,0,2,0,1,0,0,0,0,4.0545387,0,0,1
40,32,0,0,1,3,0,1,0,0,0,0,4.206198,0,0,1
27,10,9,0,0,0,0,0,0,0,0,0,3.7821221,0,0,1
88,22,58,0,2,1,0,1,0,0,0,0,4.290692,0,0,1
40,31,1,0,1,1,0,1,0,0,0,0,4.3964396,0,0,1
38,31,0,0,1,1,0,1,0,0,0,0,4.3988576,0,0,1
71,62,1,0,0,0,0,1,0,0,0,0,3.8101256,0,0,1
32,23,1,0,0,2,0,0,0,0,0,0,4.1320486,0,0,1
38,23,7,0,0,2,0,0,0,0,0,0,4.1261067,0,0,1
52,43,1,0,4,2,0,1,0,0,0,0,4.2526665,0,1,1
36,23,1,3,5,0,1,1,0,0,0,0,4.19716,0,0,1
24,17,0,0,2,1,0,0,0,0,0,0,4.0535088,0,0,1
24,17,0,0,1,1,0,0,0,0,0,0,3.9701755,0,0,1
29,20,1,0,2,1,0,1,0,0,0,0,3.8833375,0,0,1
45,22,16,0,3,1,0,1,0,0,0,0,4.223107,0,0,1
43,20,16,0,2,1,0,1,0,0,0,0,4.0452394,0,0,1
44,20,16,0,0,1,0,1,0,0,0,0,4.1158085,0,0,1
35,26,1,0,0,2,0,0,0,0,0,0,3.9141595,0,0,1
45,26,11,0,0,2,0,0,0,0,0,0,4.146757,0,0,1
20,7,5,0,0,0,0,0,0,0,0,0,3.4841838,0,0,1
29,14,7,0,0,1,0,0,0,0,0,0,3.909368,0,0,1
207,19,37,142,26,4,5,1,0,0,0,0,4.8551965,0,1,1
39,11,20,0,0,0,0,0,0,0,0,0,3.8846538,0,0,1
37,11,18,0,6,0,0,0,0,0,0,0,4.314334,0,0,1
37,28,1,0,4,0,0,1,0,0,0,0,4.229327,0,0,1
34,25,1,0,0,1,0,1,0,0,0,0,4.175123,0,0,1
22,13,1,0,0,0,0,0,0,0,0,0,3.4130883,0,0,1
36,8,20,0,0,0,0,0,0,0,0,0,3.9484203,0,0,1
22,8,6,0,0,0,0,0,0,0,0,0,3.823068,0,0,1
29,18,3,0,0,1,0,1,0,0,0,0,4.116265,0,0,1
36,20,8,0,0,0,0,0,0,0,0,0,3.8428574,0,0,1
28,19,1,0,0,0,0,0,0,0,0,0,3.726474,0,0,1
29,20,1,0,0,0,0,0,0,0,0,0,3.8833375,0,0,1
34,25,1,0,0,3,0,0,0,0,0,0,4.175123,0,0,1
40,25,7,0,0,3,0,0,0,0,0,0,4.177567,0,0,1
35,26,1,0,0,1,0,1,0,0,0,0,3.900153,0,0,1
26,17,1,0,0,0,0,1,0,0,0,0,3.9790978,0,0,1
53,31,14,0,0,2,0,1,0,0,0,0,3.982084,0,0,1
50,43,0,0,10,0,0,2,0,0,0,0,4.4483676,0,0,1
48,41,0,0,10,1,0,1,0,0,0,0,4.647055,0,0,1
44,36,0,0,7,1,0,1,0,0,0,0,4.4905863,0,0,1
40,32,0,0,8,1,0,1,0,0,0,0,4.3653116,0,0,1
35,27,0,0,5,1,0,1,0,0,0,0,4.150293,0,0,1
43,36,0,0,7,1,0,1,0,0,0,0,4.248842,0,0,1
38,30,0,0,9,1,0,1,0,0,0,0,4.378992,0,0,1
56,49,0,0,1,3,0,1,0,0,0,0,4.282639,0,0,1
47,40,0,0,8,1,0,1,0,0,0,0,4.408327,0,0,1
64,56,0,0,13,4,0,1,0,0,0,0,4.6780725,0,0,1
36,28,0,0,5,1,0,1,0,0,0,0,4.458546,0,0,1
53,45,0,0,16,0,0,1,0,0,0,0,4.585858,0,0,1
47,39,0,0,7,1,0,1,0,0,0,0,4.408327,0,0,1
22,13,1,0,0,0,0,0,0,0,0,0,3.5383105,0,0,1
48,40,0,0,11,1,0,1,0,0,0,0,4.498734,0,0,1
51,20,23,0,1,0,0,0,0,0,0,0,4.4147987,0,1,1
27,19,0,0,0,1,0,1,0,0,0,0,3.8380399,0,0,1
37,28,1,0,0,3,0,0,0,0,0,0,4.005958,0,0,1
43,28,7,0,0,3,0,0,0,0,0,0,3.998728,0,0,1
34,25,1,0,0,3,0,0,0,0,0,0,4.057476,0,0,1
40,25,7,0,0,3,0,0,0,0,0,0,4.058695,0,0,1
24,15,1,0,0,1,0,0,0,0,0,0,3.8239348,0,0,1
91,54,1,0,10,5,0,3,0,0,0,0,4.9153786,0,0,1
33,24,1,0,0,3,0,0,0,0,0,0,4.165014,0,0,1
39,24,7,0,0,3,0,0,0,0,0,0,4.1949067,0,0,1
33,24,1,0,0,3,0,0,0,0,0,0,3.9683404,0,1,1
40,24,8,0,0,3,0,0,0,0,0,0,3.8995817,0,1,1
54,27,19,0,0,0,0,1,0,0,0,0,4.3290777,0,0,1
42,22,12,0,0,0,0,1,0,0,0,0,4.2228074,0,0,1
136,27,7,93,23,2,1,1,0,0,0,0,5.6277604,0,0,1
197,21,1,205,0,0,4,1,0,0,1,0,4.6774383,0,0,1
35,26,1,0,0,2,0,0,0,0,0,0,3.9928706,0,0,1
41,26,7,0,0,2,0,0,0,0,0,0,4.0156116,0,0,1
38,29,1,0,0,3,0,0,0,0,0,0,4.076103,0,0,1
44,29,7,0,0,3,0,0,0,0,0,0,4.112063,0,0,1
37,28,1,0,0,3,0,0,0,0,0,0,4.147718,0,0,1
43,28,7,0,0,3,0,0,0,0,0,0,4.1695414,0,0,1
131,15,108,0,17,2,0,1,0,0,0,0,5.4918547,0,0,1
41,34,0,0,3,2,0,1,0,0,0,0,4.40342,0,0,1
43,36,0,0,7,1,0,1,0,0,0,0,4.3243093,0,0,1
46,37,1,0,6,2,0,1,0,0,0,0,4.2490144,0,0,1
51,27,16,0,6,1,0,1,0,0,0,0,4.780077,0,0,1
51,27,16,0,6,0,0,1,0,0,0,0,4.586463,0,0,1
44,36,0,0,7,1,0,1,0,0,0,0,4.427975,0,0,1
40,25,7,0,0,1,0,1,0,0,0,0,4.0373263,0,0,1
51,20,23,0,0,1,0,0,0,0,0,0,4.455972,0,0,1
40,31,1,0,0,1,0,1,0,0,0,0,4.087326,0,0,1
30,21,1,0,1,0,0,1,0,0,0,0,4.1647353,0,0,1
37,28,1,0,0,1,0,1,0,0,0,0,4.2833815,0,0,1
80,71,1,0,27,6,0,2,0,0,0,0,4.7230105,0,0,1
36,12,16,0,4,0,0,0,0,0,0,0,4.3610525,0,1,1
35,28,0,0,7,1,0,1,0,0,0,0,4.2645783,0,0,1
51,23,20,0,6,0,0,1,0,0,0,0,4.483618,0,0,1
38,29,1,0,0,1,0,1,0,0,0,0,4.339261,0,0,1
124,15,64,36,25,5,1,1,0,0,0,0,5.385513,0,0,1
35,27,0,0,1,0,0,1,0,0,0,0,4.0687284,0,0,1
43,35,0,0,6,1,0,1,0,0,0,0,4.3883767,0,0,1
44,35,1,0,6,1,0,1,0,0,0,0,4.3825207,0,0,1
28,19,1,0,1,0,0,1,0,0,0,0,3.9137995,0,0,1
38,29,1,0,0,0,0,1,0,0,0,0,4.0933404,0,0,1
38,29,1,0,0,1,0,1,0,0,0,0,4.1684656,0,0,1
32,23,1,0,4,0,0,1,0,0,0,0,3.9681392,0,0,1
33,24,1,0,1,0,0,1,0,0,0,0,4.0895524,0,0,1
27,19,0,0,1,0,0,1,0,0,0,0,3.8561964,0,0,1
38,29,1,0,0,2,0,1,0,0,0,0,4.0304365,0,0,1
41,32,1,0,0,3,0,1,0,0,0,0,4.13465,0,0,1
40,31,1,0,0,3,0,1,0,0,0,0,4.1464396,0,0,1
30,21,1,0,0,1,0,1,0,0,0,0,3.9647353,0,0,1
39,30,1,0,0,3,0,1,0,0,0,0,3.9678617,0,0,1
35,26,1,0,0,0,0,1,0,0,0,0,3.7474394,0,0,1
28,19,1,0,0,1,0,1,0,0,0,0,3.7979026,0,0,1
36,27,1,0,0,2,0,1,0,0,0,0,3.9302254,0,0,1
40,31,1,0,0,3,0,1,0,0,0,0,4.1061983,0,0,1
37,28,1,0,0,3,0,1,0,0,0,0,3.8747485,0,0,1
42,33,1,0,0,4,0,1,0,0,0,0,4.0886297,0,0,1
41,32,1,0,0,4,0,1,0,0,0,0,4.0714774,0,0,1
51,42,1,0,0,4,0,1,0,0,0,0,4.093419,0,0,1
41,32,1,0,0,3,0,1,0,0,0,0,4.210734,0,1,1
36,27,1,0,0,1,0,1,0,0,0,0,4.1835423,0,1,1
34,25,1,0,0,1,0,1,0,0,0,0,4.124084,0,1,1
28,19,1,0,0,1,0,1,0,0,0,0,4.0661087,0,1,1
41,32,1,0,0,3,0,1,0,0,0,0,3.9275718,0,0,1
33,24,1,0,0,1,0,1,0,0,0,0,4.066677,0,0,1
37,28,1,0,0,2,0,1,0,0,0,0,3.9927087,0,0,1
37,28,1,0,0,2,0,1,0,0,0,0,4.046763,0,0,1
46,37,1,0,0,5,0,1,0,0,0,0,4.0814166,0,0,1
40,31,1,0,0,2,0,1,0,0,0,0,4.0428967,0,1,1
41,32,1,0,0,2,0,1,0,0,0,0,3.9067242,0,0,1
31,22,1,0,0,2,0,1,0,0,0,0,3.8890495,0,0,1
38,29,1,0,0,2,0,1,0,0,0,0,3.9483466,0,0,1
36,27,1,0,0,2,0,1,0,0,0,0,4.00675,0,0,1
37,28,1,0,0,3,0,1,0,0,0,0,4.1752734,0,1,1
32,23,1,0,0,1,0,1,0,0,0,0,4.0511084,0,1,1
32,23,1,0,0,1,0,1,0,0,0,0,4.0153193,0,1,1
35,26,1,0,0,2,0,1,0,0,0,0,3.9788642,0,0,1
39,30,1,0,0,3,0,1,0,0,0,0,3.922293,0,0,1
39,30,1,0,0,2,0,1,0,0,0,0,4.009135,0,0,1
47,38,1,0,0,5,0,1,0,0,0,0,4.1048236,0,1,1
49,40,1,0,0,5,0,1,0,0,0,0,4.099632,0,0,1
40,31,1,0,0,3,0,1,0,0,0,0,4.056198,0,0,1
33,24,1,0,0,2,0,1,0,0,0,0,4.1501584,0,0,1
46,21,17,0,0,0,0,2,0,0,0,0,4.1164083,0,0,1
38,27,4,0,0,1,0,1,0,0,0,0,4.2409625,0,0,1
39,27,5,0,0,1,0,1,0,0,0,0,4.221049,0,0,1
35,11,16,0,0,0,0,0,0,0,0,0,3.6040237,0,0,1
49,26,15,0,11,3,0,1,0,0,0,0,4.246964,0,1,1
98,49,41,0,16,2,0,1,0,0,0,0,4.54904,0,0,1
40,31,1,0,5,0,0,2,0,0,0,0,4.3775673,0,0,1
21,6,7,0,1,0,0,0,0,0,0,0,3.88018,0,0,1
113,15,76,13,5,2,1,1,0,0,0,0,5.3718185,0,0,1
99,15,76,0,5,2,0,1,0,0,0,0,5.326976,0,0,1
23,4,11,0,2,0,0,0,0,0,0,0,3.9361804,1,0,1
24,13,3,0,0,0,0,0,0,0,0,0,3.8553886,0,0,1
23,4,11,0,3,0,0,0,0,0,0,0,4.023137,1,0,1
23,4,11,0,0,0,0,0,0,0,0,0,3.9361804,1,0,1
217,21,31,156,14,4,2,2,0,0,0,0,5.6493893,0,0,1
23,4,11,0,2,0,0,0,0,0,0,0,4.1100936,1,0,1
217,21,31,156,16,4,2,2,0,0,0,0,5.7241025,0,0,1
29,21,0,0,0,0,0,2,0,0,0,0,4.047299,0,0,1
23,4,11,0,2,0,0,0,0,0,0,0,4.1100936,1,0,1
44,24,13,0,6,2,0,1,0,0,0,0,4.098652,0,0,1
30,15,7,0,3,0,0,1,0,0,0,0,4.189898,0,0,1
1086,21,38,1018,142,15,3,0,0,0,0,0,5.9851274,0,0,1
49,40,1,0,0,3,0,1,0,0,0,0,4.1137123,0,0,1
93,15,64,5,7,1,1,1,0,0,0,0,5.393682,0,0,1
175,15,108,43,17,1,3,1,0,0,0,0,5.56442,0,0,1
175,15,108,43,21,5,3,1,0,0,0,0,5.5577936,0,0,1
84,15,61,0,4,0,0,1,0,0,0,0,5.1528754,0,0,1
84,15,61,0,4,0,0,1,0,0,0,0,5.1685796,0,0,1
84,15,61,0,7,2,0,1,0,0,0,0,5.110785,0,0,1
84,15,61,0,8,1,0,1,0,0,0,0,5.3145876,0,0,1
84,15,61,0,8,0,0,1,0,0,0,0,5.0947733,0,0,1
84,15,61,0,7,2,0,1,0,0,0,0,5.1516867,0,0,1
45,27,10,0,1,2,0,1,0,0,0,0,4.1423187,0,0,1
39,30,1,0,6,2,0,1,0,0,0,0,4.29491,0,0,1
28,11,9,0,4,0,0,0,0,0,0,0,4.182006,1,0,1
25,10,7,0,2,0,0,0,0,0,0,0,3.9736607,1,0,1
106,74,1,22,5,0,1,2,0,0,0,0,4.8414903,0,0,1
37,11,18,0,4,0,0,0,0,0,0,0,4.371087,1,0,1
28,11,9,0,3,0,0,0,0,0,0,0,4.2803946,1,0,1
175,15,108,43,19,2,3,1,0,0,0,0,5.580294,0,0,1
62,43,11,0,25,1,0,1,0,0,0,0,4.8166265,0,0,1
33,7,18,0,0,1,0,0,0,0,0,0,3.8471282,0,0,1
32,7,17,0,0,1,0,0,0,0,0,0,3.8667293,0,0,1
113,31,10,63,0,0,3,1,0,0,0,0,4.504074,0,0,1
28,11,9,0,3,0,0,0,0,0,0,0,4.083617,1,0,1
52,23,21,0,0,1,0,1,0,0,0,0,4.2789755,0,0,1
28,11,9,0,4,0,0,0,0,0,0,0,4.324863,1,0,1
67,18,14,26,12,0,2,0,0,0,0,0,4.5562606,0,1,1
26,11,7,0,0,1,0,0,0,0,0,0,4.209867,0,0,1
20,7,5,0,0,0,0,0,0,0,0,0,3.6841838,0,0,1
20,7,5,0,0,0,0,0,0,0,0,0,3.6841838,0,0,1
20,7,5,0,0,0,0,0,0,0,0,0,3.6841838,0,0,1
20,7,5,0,0,0,0,0,0,0,0,0,3.7841837,0,0,1
118,30,58,3,22,5,1,1,0,0,0,0,4.8475146,0,0,1
20,7,5,0,0,0,0,0,0,0,0,0,3.7841837,0,0,1
118,30,58,3,20,5,1,1,0,0,0,0,4.9128494,0,0,1
20,7,5,0,0,0,0,0,0,0,0,0,3.7841837,0,0,1
118,30,58,3,16,5,1,1,0,0,0,0,4.8755074,0,0,1
20,7,5,0,0,0,0,0,0,0,0,0,3.6841838,0,0,1
20,7,5,0,0,0,0,0,0,0,0,0,3.7841837,0,0,1
20,7,5,0,0,0,0,0,0,0,0,0,3.7841837,0,0,1
20,7,5,0,0,0,0,0,0,0,0,0,3.7841837,0,0,1
20,7,5,0,1,0,0,0,0,0,0,0,3.7841837,0,0,1
20,7,5,0,0,0,0,0,0,0,0,0,3.7841837,0,0,1
96,30,58,0,7,5,0,1,0,0,0,0,4.5498137,0,0,1
96,30,58,0,7,5,0,1,0,0,0,0,4.534254,0,0,1
96,30,58,0,8,5,0,1,0,0,0,0,4.5874143,0,0,1
96,30,58,0,8,5,0,1,0,0,0,0,4.519641,0,0,1
81,30,43,0,8,3,0,1,0,0,0,0,4.5186653,0,0,1
96,30,58,0,8,5,0,1,0,0,0,0,4.569171,0,0,1
96,30,58,0,9,5,0,1,0,0,0,0,4.535732,0,0,1
96,30,58,0,7,5,0,1,0,0,0,0,4.5664144,0,0,1
96,30,58,0,7,5,0,1,0,0,0,0,4.5633883,0,0,1
96,30,58,0,7,5,0,1,0,0,0,0,4.575318,0,0,1
59,43,8,0,25,1,0,1,0,0,0,0,4.6405377,0,0,1
62,43,11,0,20,1,0,1,0,0,0,0,4.4855084,0,0,1
62,43,11,0,21,1,0,1,0,0,0,0,4.571154,0,0,1
62,43,11,0,24,1,0,1,0,0,0,0,4.7689714,0,0,1
76,43,11,13,27,1,1,1,0,0,0,0,5.0372267,0,0,1
83,74,1,0,6,0,0,2,0,0,0,0,4.783122,0,0,1
40,32,0,0,0,0,0,1,0,0,0,0,4.2153115,0,0,1
51,42,1,0,1,3,0,1,0,0,0,0,4.1627445,0,0,1
131,15,108,0,11,1,0,1,0,0,0,0,5.4678454,0,0,1
59,39,13,0,1,4,0,1,0,0,0,0,4.2057667,0,1,1
64,43,13,0,4,4,0,1,0,0,0,0,4.3409247,0,1,1
131,15,108,0,19,2,0,1,0,0,0,0,5.4518156,0,0,1
175,15,108,43,23,2,3,1,0,0,0,0,5.487022,0,0,1
167,15,108,35,23,2,3,1,0,0,0,0,5.474642,0,0,1
42,30,4,0,0,2,0,1,0,0,0,0,4.1595926,0,0,1
36,27,1,0,0,1,0,1,0,0,0,0,4.2181287,0,0,1
42,33,1,0,0,0,0,1,0,0,0,0,4.2844763,0,0,1
36,27,1,0,0,0,0,1,0,0,0,0,4.127987,0,0,1
28,19,1,0,0,1,0,1,0,0,0,0,4.182006,0,0,1
26,17,1,0,2,0,0,1,0,0,0,0,4.10391,0,0,1
28,19,1,0,0,0,0,1,0,0,0,0,3.9232519,0,0,1
25,16,1,0,2,0,0,1,0,0,0,0,3.9736607,0,0,1
31,22,1,0,0,0,0,1,0,0,0,0,4.1313004,0,0,1
47,38,1,0,6,0,0,1,0,0,0,0,4.453005,0,0,1
28,19,1,0,0,0,0,1,0,0,0,0,4.0121884,0,0,1
39,30,1,0,0,0,0,1,0,0,0,0,3.9846573,0,0,1
30,21,1,0,0,0,0,1,0,0,0,0,4.0980687,0,0,1
39,30,1,0,0,0,0,1,0,0,0,0,4.252975,0,0,1
62,53,1,0,3,0,0,1,0,0,0,0,4.3209968,0,0,1
58,25,25,0,3,0,0,1,0,0,0,0,4.7781672,0,0,1
33,24,1,0,0,2,0,0,0,0,0,0,3.8848588,0,0,1
43,24,11,0,0,2,0,0,0,0,0,0,4.1382627,0,0,1
43,36,0,0,7,1,0,1,0,0,0,0,4.3243093,0,0,1
59,26,25,0,4,1,0,1,0,0,0,0,4.5710487,0,0,1
28,20,0,0,0,1,0,0,0,0,0,0,3.94076,0,0,1
36,28,0,0,0,0,0,1,0,0,0,0,3.9721634,0,0,1
33,25,0,0,0,0,0,1,0,0,0,0,3.9225895,0,0,1
34,26,0,0,0,0,0,1,0,0,0,0,3.9986525,0,0,1
36,28,0,0,0,0,0,1,0,0,0,0,3.9721634,0,0,1
33,25,0,0,0,0,0,1,0,0,0,0,3.9077342,0,0,1
35,27,0,0,0,0,0,1,0,0,0,0,3.8757315,0,0,1
34,26,0,0,0,0,0,1,0,0,0,0,3.8810055,0,0,1
32,24,0,0,0,0,0,1,0,0,0,0,3.8667293,0,0,1
33,25,0,0,0,0,0,1,0,0,0,0,3.8997142,0,0,1
38,29,1,0,2,0,0,0,0,0,0,0,4.165838,0,0,1
175,15,108,43,16,1,3,1,0,0,0,0,5.576443,0,0,1
131,15,108,0,12,1,0,1,0,0,0,0,5.5298524,0,0,1
29,21,0,0,0,0,0,1,0,0,0,0,4.004364,0,0,1
132,27,7,89,22,2,1,1,0,0,0,0,5.632124,0,0,1
105,16,3,77,11,0,2,0,0,1,0,0,5.43753,0,0,1
43,36,0,0,6,1,0,1,0,0,0,0,4.219886,0,0,1
36,28,0,0,6,1,0,1,0,0,0,0,4.0860486,0,0,1
46,22,16,0,2,0,0,1,0,0,0,0,4.613251,0,0,1
26,17,1,0,0,2,0,0,0,0,0,0,3.8731406,0,0,1
32,17,7,0,0,2,0,0,0,0,0,0,3.8667293,0,0,1
161,12,1,143,37,0,6,0,0,0,1,0,5.6604266,0,0,1
88,54,1,0,12,5,0,3,0,0,0,0,4.792827,0,0,1
31,22,1,0,0,2,0,0,0,0,0,0,3.977917,0,0,1
37,22,7,0,0,2,0,0,0,0,0,0,4.0804143,0,0,1
35,27,0,0,4,0,0,1,0,0,0,0,4.3648577,0,0,1
32,23,1,0,0,2,0,0,0,0,0,0,3.9764097,0,0,1
38,23,7,0,0,2,0,0,0,0,0,0,4.0079427,0,0,1
42,35,0,0,6,1,0,1,0,0,0,0,4.300072,0,0,1
36,28,1,0,7,1,0,1,0,0,0,0,4.32924,0,0,1
34,27,0,0,6,1,0,1,0,0,0,0,4.1973257,0,0,1
32,23,1,0,0,2,0,0,0,0,0,0,4.030639,0,0,1
38,23,7,0,0,2,0,0,0,0,0,0,4.1287346,0,0,1
47,14,25,0,0,1,0,1,0,0,0,0,4.2910976,0,0,1
42,35,0,0,6,1,0,1,0,0,0,0,4.3773365,0,0,1
53,46,0,0,17,0,0,1,0,0,0,0,4.47265,0,0,1
32,23,1,0,0,2,0,0,0,0,0,0,3.9445488,0,0,1
38,23,7,0,0,2,0,0,0,0,0,0,3.9880774,0,0,1
25,11,6,0,0,0,0,0,0,0,0,0,3.7336607,0,0,1
45,15,22,0,0,0,0,1,0,0,0,0,4.146757,0,0,1
33,24,1,0,0,2,0,0,0,0,0,0,3.9454648,0,0,1
42,24,10,0,0,2,0,0,0,0,0,0,4.207212,0,0,1
39,24,7,0,0,2,0,0,0,0,0,0,4.0385,0,0,1
32,23,1,0,0,2,0,0,0,0,0,0,4.0542293,0,0,1
80,7,65,0,12,0,0,0,0,0,0,0,4.8058753,0,0,1
29,16,5,0,1,0,0,1,0,0,0,0,4.2541957,0,0,1
22,13,1,0,0,1,0,0,0,0,0,0,4.061482,0,0,1
46,14,12,11,2,0,1,1,0,0,0,0,4.3599577,0,0,1
24,8,8,0,1,0,0,0,0,0,0,0,4.1368423,0,0,1
36,13,15,0,0,1,0,0,0,0,0,0,4.051462,0,0,1
41,12,21,0,0,1,0,0,0,0,0,0,4.092325,0,0,1
45,20,17,0,0,1,0,1,0,0,0,0,3.9223156,0,0,1
30,21,1,0,0,2,0,0,0,0,0,0,4.0817275,0,0,1
36,21,7,0,0,2,0,0,0,0,0,0,4.1070175,0,0,1
27,10,9,0,0,0,1,0,0,1,0,0,3.9023116,0,0,1
58,21,29,0,0,0,0,0,0,0,0,0,4.1634865,0,0,1
153,29,12,103,68,4,1,2,0,0,0,0,4.7996845,0,0,1
111,14,4,92,7,0,4,1,0,0,1,0,5.2407956,0,0,1
368,23,7,365,57,4,23,2,0,0,1,0,5.227308,0,0,1
38,23,7,0,3,0,0,2,0,0,0,0,4.290966,0,0,1
58,40,10,0,0,0,0,1,0,0,0,0,4.2268887,0,0,1
57,48,1,0,0,2,0,1,0,0,0,0,4.260105,0,0,1
41,32,1,0,0,1,0,1,0,0,0,0,4.192322,0,0,1
48,13,28,0,2,2,0,0,0,0,0,0,4.3197737,0,0,1
49,22,19,0,0,0,0,1,0,0,0,0,4.22952,0,0,1
26,10,8,0,3,0,0,0,0,0,0,0,3.8252518,0,0,1
25,8,9,0,1,0,0,0,0,0,0,0,3.8136606,0,0,1
80,28,44,0,8,1,0,1,0,0,0,0,4.6187425,0,0,1
66,35,23,0,8,4,0,1,0,0,0,0,4.5444894,0,0,1
36,28,1,0,0,1,0,1,0,0,0,0,4.2736845,0,0,1
43,35,0,0,6,1,0,1,0,0,0,0,4.4814,0,0,1
124,15,64,36,23,4,1,1,0,0,0,0,5.365222,0,0,1
175,15,108,43,14,4,3,1,0,0,0,0,5.551842,0,0,1
32,24,0,0,6,1,0,1,0,0,0,0,4.22641,0,0,1
28,19,1,0,1,2,0,0,0,0,0,0,3.7229075,0,0,1
56,48,0,0,0,1,0,1,0,0,0,0,4.212994,0,0,1
49,17,24,0,3,1,0,0,0,0,0,0,4.4510455,0,0,1
87,29,16,33,16,1,2,1,0,0,0,0,5.135785,0,0,1
132,27,13,83,3,1,5,1,0,0,0,0,4.510262,0,0,1
58,25,25,0,6,0,0,1,0,0,0,0,4.6617036,0,0,1
45,38,0,0,9,1,0,1,0,0,0,0,4.5000935,0,0,1
33,24,1,0,0,0,0,1,0,0,0,0,3.8589573,0,0,1
32,24,0,0,6,1,0,1,0,0,0,0,4.28891,0,0,1
45,21,16,0,4,1,0,1,0,0,0,0,4.3966484,0,0,1
45,21,16,0,3,1,0,1,0,0,0,0,4.607977,0,0,1
51,29,1,13,10,0,1,1,0,0,0,0,4.618025,0,0,1
52,24,1,19,7,0,2,1,0,0,0,0,4.666316,0,0,1
34,25,1,0,0,2,0,0,0,0,0,0,4.1162996,0,0,1
40,25,7,0,0,2,0,0,0,0,0,0,4.139823,0,0,1
38,29,1,0,0,2,0,1,0,0,0,0,4.201232,0,0,1
41,32,1,0,6,2,0,1,0,0,0,0,4.35062,0,0,1
31,22,1,0,0,0,0,1,0,0,0,0,4.2201676,0,0,1
46,37,1,0,6,2,0,1,0,0,0,0,4.3980308,0,0,1
51,18,26,0,0,0,0,1,0,0,0,0,4.3139114,0,0,1
55,14,34,0,7,0,0,0,0,0,0,0,4.865641,0,1,1
31,22,1,0,0,0,0,1,0,0,0,0,3.873236,0,0,1
27,15,5,0,0,0,0,0,0,0,0,0,3.6302752,0,0,1
78,19,52,0,0,2,0,0,0,0,0,0,4.6083508,0,1,1
98,17,54,18,11,2,1,1,0,0,0,0,4.5886016,0,0,1
37,28,1,0,0,3,0,0,0,0,0,0,4.2425766,0,0,1
43,28,7,0,0,3,0,0,0,0,0,0,4.213731,0,0,1
199,19,31,140,30,6,5,1,0,0,0,0,4.8896565,0,0,1
28,20,0,0,0,0,0,1,0,0,0,0,3.8787835,0,0,1
28,20,0,0,0,0,0,1,0,0,0,0,3.8787835,0,0,1
42,35,0,0,6,1,0,1,0,0,0,0,4.3773365,0,0,1
27,19,0,0,1,0,0,1,0,0,0,0,3.912114,0,0,1
31,22,1,0,0,2,0,0,0,0,0,0,4.2359815,0,0,1
37,22,7,0,0,2,0,0,0,0,0,0,4.229327,0,0,1
29,22,0,0,2,0,0,1,0,0,0,0,3.9353986,0,1,1
42,35,0,0,6,1,0,1,0,0,0,0,4.3773365,0,0,1
34,25,1,0,0,2,0,0,0,0,0,0,4.2561493,0,0,1
40,25,7,0,0,2,0,0,0,0,0,0,4.2775674,0,0,1
49,25,16,0,6,0,0,1,0,0,0,0,4.22952,0,0,1
37,28,1,0,0,0,0,1,0,0,0,0,4.154871,0,0,1
48,16,24,0,2,0,0,1,0,0,0,0,4.1968546,0,0,1
55,47,1,0,3,2,0,1,0,0,0,0,4.41074,0,0,1
115,22,52,32,43,0,1,1,0,0,0,0,4.842066,0,1,1
48,41,0,0,8,2,0,1,0,0,0,0,4.3137217,0,0,1
21,13,0,0,0,1,0,0,0,0,0,0,3.784942,0,0,1
26,12,6,0,0,0,0,0,0,0,0,0,3.3787272,0,0,1
30,21,1,0,0,2,0,1,0,0,0,0,3.7110806,0,0,1
41,32,1,0,6,2,0,1,0,0,0,0,4.454636,0,0,1
47,22,17,0,0,1,0,1,0,0,0,0,4.134822,0,0,1
38,29,1,0,0,2,0,0,0,0,0,0,4.089004,0,0,1
44,29,7,0,0,2,0,0,0,0,0,0,4.1037784,0,0,1
33,24,1,0,0,1,0,0,0,0,0,0,3.8619835,0,1,1
44,28,8,0,0,1,0,1,0,0,0,0,3.9540036,0,1,1
35,28,0,0,7,1,0,1,0,0,0,0,4.2861466,0,0,1
40,24,8,0,0,1,0,0,0,0,0,0,3.8348296,0,1,1
40,33,0,0,8,1,0,1,0,0,0,0,4.258695,0,0,1
48,41,0,0,8,1,0,1,0,0,0,0,4.2801876,0,0,1
43,36,0,0,7,1,0,1,0,0,0,0,4.3883767,0,0,1
33,25,0,0,5,0,0,1,0,0,0,0,4.1501584,0,0,1
44,37,0,0,5,1,0,1,0,0,0,0,4.325925,0,0,1
49,41,0,0,6,1,0,1,0,0,0,0,4.336563,0,0,1
25,10,7,0,3,0,0,0,0,0,0,0,4.133661,1,0,1
35,28,0,0,7,1,0,1,0,0,0,0,4.2861466,0,0,1
35,28,0,0,7,1,0,1,0,0,0,0,4.3432894,0,0,1
45,27,10,0,2,1,0,1,0,0,0,0,4.324535,0,0,1
45,27,10,0,1,1,0,1,0,0,0,0,4.224752,0,0,1
45,27,10,0,2,1,0,1,0,0,0,0,4.3857546,0,0,1
45,27,10,0,1,1,0,1,0,0,0,0,4.2524214,0,0,1
45,27,10,0,2,1,0,1,0,0,0,0,4.358085,0,0,1
45,27,10,0,1,1,0,1,0,0,0,0,4.2334266,0,0,1
45,27,10,0,3,1,0,1,0,0,0,0,4.3857546,0,0,1
45,27,10,0,0,1,0,1,0,0,0,0,4.2691965,0,0,1
45,27,10,0,2,1,0,1,0,0,0,0,4.34131,0,0,1
45,27,10,0,3,1,0,1,0,0,0,0,4.3857546,0,0,1
45,27,10,0,1,1,0,1,0,0,0,0,4.235646,0,0,1
45,27,10,0,1,1,0,1,0,0,0,0,4.207977,0,0,1
45,27,10,0,2,1,0,1,0,0,0,0,4.324535,0,0,1
45,27,10,0,2,1,0,1,0,0,0,0,4.358085,0,0,1
45,27,10,0,1,1,0,1,0,0,0,0,4.144538,0,0,1
38,31,0,0,7,1,0,1,0,0,0,0,4.2935944,0,0,1
46,39,0,0,7,1,0,1,0,0,0,0,4.352381,0,0,1
45,38,0,0,9,1,0,1,0,0,0,0,4.394429,0,0,1
41,34,0,0,5,1,0,1,0,0,0,0,4.366596,0,0,1
38,31,0,0,7,1,0,1,0,0,0,0,4.2081966,0,0,1
46,39,0,0,7,1,0,1,0,0,0,0,4.2818356,0,0,1
24,14,3,0,0,0,0,0,0,0,0,0,3.7720551,0,0,1
44,27,10,0,1,1,0,1,0,0,0,0,4.098652,0,0,1
34,26,0,0,0,0,0,1,0,0,0,0,3.8443844,0,0,1
34,26,0,0,0,0,0,1,0,0,0,0,3.8780682,0,0,1
33,25,0,0,0,0,0,1,0,0,0,0,3.9195633,0,0,1
207,45,104,57,16,1,4,1,0,1,1,0,5.5798373,0,1,1
35,27,0,0,0,0,0,1,0,0,0,0,3.8972998,0,0,1
37,30,0,0,8,1,0,1,0,0,0,0,4.3170333,0,0,1
39,32,0,0,8,1,0,1,0,0,0,0,4.458103,0,0,1
45,38,0,0,8,1,0,1,0,0,0,0,4.4112043,0,0,1
45,38,0,0,9,1,0,1,0,0,0,0,4.394429,0,0,1
260,45,96,118,17,1,7,1,0,1,1,0,5.5023,0,0,1
72,71,17,0,0,0,1,1,0,1,1,0,4.796399,0,0,1
87,15,64,0,3,1,0,1,0,0,0,0,5.139229,0,0,1
124,15,64,36,33,5,1,1,0,0,0,0,5.374948,0,0,1
87,15,64,0,11,1,0,1,0,0,0,0,5.3533573,0,0,1
71,73,14,0,0,0,1,1,0,1,1,0,4.964691,0,0,1
40,10,22,0,0,1,0,0,0,0,0,0,3.9653115,0,0,1
39,10,21,0,0,1,0,0,0,0,0,0,3.9772086,0,0,1
87,15,64,0,5,0,0,1,0,0,0,0,5.1509476,0,0,1
124,15,64,36,24,4,1,1,0,0,0,0,5.349093,0,0,1
24,15,1,0,0,0,0,0,0,0,0,0,3.7720551,0,0,1
28,19,1,0,0,0,0,1,0,0,0,0,3.8693314,0,0,1
34,25,1,0,4,1,0,1,0,0,0,0,4.5358486,0,0,1
43,34,1,0,5,3,0,1,0,0,0,0,4.3152313,0,0,1
33,24,1,0,0,0,0,1,0,0,0,0,4.0407753,0,0,1
30,21,1,0,0,0,0,1,0,0,0,0,4.2565646,0,0,1
31,22,1,0,0,0,0,1,0,0,0,0,4.0825977,0,0,1
40,31,1,0,5,1,0,1,0,0,0,0,4.293943,0,0,1
42,33,1,0,0,1,0,1,0,0,0,0,4.3024497,0,0,1
37,28,1,0,3,0,0,1,0,0,0,0,3.9723065,0,0,1
27,18,1,0,1,0,0,1,0,0,0,0,4.2084103,0,0,1
34,25,1,0,0,0,0,1,0,0,0,0,3.6090903,0,0,1
33,24,1,0,1,0,0,1,0,0,0,0,4.127283,0,0,1
29,20,1,0,1,0,0,1,0,0,0,0,4.116265,0,0,1
33,24,1,0,6,1,0,1,0,0,0,0,4.2713704,0,0,1
35,26,1,0,0,0,0,1,0,0,0,0,4.0931497,0,0,1
38,29,1,0,6,0,0,1,0,0,0,0,4.1459723,0,0,1
25,16,1,0,0,0,0,1,0,0,0,0,3.9434652,0,0,1
38,29,1,0,18,0,0,1,0,0,0,0,4.378992,0,0,1
39,15,16,0,15,0,0,1,0,0,0,0,4.297471,0,0,1
48,41,0,0,7,2,0,1,0,0,0,0,4.4285088,0,0,1
65,28,29,0,15,0,0,0,0,0,0,0,4.6956167,0,0,1
33,26,0,0,6,0,0,1,0,0,0,0,4.1730337,0,0,1
44,36,0,0,7,1,0,1,0,0,0,0,4.3825207,0,0,1
39,30,1,0,0,2,0,0,0,0,0,0,4.077212,0,0,1
50,30,12,0,0,2,0,0,0,0,0,0,4.037082,0,0,1
54,34,12,0,0,2,0,1,0,0,0,0,4.128064,0,0,1
43,34,1,0,0,2,0,1,0,0,0,0,4.173374,0,0,1
29,20,1,0,0,2,0,0,0,0,0,0,3.9262724,0,0,1
38,20,10,0,0,2,0,0,0,0,0,0,4.1684656,0,0,1
44,36,1,0,0,2,0,1,0,0,0,0,4.092637,0,0,1
44,36,1,0,6,1,0,1,0,0,0,0,4.2916117,0,0,1
23,14,1,0,0,1,0,0,0,0,0,0,3.7294462,0,0,1
30,14,8,0,0,1,0,0,0,0,0,0,3.6892464,0,0,1
34,18,8,0,0,1,0,1,0,0,0,0,3.8143978,0,0,1
76,25,1,41,23,1,2,1,0,0,0,0,4.8511515,0,0,1
207,19,37,142,33,4,5,1,0,0,0,0,4.9085054,0,1,1
27,7,12,0,0,1,0,0,0,0,0,0,4.106377,0,0,1
31,17,4,0,0,1,0,1,0,0,0,0,4.01486,0,0,1
67,25,34,0,0,2,0,0,0,0,0,0,4.3549666,0,0,1
33,18,7,0,0,1,0,0,0,0,0,0,3.778502,0,0,1
43,16,12,6,8,0,1,1,0,0,0,0,4.4547663,0,0,1
76,20,48,0,4,2,0,1,0,0,0,0,4.5359125,0,1,1
28,17,3,0,0,1,0,1,0,0,0,0,4.110577,0,0,1
36,11,17,0,0,0,0,0,0,0,0,0,4.072431,0,0,1
55,20,27,0,17,0,0,0,0,0,0,0,4.594374,0,0,1
28,17,3,0,0,1,0,1,0,0,0,0,4.110577,0,0,1
41,32,1,0,0,0,0,1,0,0,0,0,4.0156116,0,0,1
109,15,49,36,12,2,2,1,0,0,0,0,5.144479,0,0,1
48,39,1,0,6,2,0,1,0,0,0,0,4.459148,0,0,1
21,12,1,0,0,0,0,0,0,0,0,0,3.5225716,0,0,1
40,31,1,0,0,1,0,1,0,0,0,0,3.88628,0,0,1
33,24,1,0,0,0,0,1,0,0,0,0,3.9801693,0,1,1
45,36,1,0,0,1,0,1,0,0,0,0,4.1277623,0,1,1
42,33,1,0,0,1,0,1,0,0,0,0,4.1392417,0,0,1
51,18,25,0,1,0,0,1,0,0,0,0,4.655282,0,0,1
28,19,1,0,0,1,0,0,0,0,0,0,3.7803946,0,0,1
35,19,8,0,0,1,0,0,0,0,0,0,3.8297417,0,0,1
39,23,8,0,0,1,0,1,0,0,0,0,3.945945,0,0,1
50,41,1,0,4,4,0,1,0,0,0,0,4.2304354,0,0,1
31,22,1,0,0,2,0,1,0,0,0,0,3.7969608,0,0,1
79,50,21,0,6,1,0,1,0,0,0,0,4.6296687,0,0,1
45,20,17,0,16,1,0,0,0,0,0,0,4.6583023,0,1,1
78,20,50,0,0,2,0,0,0,0,0,0,3.9537313,0,0,1
68,19,8,32,3,1,1,1,0,0,0,0,5.048798,0,0,1
71,22,8,32,6,1,1,1,0,0,0,0,5.0745544,0,0,1
29,17,4,0,0,1,0,0,0,0,0,0,3.8143718,0,0,1
47,35,4,0,2,0,0,5,0,0,0,0,4.3839602,0,1,1
61,23,30,0,0,1,0,2,0,0,0,0,4.137979,0,0,1
48,32,8,0,0,3,0,1,0,0,0,0,4.308208,0,0,1
35,28,0,0,5,1,0,1,0,0,0,0,4.397579,0,0,1
159,39,112,0,13,2,6,2,0,0,0,0,4.9478526,0,0,1
52,44,0,0,14,0,0,1,0,0,0,0,4.4500637,0,0,1
37,19,10,0,1,2,0,1,0,0,0,0,4.152172,0,0,1
37,12,17,0,4,0,0,1,0,0,0,0,4.172574,0,0,1
41,32,1,0,0,2,0,1,0,0,0,0,4.210734,0,0,1
54,17,4,0,0,0,1,1,0,1,0,0,4.192285,0,0,1
22,13,1,0,0,0,0,0,0,0,0,0,3.6635327,0,0,1
25,16,1,0,0,1,0,0,0,0,0,0,3.9736607,0,0,1
29,20,1,0,0,1,0,1,0,0,0,0,4.047299,0,0,1
23,15,0,0,0,0,0,0,0,0,0,0,3.882045,0,0,1
80,71,1,0,28,6,0,2,0,0,0,0,4.852567,0,0,1
40,18,14,0,0,1,0,0,0,0,0,0,4.1939425,0,0,1
35,22,5,0,0,0,0,1,0,0,0,0,3.957296,0,0,1
131,15,108,0,14,2,0,1,0,0,0,0,5.5625505,0,0,1
22,13,1,0,0,1,0,0,0,0,0,0,3.5160277,0,0,1
42,33,1,0,0,3,0,1,0,0,0,0,4.189238,0,0,1
131,15,108,0,17,3,0,1,0,0,0,0,5.49774,0,0,1
175,15,108,43,21,3,3,1,0,0,0,0,5.5714517,0,0,1
34,25,1,0,0,2,0,1,0,0,0,0,3.9368918,0,0,1
41,32,1,0,0,3,0,1,0,0,0,0,4.192322,0,0,1
38,29,1,0,0,3,0,1,0,0,0,0,3.977805,0,0,1
40,31,1,0,0,4,0,1,0,0,0,0,4.056198,0,0,1
41,32,1,0,0,3,0,1,0,0,0,0,4.1226935,0,1,1
35,26,1,0,0,2,0,1,0,0,0,0,4.0791435,0,0,1
38,29,1,0,0,3,0,1,0,0,0,0,4.1684656,0,0,1
37,28,1,0,0,3,0,1,0,0,0,0,4.0804143,0,0,1
34,25,1,0,0,2,0,1,0,0,0,0,4.101881,0,0,1
43,34,1,0,0,3,0,1,0,0,0,0,4.196175,0,1,1
40,31,1,0,0,3,0,1,0,0,0,0,4.1373262,0,1,1
38,29,1,0,0,3,0,1,0,0,0,0,3.9880774,0,0,1
37,28,1,0,0,2,0,1,0,0,0,0,4.188523,0,1,1
37,28,1,0,0,3,0,1,0,0,0,0,4.262979,0,1,1
38,29,1,0,0,3,0,1,0,0,0,0,4.1287346,0,0,1
42,33,1,0,0,2,0,1,0,0,0,0,4.073649,0,0,1
35,26,1,0,0,3,0,1,0,0,0,0,3.9788642,0,0,1
38,29,1,0,0,3,0,1,0,0,0,0,4.0734754,0,0,1
37,28,1,0,0,2,0,1,0,0,0,0,3.9900098,0,0,1
42,33,1,0,0,3,0,1,0,0,0,0,4.177566,0,1,1
36,27,1,0,0,2,0,1,0,0,0,0,3.9193819,0,0,1
40,31,1,0,0,3,0,1,0,0,0,0,4.0061984,0,0,1
36,27,1,0,0,2,0,1,0,0,0,0,3.9092562,0,0,1
33,24,1,0,0,1,0,1,0,0,0,0,3.8101802,0,0,1
37,28,1,0,0,2,0,1,0,0,0,0,4.162024,0,0,1
37,28,1,0,1,2,0,1,0,0,0,0,4.1317697,0,0,1
35,26,1,0,0,0,0,1,0,0,0,0,3.7970204,0,0,1
39,30,1,0,0,2,0,1,0,0,0,0,3.922293,0,0,1
35,26,1,0,0,2,0,1,0,0,0,0,4.0331535,0,0,1
34,25,1,0,0,2,0,1,0,0,0,0,4.219528,0,0,1
107,13,44,49,8,1,1,1,0,0,1,0,4.731124,0,0,1
28,11,9,0,3,0,0,0,0,0,0,0,4.2089663,1,0,1
49,34,7,0,1,2,0,1,0,0,0,0,4.338601,0,0,1
663,14,17,651,71,12,76,0,0,0,1,0,4.9578924,0,1,1
24,15,1,0,0,1,0,1,0,0,0,0,3.6258147,0,0,1
57,33,16,0,1,0,0,1,0,0,0,0,4.203173,0,1,1
46,33,5,0,1,0,0,1,0,0,0,0,4.164229,0,0,1
41,22,11,0,1,1,0,0,0,0,0,0,3.915615,0,0,1
21,9,4,0,0,0,0,0,0,0,0,0,3.1775663,0,0,1
20,9,3,0,0,0,0,0,0,0,0,0,3.208695,0,0,1
38,25,5,0,10,3,0,1,0,0,0,0,4.290966,0,0,1
31,22,1,0,2,0,0,1,0,0,0,0,3.885828,0,1,1
29,8,13,0,1,0,0,0,0,0,0,0,4.418157,0,0,1
62,53,1,0,5,2,0,2,0,0,0,0,4.6632433,0,0,1
21,6,7,0,0,0,0,0,0,0,0,0,3.975418,0,0,1
75,21,46,0,0,2,0,2,0,0,0,0,4.40989,0,0,1
60,21,33,0,7,0,0,2,0,0,1,0,4.7297373,0,0,1
22,7,7,0,1,0,0,0,0,0,0,0,3.9705732,0,0,1
181,70,39,63,40,9,3,3,0,0,0,0,5.037757,0,0,1
62,43,11,0,19,1,0,1,0,0,0,0,4.6955013,0,0,1
79,16,55,0,0,1,0,0,0,0,0,0,4.138076,0,0,1
71,16,47,0,0,1,0,0,0,0,0,0,4.116257,0,0,1
32,11,13,0,0,0,0,0,0,0,0,0,4.4528193,1,0,1
44,35,1,0,6,2,0,1,0,0,0,0,4.5100126,0,0,1
28,11,9,0,4,0,0,0,0,0,0,0,4.2803946,1,0,1
84,15,61,0,6,0,0,1,0,0,0,0,5.0544863,0,0,1
84,15,61,0,6,0,0,1,0,0,0,0,5.148228,0,0,1
84,15,61,0,5,0,0,1,0,0,0,0,5.0857863,0,0,1
84,15,61,0,8,0,0,1,0,0,0,0,5.115432,0,0,1
84,15,61,0,9,1,0,1,0,0,0,0,5.180717,0,0,1
84,15,61,0,10,1,0,1,0,0,0,0,5.2626286,0,0,1
84,15,61,0,9,0,0,1,0,0,0,0,5.060015,0,0,1
84,15,61,0,9,0,0,1,0,0,0,0,5.243159,0,0,1
84,15,61,0,6,2,0,1,0,0,0,0,5.1763773,0,0,1
84,15,61,0,11,0,0,1,0,0,0,0,5.1392417,0,0,1
46,7,2,28,0,1,1,1,0,0,0,0,4.4250984,0,0,1
46,7,2,28,3,1,1,1,0,0,0,0,4.3652096,0,0,1
26,11,7,0,3,1,0,0,0,0,0,0,4.209867,0,0,1
67,52,7,0,1,0,0,1,0,0,0,0,4.47191,0,0,1
118,30,58,3,19,5,1,1,0,0,0,0,4.8636174,0,0,1
20,7,5,0,0,0,0,0,0,0,0,0,3.6464393,0,0,1
20,7,5,0,0,0,0,0,0,0,0,0,3.6464393,0,0,1
20,7,5,0,0,0,0,0,0,0,0,0,3.6464393,0,0,1
20,7,5,0,0,0,0,0,0,0,0,0,3.6464393,0,0,1
118,30,58,3,14,5,1,1,0,0,0,0,4.752573,0,0,1
20,7,5,0,0,0,0,0,0,0,0,0,3.6464393,0,0,1
20,7,5,0,0,0,0,0,0,0,0,0,3.5464394,0,0,1
20,7,5,0,0,0,0,0,0,0,0,0,3.6464393,0,0,1
96,30,58,0,6,5,0,1,0,0,0,0,4.598908,0,0,1
96,30,58,0,8,5,0,1,0,0,0,0,4.525017,0,0,1
48,14,26,0,6,1,0,1,0,0,0,1,4.3813286,0,0,1
48,14,26,0,6,1,0,1,0,0,0,1,4.3656015,0,0,1
118,30,58,3,15,5,1,1,0,0,0,0,4.8554688,0,0,1
20,7,5,0,0,0,0,0,0,0,0,0,3.6464393,0,0,1
20,7,5,0,0,0,0,0,0,0,0,0,3.6464393,0,0,1
20,7,5,0,1,0,0,0,0,0,0,0,3.7841837,0,0,1
20,7,5,0,0,0,0,0,0,0,0,0,3.6841838,0,0,1
118,30,58,3,19,5,1,1,0,0,0,0,4.913401,0,0,1
20,7,5,0,0,0,0,0,0,0,0,0,3.5841837,0,0,1
20,7,5,0,2,0,0,0,0,0,0,0,3.7841837,0,0,1
20,7,5,0,0,0,0,0,0,0,0,0,3.7841837,0,0,1
96,30,58,0,9,5,0,1,0,0,0,0,4.6197414,0,0,1
96,30,58,0,7,5,0,1,0,0,0,0,4.514804,0,0,1
96,30,58,0,9,5,0,1,0,0,0,0,4.616985,0,0,1
78,14,56,0,28,0,0,1,0,0,0,0,4.566003,0,0,1
78,14,56,0,26,0,0,1,0,0,0,0,4.5550447,0,0,1
66,57,1,0,0,4,0,1,0,0,0,0,4.2748957,0,0,1
84,7,69,0,24,0,0,0,0,0,0,0,4.8163915,0,0,1
62,43,11,0,24,1,0,1,0,0,0,0,4.7521105,0,0,1
62,43,11,0,19,1,0,1,0,0,0,0,4.6896214,0,0,1
62,43,11,0,20,1,0,1,0,0,0,0,4.4012823,0,0,1
62,43,11,0,21,1,0,1,0,0,0,0,4.6938906,0,0,1
34,26,0,0,0,2,0,1,0,0,0,0,4.0545387,0,0,1
46,37,1,0,6,2,0,1,0,0,0,0,4.2840066,0,0,1
80,22,16,33,16,1,2,1,0,0,0,0,5.0311985,0,0,1
75,24,1,41,26,1,2,1,0,0,0,0,4.776343,0,0,1
131,15,59,48,18,2,3,1,0,0,0,0,5.220788,0,1,1
64,31,25,0,4,2,0,1,0,0,0,0,4.884624,0,0,1
207,19,37,142,27,4,5,1,0,0,0,0,4.885387,0,1,1
35,28,0,0,5,1,0,1,0,0,0,0,4.340436,0,0,1
24,16,0,0,0,0,0,0,0,0,0,0,3.688722,0,0,1
28,20,0,0,0,0,0,1,0,0,0,0,3.7979026,0,0,1
76,27,46,0,0,1,0,0,0,0,1,0,4.18665,0,0,1
76,26,42,0,0,1,0,0,0,0,0,0,4.219269,0,0,1
74,27,39,0,0,1,0,0,0,0,0,0,4.1953735,0,0,1
67,24,35,0,0,1,0,0,0,0,0,0,4.0566983,0,0,1
63,16,30,11,0,1,1,0,0,0,1,0,4.4629927,0,0,1
27,12,7,0,1,0,0,0,0,0,0,0,3.912114,0,0,1
27,12,7,0,1,2,0,0,0,0,0,0,3.912114,0,0,1
135,39,88,0,16,2,6,2,0,0,0,0,4.980369,0,0,1
32,23,1,0,0,1,0,1,0,0,0,0,4.030639,0,0,1
42,14,20,0,15,0,0,1,0,0,0,0,4.350069,0,0,1
68,18,22,0,17,0,1,1,0,0,0,0,4.8558655,0,1,1
42,33,1,0,4,2,0,1,0,0,0,0,4.2344794,0,0,1
30,21,1,0,1,1,0,1,0,0,0,0,4.0729055,0,0,1
29,20,1,0,0,2,0,0,0,0,0,0,3.909368,0,1,1
36,20,8,0,0,2,0,0,0,0,0,0,3.8299575,0,1,1
33,24,1,0,0,2,0,1,0,0,0,0,4.006071,0,1,1
29,20,1,0,0,0,0,1,0,0,0,0,4.1331687,0,0,1
67,20,22,16,5,1,1,1,0,0,0,0,4.6796136,0,1,1
27,20,0,0,5,1,0,1,0,0,0,0,4.134336,0,0,1
50,20,22,0,0,1,0,1,0,0,0,0,4.3532696,0,0,1
45,36,1,0,8,2,0,1,0,0,0,0,4.4025297,0,0,1
35,26,1,0,1,2,0,1,0,0,0,0,4.1718607,0,0,1
39,30,1,0,0,0,0,1,0,0,0,0,3.6988816,0,0,1
112,34,70,0,61,1,0,1,0,0,0,0,4.5994797,0,0,1
91,7,76,0,9,0,0,0,0,0,0,0,4.809318,0,0,1
35,27,0,0,5,1,0,1,0,0,0,0,4.0931497,0,0,1
44,36,0,0,7,1,0,1,0,0,0,0,4.536041,0,0,1
43,35,0,0,5,1,0,1,0,0,0,0,4.219886,0,0,1
64,56,0,0,18,3,0,1,0,0,0,0,4.643844,0,0,1
158,39,112,0,16,2,6,2,0,0,0,0,4.9322944,0,0,1
46,38,0,0,5,1,0,1,0,0,0,0,4.5697727,0,0,1
48,40,0,0,5,2,0,1,0,0,0,0,4.2801876,0,0,1
135,39,88,0,15,2,6,2,0,0,0,0,5.0195117,0,0,1
157,37,112,0,14,2,6,2,0,0,0,0,4.909062,0,0,1
159,39,112,0,15,2,6,2,0,0,0,0,4.9780035,0,0,1
133,37,88,0,14,2,6,2,0,0,0,0,4.9423275,0,0,1
34,26,0,0,0,1,0,1,0,0,0,0,3.984234,0,0,1
23,12,3,0,3,1,0,0,0,0,0,0,3.882045,0,0,1
56,49,0,0,6,3,0,1,0,0,0,0,4.396753,0,0,1
81,72,1,0,23,6,0,2,0,0,0,0,4.7808633,0,0,1
41,15,18,0,0,0,0,0,0,0,0,0,4.1131725,0,0,1
45,14,23,0,0,1,0,0,0,0,0,0,4.324535,0,0,1
36,10,18,0,2,0,0,0,0,0,0,0,4.1734166,0,0,1
36,10,18,0,6,0,0,0,0,0,0,0,4.3820214,0,0,1
36,10,18,0,3,0,0,0,0,0,0,0,4.048688,0,0,1
35,8,13,5,1,0,1,0,0,0,0,0,4.6861467,0,0,1
80,71,1,0,27,6,0,2,0,0,0,0,4.7459507,0,0,1
41,32,1,0,0,2,0,1,0,0,0,0,4.210734,0,1,1
46,17,22,0,2,0,0,0,0,0,0,0,4.278253,0,0,1
37,25,4,0,0,0,0,1,0,0,0,0,3.9128542,0,0,1
38,23,7,0,0,1,0,1,0,0,0,0,3.9354458,0,1,1
42,30,4,0,0,0,0,1,0,0,0,0,3.9667387,0,1,1
40,28,4,0,0,0,0,1,0,0,0,0,4.0250707,0,0,1
40,23,9,0,0,1,0,1,0,0,0,0,3.8964393,0,0,1
32,23,1,0,0,0,0,1,0,0,0,0,4.22641,0,0,1
27,18,1,0,7,0,0,1,0,0,0,0,4.2084103,0,0,1
28,19,1,0,0,0,0,1,0,0,0,0,3.96772,0,0,1
26,17,1,0,0,2,0,1,0,0,0,0,3.9500637,0,0,1
37,28,1,0,0,0,0,1,0,0,0,0,4.0777154,0,0,1
35,26,1,0,0,1,0,1,0,0,0,0,4.2861466,0,0,1
35,26,1,0,6,1,0,1,0,0,0,0,4.357296,0,0,1
41,32,1,0,0,2,0,1,0,0,0,0,4.180365,0,1,1
35,26,1,0,0,0,0,1,0,0,0,0,4.300153,0,0,1
30,21,1,0,3,1,0,1,0,0,0,0,4.4817276,0,0,1
31,22,1,0,0,0,0,1,0,0,0,0,4.0825977,0,1,1
39,30,1,0,0,0,0,1,0,0,0,0,3.955292,0,0,1
42,33,1,0,0,4,0,1,0,0,0,0,4.141619,0,0,1
28,19,1,0,2,0,0,1,0,0,0,0,3.9232519,0,0,1
27,18,1,0,0,0,0,1,0,0,0,0,4.060262,0,0,1
31,22,1,0,0,0,0,1,0,0,0,0,4.0911355,0,0,1
30,21,1,0,2,0,0,1,0,0,0,0,4.281728,0,0,1
33,24,1,0,0,0,0,1,0,0,0,0,4.127283,0,0,1
27,18,1,0,0,0,0,1,0,0,0,0,4.134336,0,0,1
25,16,1,0,5,0,0,1,0,0,0,0,4.133661,0,0,1
83,40,1,33,14,2,1,1,0,0,0,0,5.1491528,0,0,1
20,11,1,0,0,0,0,0,0,0,0,0,3.5464394,0,0,1
32,23,1,0,0,2,0,1,0,0,0,0,4.0542293,0,0,1
28,19,1,0,4,0,0,1,0,0,0,0,4.182006,0,0,1
40,31,1,0,6,2,0,1,0,0,0,0,4.143943,0,0,1
39,18,1,11,9,1,1,0,0,0,0,0,4.419391,0,0,1
183,32,147,0,55,9,0,3,0,0,1,0,5.0742993,0,0,1
31,11,12,0,0,0,0,0,0,0,0,0,3.861477,0,0,1
31,23,0,0,0,0,0,0,0,0,0,0,3.861477,0,0,1
28,21,0,0,2,0,0,0,0,0,0,0,4.110577,0,0,1
37,29,1,0,0,0,0,1,0,0,0,0,4.0804143,0,0,1
32,24,0,0,0,0,0,0,0,0,0,0,4.0511084,0,0,1
25,18,0,0,0,0,0,1,0,0,0,0,3.7034652,0,0,1
48,39,1,0,1,4,0,1,0,0,0,0,4.2542477,0,0,1
37,28,1,0,0,2,0,0,0,0,0,0,4.057313,0,0,1
43,28,7,0,0,2,0,0,0,0,0,0,4.1207075,0,0,1
32,17,7,0,0,0,0,1,0,0,0,0,3.9917293,0,0,1
131,15,108,0,10,1,0,1,0,0,0,0,5.5024204,0,0,1
26,17,1,0,0,1,0,0,0,0,0,0,3.9689186,0,0,1
42,35,0,0,6,1,0,1,0,0,0,0,4.3773365,0,0,1
185,27,104,45,50,9,3,2,0,1,0,0,4.905803,0,0,1
33,21,5,0,0,0,0,1,0,0,0,0,3.9912157,0,0,1
77,28,41,0,5,1,0,1,0,0,0,0,4.8529162,0,1,1
35,16,11,0,2,0,0,1,0,0,0,0,3.9713023,0,0,1
75,24,1,41,20,1,2,1,0,0,0,0,4.855569,0,0,1
75,24,1,41,27,1,2,1,0,0,0,0,4.8400855,0,0,1
75,24,1,41,26,1,2,1,0,0,0,0,4.8569007,0,0,1
76,25,1,41,22,1,2,1,0,0,0,0,4.899197,0,0,1
76,25,1,41,23,1,2,1,0,0,0,0,4.8828144,0,0,1
76,25,1,41,22,1,2,1,0,0,0,0,4.8978834,0,0,1
75,24,1,41,21,1,2,1,0,0,0,0,4.841975,0,0,1
75,24,1,41,19,1,2,1,0,0,0,0,4.8816776,0,0,1
26,17,1,0,0,2,0,0,0,0,0,0,3.9021747,0,0,1
32,17,7,0,0,2,0,0,0,0,0,0,3.9292293,0,0,1
32,23,1,0,0,2,0,1,0,0,0,0,4.0153193,0,0,1
33,24,1,0,0,2,0,1,0,0,0,0,4.2107644,0,0,1
20,12,0,0,0,1,0,0,0,0,0,0,3.7841837,0,0,1
67,13,11,34,10,0,3,0,0,0,0,0,4.619912,0,0,1
134,13,78,34,57,4,3,0,0,0,0,0,5.0106463,0,0,1
66,12,11,34,10,0,3,0,0,0,0,0,4.735598,0,0,1
133,12,78,34,62,4,3,0,0,0,0,0,4.9430785,0,0,1
74,28,38,0,1,1,0,1,0,0,0,0,4.242107,0,0,1
175,15,108,43,16,2,3,1,0,0,0,0,5.5684624,0,0,1
44,26,10,0,5,2,0,1,0,0,0,0,4.401947,0,0,1
33,24,1,0,0,2,0,0,0,0,0,0,4.187889,0,0,1
39,24,7,0,0,2,0,0,0,0,0,0,4.2336187,0,0,1
25,13,4,0,0,0,0,0,0,0,0,0,3.3190796,0,0,1
20,11,1,0,0,0,0,0,0,0,0,0,3.6841838,0,0,1
25,11,6,0,0,0,0,0,0,0,0,0,3.9434652,0,1,1
27,11,1,6,0,0,1,0,0,0,0,0,4.0784187,0,0,1
23,14,1,0,0,0,0,0,0,0,0,0,3.8492239,0,0,1
34,12,14,0,0,0,0,1,0,0,0,0,3.984234,0,1,1
18,10,0,0,3,0,0,0,0,0,0,0,3.8365917,0,0,1
61,52,1,0,23,1,0,1,0,0,0,0,4.4798603,0,0,1
77,30,8,30,2,1,2,1,0,1,0,0,4.3827896,0,0,1
32,23,1,0,0,2,0,0,0,0,0,0,3.9681392,0,0,1
38,23,7,0,0,2,0,0,0,0,0,0,4.0632024,0,0,1
84,43,33,0,46,0,0,1,0,0,0,0,4.37181,0,0,1
28,16,4,0,0,1,0,0,0,0,0,0,4.307355,0,1,1
27,15,4,0,0,1,0,0,0,0,0,0,4.088221,0,1,1
27,16,3,0,0,1,0,0,0,0,0,0,4.3565583,0,1,1
26,15,3,0,0,1,0,0,0,0,0,0,4.132944,0,1,1
279,70,111,113,16,5,7,1,0,1,1,0,5.6188827,0,0,1
23,14,1,0,0,1,0,0,0,0,0,0,3.8164027,0,0,1
30,14,8,0,0,1,0,0,0,0,0,0,3.8565648,0,0,1
45,38,0,0,7,1,0,1,0,0,0,0,4.374861,0,0,1
70,72,14,0,0,0,1,1,0,1,1,0,4.8607974,0,0,1
69,70,15,0,0,0,1,1,0,1,1,0,5.093465,0,0,1
36,27,1,0,0,1,0,1,0,0,0,0,4.0304933,0,0,1
58,17,33,0,3,0,0,0,0,0,0,0,4.3021393,0,0,1
57,15,34,0,3,0,0,0,0,0,0,0,4.1248507,0,0,1
65,25,32,0,3,0,0,0,0,0,0,0,4.3163085,0,0,1
57,16,33,0,3,0,0,0,0,0,0,0,4.423439,0,0,1
54,12,34,0,3,0,0,0,0,0,0,0,4.118211,0,0,1
53,46,0,0,8,3,0,1,0,0,0,0,4.5319943,0,0,1
39,14,17,0,0,0,0,0,0,0,0,0,4.0923424,0,0,1
40,14,18,0,0,0,0,0,0,0,0,0,4.077567,0,0,1
323,49,167,106,30,3,6,1,0,1,1,0,5.638075,0,1,1
289,45,138,105,14,2,6,1,0,1,1,0,5.5311823,0,1,1
63,21,34,0,3,0,0,0,0,0,0,0,4.320856,0,0,1
33,24,1,0,0,2,0,1,0,0,0,0,3.9225895,0,0,1
335,50,157,127,15,5,7,1,0,1,1,0,5.557015,0,0,1
250,47,131,71,19,4,4,1,0,1,1,0,5.5614457,0,0,1
23,14,1,0,0,0,0,0,0,0,0,0,3.8492239,0,0,1
27,18,1,0,0,0,0,1,0,0,0,0,3.9302704,0,0,1
41,33,0,0,11,1,0,1,0,0,0,0,4.357075,0,0,1
37,29,0,0,6,1,0,1,0,0,0,0,4.409193,0,0,1
302,50,125,126,22,3,7,1,0,1,1,0,5.622173,0,0,1
213,42,109,61,14,3,4,1,0,1,1,0,5.4160385,0,0,1
30,21,1,0,0,2,0,0,0,0,0,0,3.9395723,0,0,1
36,21,7,0,0,2,0,0,0,0,0,0,4.0304933,0,0,1
61,62,15,0,0,0,1,1,0,1,1,0,4.7481313,0,0,1
72,72,16,0,0,0,1,1,0,1,1,0,4.9576445,0,0,1
73,72,17,0,0,0,1,1,0,1,1,0,4.796803,0,0,1
75,74,17,0,0,0,1,1,0,1,1,0,4.7121706,0,0,1
253,67,155,46,11,3,4,1,0,1,1,0,5.576835,0,1,1
332,71,178,98,17,2,6,1,0,1,1,0,5.663532,0,1,1
302,165,140,52,18,3,4,1,0,1,1,0,5.6479588,0,0,1
300,158,123,74,12,1,5,1,0,1,1,0,5.436693,0,0,1
46,37,1,0,7,2,0,1,0,0,0,0,4.449995,0,0,1
311,87,145,102,15,3,6,1,0,1,1,0,5.601242,0,1,1
260,85,110,88,12,1,6,1,0,1,1,0,5.4800525,0,0,1
296,72,162,77,14,0,5,1,0,1,1,0,5.5445967,0,0,1
48,41,0,0,7,2,0,1,0,0,0,0,4.4544487,0,0,1
40,31,1,0,0,2,0,1,0,0,0,0,4.2653117,0,0,1
53,46,0,0,8,3,0,1,0,0,0,0,4.5839734,0,0,1
42,33,1,0,0,3,0,1,0,0,0,0,3.98709,0,0,1
31,22,1,0,0,1,0,1,0,0,0,0,4.0022683,0,0,1
38,29,1,0,0,2,0,1,0,0,0,0,4.0175357,0,0,1
32,23,1,0,0,1,0,1,0,0,0,0,4.0778193,0,1,1
35,26,1,0,0,2,0,1,0,0,0,0,3.9432895,0,0,1
36,27,1,0,0,2,0,1,0,0,0,0,4.1070175,0,1,1
41,32,1,0,0,4,0,1,0,0,0,0,3.9971998,0,0,1
35,26,1,0,0,1,0,1,0,0,0,0,4.150293,0,0,1
41,32,1,0,0,2,0,1,0,0,0,0,4.210734,0,0,1
39,30,1,0,0,2,0,1,0,0,0,0,4.17299,0,0,1
33,24,1,0,0,2,0,1,0,0,0,0,3.9603202,0,0,1
34,25,1,0,0,2,0,1,0,0,0,0,3.9476132,0,0,1
36,27,1,0,0,1,0,1,0,0,0,0,3.9959066,0,0,1
37,28,1,0,0,2,0,1,0,0,0,0,3.959057,0,0,1
37,28,1,0,0,3,0,1,0,0,0,0,3.951904,0,0,1
38,29,1,0,0,2,0,1,0,0,0,0,4.083068,0,0,1
44,35,1,0,0,5,0,1,0,0,0,0,4.0620694,0,0,1
48,39,1,0,0,4,0,1,0,0,0,0,4.0969224,0,1,1
39,30,1,0,0,3,0,1,0,0,0,0,3.9997878,0,0,1
36,27,1,0,0,4,0,1,0,0,0,0,4.0168757,0,0,1
42,33,1,0,0,3,0,1,0,0,0,0,3.9580595,0,0,1
40,12,20,0,3,1,0,0,0,0,0,0,4.1250706,0,0,1
42,33,1,0,6,2,0,1,0,0,0,0,4.121268,0,0,1
33,19,7,0,0,0,0,0,0,0,0,0,3.957294,0,0,1
49,21,20,0,0,0,0,2,0,0,0,0,4.140448,0,1,1
76,21,47,0,0,1,0,2,0,0,0,0,4.0713997,0,0,1
46,24,15,0,6,1,0,1,0,0,0,0,4.338142,0,0,1
53,38,7,0,1,2,0,1,0,0,0,0,4.463888,0,0,1
34,16,10,0,0,0,0,0,0,0,0,0,3.9957154,0,0,1
113,15,76,13,7,0,1,1,0,0,0,0,5.4164066,0,0,1
35,9,18,0,2,0,0,0,0,0,0,0,4.707715,0,0,1
99,15,76,0,7,0,0,1,0,0,0,0,5.347439,0,0,1
55,33,14,0,1,0,0,1,0,0,0,0,4.030382,0,0,1
28,19,1,0,0,1,0,0,0,0,0,0,3.9371932,0,0,1
74,65,1,0,10,0,0,1,0,0,0,0,4.7749267,0,0,1
50,18,24,0,9,2,0,1,0,0,0,0,4.4043727,0,0,1
32,15,10,0,3,1,0,0,0,0,0,0,3.9056392,0,0,1
40,16,16,0,15,0,0,1,0,0,0,0,4.177567,0,0,1
69,25,15,20,15,3,1,1,0,0,0,0,4.5919275,0,1,1
113,15,76,13,12,1,1,1,0,0,0,0,5.432338,0,0,1
35,9,18,0,3,0,0,0,0,0,0,0,4.593429,0,0,1
99,15,76,0,12,1,0,1,0,0,0,0,5.3686495,0,0,1
35,9,18,0,4,0,0,0,0,0,0,0,4.707715,0,0,1
60,26,18,7,7,1,1,0,0,0,0,0,4.524629,0,0,1
51,18,25,0,2,1,0,0,0,0,0,0,4.515179,0,0,1
56,16,18,13,0,0,1,0,0,0,0,0,4.4430046,0,0,1
30,10,12,0,1,1,0,0,0,0,0,0,3.7735572,0,0,1
30,10,12,0,1,1,0,0,0,0,0,0,3.8817277,0,0,1
31,10,13,0,1,1,0,0,0,0,0,0,3.845663,0,0,1
38,29,1,0,6,2,0,1,0,0,0,0,4.32636,0,0,1
52,25,16,2,0,0,1,0,0,0,0,0,4.180833,0,1,1
23,4,11,0,1,0,0,0,0,0,0,0,3.7950885,1,0,1
55,20,27,0,0,2,0,0,0,0,0,0,4.2014713,0,1,1
23,4,11,0,1,0,0,0,0,0,0,0,3.6753109,1,0,1
217,21,31,156,20,4,2,2,0,0,0,0,5.730745,0,0,1
217,21,31,156,11,4,2,2,0,0,0,0,5.7119927,0,0,1
29,21,0,0,0,0,0,2,0,0,0,0,4.116265,0,0,1
23,4,11,0,0,0,0,0,0,0,0,0,4.023137,1,0,1
23,4,11,0,2,0,0,0,0,0,0,0,4.023137,1,0,1
44,12,24,0,0,0,0,0,0,0,0,0,3.8815699,0,1,1
23,4,11,0,3,0,0,0,0,0,0,0,4.1100936,1,0,1
23,4,11,0,1,0,0,0,0,0,0,0,4.023137,1,0,1
39,19,1,10,3,0,1,0,0,0,0,0,4.438747,0,0,1
24,13,3,0,0,0,0,0,0,0,0,0,3.6258147,0,0,1
23,4,11,0,3,0,0,0,0,0,0,0,3.8492239,1,0,1
38,16,1,12,0,0,1,0,0,0,0,0,4.418723,0,0,1
23,4,11,0,0,0,0,0,0,0,0,0,3.9361804,1,0,1
23,4,11,0,1,0,0,0,0,0,0,0,4.023137,1,0,1
46,6,32,0,4,2,0,0,0,0,0,0,4.4229274,0,0,1
22,11,3,0,0,0,0,0,0,0,0,0,3.879664,0,0,1
23,12,3,0,0,0,0,0,0,0,0,0,4.0559583,0,0,1
24,13,3,0,0,0,0,0,0,0,0,0,3.6572683,0,0,1
45,36,1,0,6,2,0,1,0,0,0,0,4.3857546,0,0,1
41,32,1,0,2,2,0,1,0,0,0,0,4.1131725,0,0,1
45,36,1,0,4,2,0,1,0,0,0,0,4.1939335,0,0,1
84,15,61,0,4,2,0,1,0,0,0,0,5.0135846,0,0,1
84,15,61,0,10,1,0,1,0,0,0,0,5.243159,0,0,1
84,15,61,0,5,1,0,1,0,0,0,0,4.994888,0,0,1
84,15,61,0,6,1,0,1,0,0,0,0,5.0663166,0,0,1
84,15,61,0,4,1,0,1,0,0,0,0,5.05299,0,0,1
84,15,61,0,6,0,0,1,0,0,0,0,5.028682,0,0,1
84,15,61,0,3,1,0,1,0,0,0,0,5.1197715,0,0,1
84,15,61,0,6,0,0,1,0,0,0,0,5.1064453,0,0,1
84,15,61,0,7,0,0,1,0,0,0,0,5.246617,0,0,1
84,15,61,0,10,3,0,1,0,0,0,0,5.295425,0,0,1
84,15,61,0,12,0,0,1,0,0,0,0,5.2286434,0,0,1
84,15,61,0,11,0,0,1,0,0,0,0,5.192389,0,0,1
84,15,61,0,8,1,0,1,0,0,0,0,5.2762628,0,0,1
84,15,61,0,8,1,0,1,0,0,0,0,5.1810246,0,0,1
84,15,61,0,6,3,0,1,0,0,0,0,5.1404305,0,0,1
84,15,61,0,8,0,0,1,0,0,0,0,5.0440035,0,0,1
84,15,61,0,6,3,0,1,0,0,0,0,5.1392417,0,0,1
84,15,61,0,11,2,0,1,0,0,0,0,5.286438,0,0,1
84,15,61,0,9,0,0,1,0,0,0,0,5.148228,0,0,1
84,15,61,0,10,0,0,1,0,0,0,0,5.240008,0,0,1
84,15,61,0,4,1,0,1,0,0,0,0,5.1537566,0,0,1
84,15,61,0,7,1,0,1,0,0,0,0,5.110785,0,0,1
84,15,61,0,6,1,0,1,0,0,0,0,5.167391,0,0,1
84,15,61,0,10,0,0,1,0,0,0,0,5.304412,0,0,1
84,15,61,0,11,0,0,1,0,0,0,0,5.244655,0,0,1
84,15,61,0,12,1,0,1,0,0,0,0,5.048343,0,0,1
84,15,61,0,4,0,0,1,0,0,0,0,5.052492,0,0,1
84,15,61,0,9,1,0,1,0,0,0,0,5.116621,0,0,1
84,15,61,0,6,1,0,1,0,0,0,0,5.228336,0,0,1
84,15,61,0,13,1,0,1,0,0,0,0,5.335246,0,0,1
84,15,61,0,10,0,0,1,0,0,0,0,5.254831,0,0,1
47,38,1,0,7,4,0,1,0,0,0,0,4.3839602,0,0,1
84,15,61,0,12,0,0,1,0,0,0,0,5.020194,0,0,1
79,15,56,0,12,0,0,1,0,0,0,0,5.056901,0,0,1
79,15,56,0,4,3,0,1,0,0,0,0,5.0303206,0,0,1
84,15,61,0,4,3,0,1,0,0,0,0,5.033828,0,0,1
43,34,1,0,0,3,0,1,0,0,0,0,4.1197343,0,0,1
65,56,1,0,0,4,0,1,0,0,0,0,4.186336,0,0,1
62,53,1,0,0,4,0,1,0,0,0,0,4.1238103,0,0,1
57,48,1,0,0,4,0,1,0,0,0,0,4.2669535,0,0,1
83,74,1,0,9,0,0,2,0,0,0,0,4.7675314,0,0,1
83,74,1,0,15,0,0,2,0,0,0,0,4.8327107,0,0,1
106,74,1,22,9,0,1,2,0,0,0,0,4.8279457,0,0,1
62,43,11,0,20,1,0,1,0,0,0,0,4.4516397,0,0,1
62,43,11,0,25,1,0,1,0,0,0,0,4.7261486,0,0,1
62,43,11,0,26,1,0,1,0,0,0,0,4.713973,0,0,1
61,43,10,0,22,1,0,1,0,0,0,0,4.702969,0,0,1
62,43,11,0,21,1,0,1,0,0,0,0,4.713973,0,0,1
62,43,11,0,22,1,0,1,0,0,0,0,4.738324,0,0,1
62,43,11,0,24,1,0,1,0,0,0,0,4.7123623,0,0,1
187,67,48,63,42,10,3,3,0,0,0,0,5.0357604,0,0,1
28,11,9,0,3,0,0,0,0,0,0,0,4.253434,1,0,1
22,7,7,0,3,0,0,0,0,0,0,0,3.879664,0,0,1
81,21,52,0,0,4,0,2,0,0,0,0,4.5228806,0,1,1
82,21,53,0,0,4,0,2,0,0,0,0,4.50971,0,1,1
130,21,59,6,1,3,1,2,0,0,0,0,4.993307,0,1,1
73,21,44,0,0,3,0,2,0,0,0,0,4.5111213,0,0,1
23,8,7,0,1,0,0,1,0,0,0,0,3.9690015,0,0,1
24,10,6,0,2,0,0,0,0,0,0,0,3.8553886,0,0,1
26,10,8,0,2,0,0,0,0,0,0,0,4.074876,1,0,1
26,11,7,0,1,1,0,0,0,0,0,0,4.0269866,0,0,1
134,33,93,0,11,7,0,3,0,0,0,0,5.098776,0,0,1
21,6,7,0,1,1,0,0,0,0,0,0,3.939471,0,0,1
71,62,1,0,0,0,0,1,0,0,0,0,3.8230202,0,0,1
20,7,5,0,1,0,0,0,0,0,0,0,3.7841837,0,0,1
118,30,58,3,17,5,1,1,0,0,0,0,4.834857,0,0,1
118,30,58,3,15,5,1,1,0,0,0,0,4.803752,0,0,1
20,7,5,0,2,0,0,0,0,0,0,0,3.7841837,0,0,1
118,30,58,3,16,5,1,1,0,0,0,0,4.836744,0,0,1
20,7,5,0,1,0,0,0,0,0,0,0,3.7841837,0,0,1
20,7,5,0,1,0,0,0,0,0,0,0,3.7841837,0,0,1
20,7,5,0,1,0,0,0,0,0,0,0,3.7841837,0,0,1
20,7,5,0,2,0,0,0,0,0,0,0,3.7841837,0,0,1
118,30,58,3,17,5,1,1,0,0,0,0,4.802514,0,0,1
20,7,5,0,2,0,0,0,0,0,0,0,3.6841838,0,0,1
20,7,5,0,1,0,0,0,0,0,0,0,3.7841837,0,0,1
20,7,5,0,0,0,0,0,0,0,0,0,3.6841838,0,0,1
118,30,58,3,19,5,1,1,0,0,0,0,4.8492074,0,0,1
118,30,58,3,18,5,1,1,0,0,0,0,4.814108,0,0,1
78,14,34,3,20,0,1,1,0,0,0,0,4.8437934,0,0,1
20,7,5,0,0,0,0,0,0,0,0,0,3.7841837,0,0,1
20,7,5,0,0,0,0,0,0,0,0,0,3.7841837,0,0,1
20,7,5,0,0,0,0,0,0,0,0,0,3.7841837,0,0,1
118,30,58,3,15,5,1,1,0,0,0,0,4.8637547,0,0,1
20,7,5,0,0,0,0,0,0,0,0,0,3.7841837,0,0,1
96,30,58,0,7,5,0,1,0,0,0,0,4.554485,0,0,1
96,30,58,0,7,5,0,1,0,0,0,0,4.584222,0,0,1
96,30,58,0,8,5,0,1,0,0,0,0,4.5872474,0,0,1
96,30,58,0,6,5,0,1,0,0,0,0,4.5206814,0,0,1
96,30,58,0,7,5,0,1,0,0,0,0,4.600384,0,0,1
96,30,58,0,9,5,0,1,0,0,0,0,4.525788,0,0,1
96,30,58,0,7,5,0,1,0,0,0,0,4.6159444,0,0,1
96,30,58,0,7,5,0,1,0,0,0,0,4.5627837,0,0,1
96,30,58,0,7,5,0,1,0,0,0,0,4.519641,0,0,1
96,30,58,0,6,5,0,1,0,0,0,0,4.5409102,0,0,1
96,30,58,0,7,5,0,1,0,0,0,0,4.595111,0,0,1
96,30,58,0,9,5,0,1,0,0,0,0,4.637818,0,0,1
96,30,58,0,8,5,0,1,0,0,0,0,4.552135,0,0,1
96,30,58,0,7,5,0,1,0,0,0,0,4.512818,0,0,1
56,14,34,0,10,0,0,1,0,0,0,0,4.4961777,0,0,1
43,36,0,0,7,1,0,1,0,0,0,0,4.3883767,0,0,1
41,23,10,0,3,2,0,1,0,0,0,0,4.393899,0,0,1
28,19,1,0,0,0,0,1,0,0,0,0,3.8962915,0,0,1
30,21,1,0,0,2,0,0,0,0,0,0,4.0817275,0,0,1
36,21,7,0,0,2,0,0,0,0,0,0,4.1070175,0,0,1
58,50,0,0,8,3,0,1,0,0,0,0,4.5023055,0,0,1
48,41,0,0,11,1,0,1,0,0,0,0,4.4468546,0,0,1
36,29,0,0,9,0,0,1,0,0,0,0,4.503258,0,0,1
34,26,0,0,5,1,0,1,0,0,0,0,4.1973257,0,0,1
122,13,3,96,10,0,1,0,0,0,0,0,5.4550877,0,0,1
38,29,1,0,6,2,0,1,0,0,0,0,4.32636,0,0,1
89,7,66,0,11,0,1,0,0,1,0,0,4.7814984,0,0,1
39,30,1,0,6,2,0,1,0,0,0,0,4.1504107,0,0,1
36,24,4,0,0,0,0,1,0,0,0,0,3.8711782,0,1,1
42,25,9,0,0,1,0,1,0,0,0,0,3.9463875,0,0,1
42,30,4,0,0,1,0,1,0,0,0,0,4.0940003,0,0,1
33,24,1,0,0,0,0,1,0,0,0,0,4.127283,0,1,1
34,25,1,0,0,0,0,1,0,0,0,0,4.0796785,0,1,1
32,23,1,0,0,0,0,1,0,0,0,0,3.9025183,0,1,1
40,31,1,0,0,0,0,1,0,0,0,0,3.972574,0,1,1
35,26,1,0,0,0,0,1,0,0,0,0,4.183014,0,1,1
83,74,1,0,13,0,0,1,0,0,0,0,4.7772155,0,0,1
27,18,1,0,0,0,0,1,0,0,0,0,3.884155,0,0,1
26,17,1,0,0,0,0,1,0,0,0,0,3.9021747,0,0,1
28,19,1,0,0,0,0,1,0,0,0,0,4.039149,0,0,1
35,26,1,0,5,0,0,1,0,0,0,0,4.4575753,0,0,1
28,19,1,0,0,0,0,1,0,0,0,0,3.8962915,0,0,1
37,28,1,0,0,0,0,1,0,0,0,0,3.946506,0,0,1
40,31,1,0,3,2,0,1,0,0,0,0,4.293943,0,0,1
40,31,1,0,3,1,0,1,0,0,0,0,4.153056,0,0,1
29,20,1,0,0,0,0,1,0,0,0,0,4.1852303,0,0,1
32,23,1,0,0,0,0,1,0,0,0,0,4.2028193,0,1,1
31,22,1,0,0,1,0,1,0,0,0,0,4.0667844,0,0,1
37,28,1,0,0,3,0,1,0,0,0,0,4.208925,0,0,1
28,19,1,0,5,0,0,1,0,0,0,0,4.110577,0,0,1
30,21,1,0,0,1,0,1,0,0,0,0,3.9647353,0,0,1
30,21,1,0,0,0,0,1,0,0,0,0,3.8314018,0,0,1
31,22,1,0,0,1,0,1,0,0,0,0,4.2603326,0,0,1
45,36,1,0,12,3,0,1,0,0,0,0,4.4469743,0,0,1
32,23,1,0,0,0,0,1,0,0,0,0,4.1761084,0,0,1
46,37,1,0,0,2,0,1,0,0,0,0,3.996631,0,0,1
26,17,1,0,0,0,0,1,0,0,0,0,3.9500637,0,0,1
32,23,1,0,3,0,0,1,0,0,0,0,4.22641,0,0,1
32,23,1,0,3,0,0,1,0,0,0,0,4.22641,0,0,1
44,35,1,0,0,2,0,1,0,0,0,0,4.4534163,0,0,1
30,21,1,0,0,0,0,1,0,0,0,0,4.0729055,0,0,1
51,42,1,0,0,0,0,1,0,0,0,0,4.4435816,0,0,1
34,25,1,0,0,0,0,1,0,0,0,0,3.8810055,0,0,1
58,49,1,0,0,0,0,1,0,0,0,0,4.2066975,0,0,1
38,29,1,0,18,0,0,1,0,0,0,0,4.451489,0,0,1
62,39,15,0,5,1,1,2,0,1,0,0,4.6679287,0,0,1
41,10,23,0,3,2,0,0,0,0,0,0,4.082804,0,0,1
43,34,1,0,5,1,0,1,0,0,0,0,4.370821,0,0,1
74,18,14,33,0,0,2,0,0,1,0,0,4.3978977,0,0,1
175,15,108,43,16,2,3,1,0,0,0,0,5.517589,0,0,1
131,15,108,0,12,2,0,1,0,0,0,0,5.4935765,0,0,1
167,15,108,35,16,2,3,1,0,0,0,0,5.5086055,0,0,1
35,27,0,0,5,0,0,1,0,0,0,0,4.5007114,0,0,1
81,27,47,0,30,1,0,0,0,0,0,0,4.769475,0,0,1
41,34,0,0,12,1,0,1,0,0,0,0,4.338663,0,0,1
50,13,9,19,9,0,2,0,0,0,0,0,4.4083676,0,0,1
26,17,1,0,0,1,0,0,0,0,0,0,3.7671835,0,0,1
32,17,7,0,0,1,0,0,0,0,0,0,3.7570488,0,0,1
25,16,1,0,0,0,0,0,0,0,0,0,3.6234653,0,0,1
34,22,4,0,0,1,0,1,0,0,0,0,4.1133623,0,0,1
46,38,0,0,8,1,0,1,0,0,0,0,4.4229274,0,0,1
32,17,7,0,0,0,0,1,0,0,0,0,3.9917293,0,0,1
37,28,1,0,0,0,0,1,0,0,0,0,3.9927087,0,0,1
24,15,1,0,0,1,0,0,0,0,0,0,3.7201755,0,0,1
30,15,7,0,0,1,0,0,0,0,0,0,3.7647352,0,0,1
188,15,108,56,24,3,4,1,0,0,0,0,5.5525618,0,0,1
27,18,1,0,0,2,0,0,0,0,0,0,3.912114,0,0,1
33,18,7,0,0,2,0,0,0,0,0,0,3.9225895,0,0,1
36,10,18,0,7,0,0,0,0,0,0,0,4.228972,0,0,1
36,10,18,0,8,0,0,0,0,0,0,0,4.13883,0,0,1
131,15,108,0,13,2,0,1,0,0,0,0,5.440856,0,0,1
175,15,108,43,17,2,3,1,0,0,0,0,5.517401,0,0,1
34,26,0,0,14,0,0,1,0,0,0,0,3.8673468,0,0,1
29,20,1,0,0,1,0,0,0,0,0,0,3.8833375,0,0,1
35,20,7,0,0,1,0,0,0,0,0,0,3.9217212,0,0,1
55,16,31,0,0,0,0,1,0,0,0,0,4.0360837,0,1,1
37,28,1,0,3,0,0,1,0,0,0,0,4.0263605,0,0,1
175,15,108,43,19,1,3,1,0,0,0,0,5.6136227,0,0,1
41,33,0,0,0,0,0,0,0,0,0,0,4.1435413,0,0,1
46,33,5,0,0,0,0,0,0,0,0,0,4.102169,0,0,1
27,18,1,0,0,0,0,1,0,0,0,0,3.958229,0,0,1
31,23,1,0,11,0,0,1,0,0,0,0,4.3492,0,0,1
29,21,1,0,9,0,0,1,0,0,0,0,4.3491917,0,0,1
21,7,6,0,0,0,0,0,0,0,0,0,3.88018,0,0,1
36,27,1,0,0,0,0,0,0,0,0,0,4.176191,0,0,1
44,36,0,0,0,2,0,1,0,0,0,0,4.1784196,0,0,1
45,27,10,0,0,0,0,0,0,0,0,0,4.161313,0,0,1
54,36,10,0,0,2,0,1,0,0,0,0,4.227045,0,0,1
33,26,0,0,5,1,0,1,0,0,0,0,4.006071,0,0,1
47,12,27,0,1,0,0,1,0,0,0,0,4.671402,0,0,1
41,26,7,0,2,2,0,1,0,0,0,0,4.357075,0,0,1
39,31,0,0,8,1,0,1,0,0,0,0,4.4555426,0,0,1
37,30,0,0,8,1,0,1,0,0,0,0,4.3170333,0,0,1
36,27,1,0,0,2,0,0,0,0,0,0,4.120635,0,0,1
42,27,7,0,0,2,0,0,0,0,0,0,4.153291,0,0,1
40,31,1,0,0,2,0,1,0,0,0,0,4.208695,0,0,1
30,23,0,0,8,1,0,1,0,0,0,0,4.323231,0,0,1
157,21,128,0,72,10,0,1,0,0,0,0,4.57085,0,0,1
49,42,0,0,12,1,0,1,0,0,0,0,4.4436064,0,0,1
33,26,0,0,5,1,0,1,0,0,0,0,4.2107644,0,0,1
34,27,0,0,6,1,0,1,0,0,0,0,4.278352,0,0,1
56,49,0,0,9,2,0,1,0,0,0,0,4.444164,0,0,1
51,44,0,0,10,2,0,1,0,0,0,0,4.583998,0,0,1
22,13,1,0,0,0,0,0,0,0,0,0,3.3564925,0,0,1
49,42,0,0,12,1,0,1,0,0,0,0,4.5406446,0,0,1
34,27,0,0,6,0,0,1,0,0,0,0,4.3005543,0,0,1
47,40,0,0,10,1,0,1,0,0,0,0,4.3175898,0,0,1
41,34,0,0,12,1,0,1,0,0,0,0,4.454636,0,0,1
42,35,0,0,6,1,0,1,0,0,0,0,4.3773365,0,0,1
41,34,0,0,5,1,0,1,0,0,0,0,4.317816,0,0,1
36,29,0,0,9,0,0,1,0,0,0,0,4.371178,0,0,1
47,23,16,0,4,2,0,1,0,0,0,0,4.5624785,0,1,1
187,19,27,132,22,0,5,1,0,0,0,0,4.862218,0,0,1
24,17,0,0,0,1,0,0,0,0,0,0,3.9701755,0,0,1
24,17,0,0,1,1,0,0,0,0,0,0,4.0535088,0,0,1
24,17,0,0,0,1,0,0,0,0,0,0,3.8239348,0,0,1
24,17,0,0,2,1,0,0,0,0,0,0,4.0535088,0,0,1
160,23,123,6,6,2,1,1,0,0,0,0,4.911585,0,0,1
27,12,7,0,1,1,0,0,0,0,0,0,3.884155,0,0,1
50,18,24,0,0,1,0,1,0,0,0,0,4.2153378,0,0,1
22,7,7,0,1,0,0,0,0,0,0,0,4.061482,0,0,1
43,23,12,0,0,1,0,0,0,0,0,0,4.0452394,0,0,1
40,32,0,0,10,1,0,1,0,0,0,0,4.208695,0,0,1
67,14,46,0,28,1,0,0,0,0,0,0,4.719241,0,0,1
43,35,0,0,7,1,0,1,0,0,0,0,4.361743,0,0,1
39,32,0,0,10,1,0,1,0,0,0,0,4.2461886,0,0,1
47,40,0,0,10,1,0,1,0,0,0,0,4.3601427,0,0,1
28,16,4,0,0,0,0,0,0,0,0,0,3.726474,0,0,1
50,33,9,0,1,1,0,1,0,0,0,0,4.1904354,0,0,1
48,33,7,0,0,1,0,1,0,0,0,0,4.368163,0,0,1
44,29,7,0,0,0,0,1,0,0,0,0,3.845351,0,0,1
37,24,5,0,0,2,0,0,0,0,0,0,4.208925,0,0,1
38,26,4,0,0,3,0,0,0,0,0,0,4.1486,0,0,1
43,35,0,0,6,1,0,1,0,0,0,0,4.4348884,0,0,1
31,22,1,0,0,0,0,0,0,0,0,0,3.800182,0,0,1
43,34,1,0,4,1,0,1,0,0,0,0,4.20233,0,0,1
26,11,7,0,0,0,0,0,0,0,0,0,3.7671835,0,0,1
131,34,82,6,61,1,1,1,0,0,0,0,4.826885,0,0,1
31,22,1,0,0,2,0,0,0,0,0,0,3.9292145,0,0,1
37,22,7,0,0,2,0,0,0,0,0,0,3.9386547,0,0,1
32,23,1,0,0,2,0,0,0,0,0,0,3.9681392,0,0,1
38,23,7,0,0,2,0,0,0,0,0,0,4.0632024,0,0,1
175,15,108,43,14,2,3,1,0,0,0,0,5.5726333,0,0,1
34,26,0,0,5,1,0,1,0,0,0,0,4.278352,0,0,1
84,26,19,30,0,0,2,1,0,1,0,0,4.3680177,0,0,1
83,26,18,30,0,0,2,1,0,1,0,0,4.36984,0,0,1
39,21,10,0,1,2,0,1,0,0,0,0,4.265545,0,0,1
46,30,8,0,0,3,0,1,0,0,0,0,4.3110743,0,0,1
34,17,9,0,1,1,0,0,0,0,0,0,4.2417307,0,1,1
26,11,7,0,0,0,0,0,0,0,0,0,3.7381494,0,0,1
27,11,8,0,0,0,0,0,0,0,0,0,3.6158175,0,0,1
30,21,1,0,1,0,0,1,0,0,0,0,3.9898982,0,0,1
44,35,1,0,0,0,0,1,0,0,0,0,4.1441064,0,0,1
26,15,3,0,0,0,0,1,0,0,0,0,3.6283512,0,0,1
28,20,0,0,0,0,0,1,0,0,0,0,3.8693314,0,0,1
29,21,0,0,0,0,0,1,0,0,0,0,3.7883413,0,0,1
37,29,0,0,0,0,0,0,0,0,0,0,3.8179955,0,1,1
41,33,0,0,0,0,0,2,0,0,0,0,4.1435413,0,1,1
38,30,0,0,0,1,0,1,0,0,0,0,4.010571,0,0,1
27,19,0,0,0,0,0,1,0,0,0,0,3.8380399,0,0,1
37,30,0,0,0,1,0,1,0,0,0,0,3.9386547,0,0,1
40,26,6,0,0,0,0,1,0,0,0,0,4.0037017,0,0,1
28,20,0,0,0,0,0,1,0,0,0,0,3.7709424,0,0,1
34,26,0,0,0,0,0,1,0,0,0,0,3.74894,0,0,1
34,26,0,0,0,0,0,1,0,0,0,0,3.8414474,0,0,1
37,29,0,0,0,0,0,1,0,0,0,0,3.8383977,0,0,1
35,27,0,0,0,0,0,1,0,0,0,0,3.804582,0,0,1
36,28,0,0,0,0,0,1,0,0,0,0,3.792597,0,0,1
20,6,6,0,0,0,0,0,0,0,0,0,3.6464393,0,0,1
21,9,5,0,1,0,0,0,0,0,0,0,3.88018,0,0,1
51,33,8,0,2,1,0,1,0,0,0,0,4.4276423,0,0,1
46,24,15,0,6,1,0,1,0,0,0,0,4.3652096,0,0,1
37,29,0,0,6,1,0,1,0,0,0,0,4.3887906,0,0,1
32,17,7,0,0,0,0,1,0,0,0,0,4.030639,0,0,1
26,18,0,0,0,1,0,0,0,0,0,0,3.9210296,0,0,1
35,22,5,0,0,1,0,1,0,0,0,0,3.9188678,0,0,1
34,22,4,0,0,1,0,1,0,0,0,0,3.9368918,0,0,1
47,24,15,0,6,1,0,2,0,0,0,0,4.113129,0,0,1
38,22,8,0,0,0,0,1,0,0,0,0,3.8699136,0,0,1
37,21,8,0,0,0,0,1,0,0,0,0,3.794196,0,0,1
32,17,7,0,0,0,0,1,0,0,0,0,4.030639,0,0,1
33,24,1,0,1,2,0,1,0,0,0,0,4.0289464,0,0,1
34,25,1,0,0,3,0,0,0,0,0,0,3.9542475,0,0,1
40,25,7,0,0,3,0,0,0,0,0,0,3.9995818,0,0,1
173,19,18,127,21,0,5,1,0,0,0,0,4.8253202,0,0,1
32,23,1,0,0,1,0,0,0,0,0,0,4.1403193,0,0,1
41,23,10,0,0,1,0,0,0,0,0,0,4.2570786,0,0,1
37,23,6,0,0,1,0,0,0,0,0,0,4.2833815,0,0,1
173,19,20,125,18,0,5,1,0,0,0,0,4.860901,0,0,1
36,10,18,0,6,0,0,0,0,0,0,0,4.347435,0,0,1
39,13,18,0,4,0,0,0,0,0,0,0,4.231058,0,0,1
39,13,18,0,7,0,0,0,0,0,0,0,4.4236164,0,0,1
37,11,18,0,6,0,0,0,0,0,0,0,4.422442,0,0,1
36,10,18,0,6,0,0,0,0,0,0,0,4.3820214,0,0,1
28,19,1,0,0,1,0,0,0,0,0,0,4.110577,0,0,1
33,19,6,0,0,1,0,0,0,0,0,0,4.22562,0,0,1
37,19,10,0,0,1,0,0,0,0,0,0,4.2425766,0,0,1
48,33,7,0,0,2,0,0,0,0,0,0,4.050614,0,0,1
167,15,108,35,18,1,3,1,0,0,0,0,5.4833274,0,0,1
131,15,108,0,14,1,0,1,0,0,0,0,5.4506803,0,0,1
175,15,108,43,20,1,3,1,0,0,0,0,5.6598153,0,0,1
131,15,108,0,16,1,0,1,0,0,0,0,5.657257,0,0,1
85,14,44,18,2,0,2,0,0,1,0,0,4.316868,0,0,1
45,36,1,0,7,1,0,1,0,0,0,0,4.422098,0,0,1
51,21,22,0,0,0,0,1,0,0,0,0,3.8285215,0,0,1
104,32,42,22,13,3,2,2,0,0,0,0,5.191537,0,0,1
37,28,1,0,5,0,0,1,0,0,0,0,4.3914895,0,0,1
43,34,1,0,6,2,0,1,0,0,0,0,4.3792987,0,0,1
33,24,1,0,0,2,0,0,0,0,0,0,4.006071,0,0,1
39,24,7,0,0,2,0,0,0,0,0,0,4.079773,0,0,1
40,16,16,0,15,0,0,1,0,0,0,0,4.208695,0,0,1
40,16,16,0,15,0,0,1,0,0,0,0,4.1586947,0,0,1
41,16,17,0,1,1,0,1,0,0,0,0,4.0251327,0,0,1
35,26,1,0,0,2,0,0,0,0,0,0,3.9328744,0,0,1
41,26,7,0,0,2,0,0,0,0,0,0,3.9739165,0,0,1
29,21,1,0,0,0,0,2,0,0,0,0,3.9262724,0,0,1
42,34,1,0,0,0,0,2,0,0,0,0,4.2728043,0,0,1
29,12,9,0,2,0,0,0,0,0,0,0,3.3880088,0,0,1
60,12,40,0,0,1,0,0,0,0,0,0,3.8513074,0,0,1
59,12,40,0,0,1,0,0,0,0,0,0,3.8261178,0,0,1
175,28,28,120,0,5,5,0,0,0,1,0,4.6818943,0,0,1
73,14,26,0,4,0,1,0,0,1,0,0,4.4384756,0,0,1
45,36,1,0,7,1,0,1,0,0,0,0,4.422098,0,0,1
31,22,1,0,0,0,0,1,0,0,0,0,4.0180817,0,0,1
34,25,1,0,0,0,0,1,0,0,0,0,4.043058,0,1,1
32,23,1,0,0,2,0,0,0,0,0,0,4.030639,0,0,1
38,23,7,0,0,2,0,0,0,0,0,0,4.0933404,0,0,1
44,13,23,0,0,0,0,0,0,0,0,0,4.1418366,0,0,1
32,23,1,0,0,2,0,0,0,0,0,0,4.030639,0,0,1
38,23,7,0,0,2,0,0,0,0,0,0,4.1287346,0,0,1
45,38,0,0,8,2,0,1,0,0,0,0,4.455649,0,0,1
34,27,0,0,5,1,0,1,0,0,0,0,4.0796785,0,0,1
40,33,0,0,10,1,0,1,0,0,0,0,4.484184,0,0,1
50,43,0,0,13,1,0,1,0,0,0,0,4.496175,0,0,1
48,40,0,0,6,2,0,1,0,0,0,0,4.5118423,0,0,1
35,27,0,0,6,1,0,1,0,0,0,0,4.3432894,0,0,1
43,35,0,0,13,1,0,1,0,0,0,0,4.4082546,0,0,1
52,45,0,0,15,0,0,1,0,0,0,0,4.503042,0,0,1
42,35,0,0,6,1,0,1,0,0,0,0,4.424956,0,0,1
42,34,0,0,5,1,0,1,0,0,0,0,4.359363,0,0,1
42,35,0,0,5,1,0,1,0,0,0,0,4.204834,0,0,1
37,28,1,0,0,2,0,0,0,0,0,0,3.949205,0,0,1
43,28,7,0,0,2,0,0,0,0,0,0,4.027684,0,0,1
71,18,11,33,3,2,1,1,0,0,0,0,5.1106706,0,1,1
35,27,0,0,0,1,0,1,0,0,0,0,3.9357276,0,0,1
25,17,0,0,0,1,0,0,0,0,0,0,3.9434652,0,0,1
51,23,17,2,0,0,1,0,0,0,0,0,4.2483234,0,0,1
187,185,0,0,28,0,1,4,0,1,1,0,5.6072946,0,0,1
49,18,23,0,0,1,0,0,0,0,0,0,4.3486056,0,0,1
50,17,25,0,0,1,0,0,0,0,0,0,4.0986886,0,0,1
49,17,24,0,0,1,0,0,0,0,0,0,4.104235,0,0,1
28,19,1,0,0,0,0,0,0,0,0,0,3.96772,0,0,1
37,28,1,0,2,0,0,1,0,0,0,0,4.303784,0,0,1
36,14,14,0,0,0,0,1,0,0,0,0,3.9057646,0,0,1
49,8,33,0,0,0,0,0,0,0,0,0,4.1578918,0,1,1
26,11,6,0,0,0,1,0,0,0,0,0,4.10391,0,0,1
41,33,1,0,0,2,0,1,0,0,0,0,4.192322,0,0,1
175,15,108,43,19,3,3,1,0,0,0,0,5.6191173,0,0,1
38,20,10,0,4,2,0,1,0,0,0,0,4.1036134,0,0,1
21,7,6,0,2,0,0,0,0,0,0,0,3.88018,0,0,1
45,36,1,0,10,1,0,1,0,0,0,0,4.4637494,0,0,1
30,21,1,0,1,1,0,1,0,0,0,0,4.0980687,0,0,1
35,26,1,0,0,1,0,1,0,0,0,0,4.0144386,0,0,1
43,34,1,0,4,2,0,1,0,0,0,0,4.306754,0,0,1
47,38,1,0,6,2,0,1,0,0,0,0,4.335776,0,0,1
36,27,1,0,0,2,0,0,0,0,0,0,4.0378447,0,0,1
45,27,10,0,0,2,0,0,0,0,0,0,4.2057576,0,0,1
167,15,108,35,18,1,3,1,0,0,0,0,5.593165,0,0,1
131,15,108,0,14,1,0,1,0,0,0,0,5.546718,0,0,1
40,31,1,0,6,2,0,1,0,0,0,0,4.3775673,0,0,1
171,19,19,124,32,2,5,1,0,0,0,0,4.9412546,0,0,1
32,17,7,0,0,0,0,1,0,0,0,0,3.8820488,0,0,1
46,37,1,0,0,0,0,1,0,0,0,0,4.3545523,0,0,1
44,35,1,0,0,0,0,1,0,0,0,0,4.0268054,0,1,1
26,17,1,0,0,0,0,1,0,0,0,0,3.8252518,0,0,1
32,23,1,0,0,1,0,1,0,0,0,0,4.0900183,0,0,1
37,28,1,0,0,0,0,1,0,0,0,0,4.090965,0,0,1
38,29,1,0,0,0,0,1,0,0,0,0,4.1356997,0,0,1
28,19,1,0,0,0,0,1,0,0,0,0,4.110577,0,0,1
28,19,1,0,0,0,0,1,0,0,0,0,3.9946804,0,0,1
33,24,1,0,0,0,0,1,0,0,0,0,4.0895524,0,0,1
27,18,1,0,0,0,0,1,0,0,0,0,3.9302704,0,0,1
30,21,1,0,0,0,0,1,0,0,0,0,4.281728,0,0,1
34,25,1,0,0,2,0,1,0,0,0,0,3.9986525,0,0,1
27,18,1,0,0,0,0,1,0,0,0,0,3.958229,0,0,1
30,21,1,0,4,0,0,1,0,0,0,0,4.2565646,0,0,1
38,29,1,0,0,0,0,1,0,0,0,0,3.9907055,0,0,1
41,20,13,0,0,0,0,0,0,0,0,0,4.094761,0,0,1
23,14,1,0,0,0,0,0,0,0,0,0,3.9690015,0,0,1
35,26,1,0,0,1,0,0,0,0,0,0,4.0144386,0,0,1
41,26,7,0,0,1,0,0,0,0,0,0,4.0459805,0,0,1
158,12,1,140,33,0,6,0,0,0,1,0,5.7673354,0,0,1
33,24,1,0,0,3,0,0,0,0,0,0,4.187889,0,0,1
39,24,7,0,0,3,0,0,0,0,0,0,4.214263,0,0,1
37,25,5,0,0,0,0,1,0,0,0,0,3.9155533,0,0,1
69,37,7,16,1,0,2,2,0,0,0,0,4.260699,0,0,1
48,16,24,0,1,1,0,0,0,0,0,0,4.2862396,0,0,1
32,16,8,0,0,0,0,0,0,0,0,0,3.9292293,0,0,1
23,9,6,0,1,0,0,1,0,0,0,0,3.9690015,0,0,1
21,5,8,0,1,0,0,0,0,0,0,0,4.0706563,0,0,1
21,12,1,0,0,0,0,0,0,0,0,0,3.4992275,0,0,1
27,18,1,0,0,2,0,0,0,0,0,0,3.8380399,0,0,1
33,18,7,0,0,2,0,0,0,0,0,0,3.8848588,0,0,1
31,22,1,0,0,2,0,0,0,0,0,0,3.9292145,0,0,1
37,22,7,0,0,2,0,0,0,0,0,0,3.9386547,0,0,1
167,15,108,35,15,1,3,1,0,0,0,0,5.527769,0,0,1
30,21,1,0,0,2,0,0,0,0,0,0,4.0817275,0,0,1
36,21,7,0,0,2,0,0,0,0,0,0,4.1070175,0,0,1
39,22,9,0,1,0,0,0,0,0,0,0,4.2117023,0,0,1
34,25,1,0,0,0,0,1,0,0,0,0,4.0796785,0,0,1
20,10,2,0,0,0,0,1,0,0,0,0,3.6464393,0,0,1
207,19,37,142,32,4,5,1,0,0,0,0,4.88205,0,1,1
62,18,22,0,19,0,0,1,0,0,0,0,4.710335,0,1,1
131,15,108,0,16,3,0,1,0,0,0,0,5.533471,0,0,1
131,15,108,0,11,3,0,1,0,0,0,0,5.488699,0,0,1
52,28,16,0,9,0,0,1,0,0,0,0,4.4191093,0,0,1
37,24,5,0,9,3,0,1,0,0,0,0,4.098118,0,0,1
26,17,1,0,0,0,0,1,0,0,0,0,3.9500637,0,0,1
904,11,39,846,161,1,1,0,0,0,0,0,4.8687844,0,0,1
26,17,1,0,0,1,0,0,0,0,0,0,3.9790978,0,0,1
32,17,7,0,0,1,0,0,0,0,0,0,4.0153193,0,0,1
39,22,9,0,1,0,0,0,0,0,0,0,4.252975,0,0,1
31,22,1,0,0,0,0,2,0,0,0,0,3.9535656,0,0,1
20,5,7,0,2,0,0,0,0,0,0,0,3.7841837,0,0,1
58,22,28,0,8,0,0,2,0,0,0,0,4.628943,0,0,1
43,19,16,0,0,0,0,0,0,0,0,0,4.054318,0,0,1
66,59,0,0,1,4,0,1,0,0,0,0,4.3944874,0,0,1
39,30,1,0,6,2,0,1,0,0,0,0,4.3681087,0,1,1
108,28,72,0,15,7,0,1,0,0,0,0,4.9484925,0,0,1
58,16,22,11,15,0,1,1,0,0,0,0,4.5994687,0,0,1
44,35,1,0,0,1,0,4,0,0,0,0,4.079226,0,0,1
1108,23,16,1061,220,0,1,0,0,0,0,0,4.731566,0,0,1
30,21,1,0,0,2,0,0,0,0,0,0,3.9395723,0,0,1
36,21,7,0,0,2,0,0,0,0,0,0,4.0304933,0,0,1
788,12,23,745,147,1,1,0,0,0,0,0,4.872728,0,0,1
54,28,18,0,0,1,0,0,0,0,0,0,4.190008,0,0,1
46,29,9,0,3,0,0,4,0,0,0,0,4.2033653,0,0,1
42,34,0,0,12,1,0,1,0,0,0,0,4.350069,0,0,1
35,26,1,0,0,2,0,0,0,0,0,0,4.085588,0,0,1
41,26,7,0,0,2,0,0,0,0,0,0,4.137086,0,0,1
39,30,1,0,0,0,0,1,0,0,0,0,4.0923424,0,0,1
118,15,58,36,19,3,2,1,0,0,0,0,5.114647,0,0,1
45,36,1,0,6,2,0,1,0,0,0,0,4.2968655,0,0,1
38,29,1,0,6,2,0,1,0,0,0,0,4.260828,0,0,1
124,15,52,48,14,1,3,1,0,0,0,0,5.040694,0,1,1
29,18,3,0,0,0,0,0,0,0,0,0,3.909368,0,0,1
22,13,1,0,0,0,0,0,0,0,0,0,3.845351,0,0,1
35,26,1,0,0,3,0,0,0,0,0,0,4.036007,0,0,1
41,26,7,0,0,3,0,0,0,0,0,0,4.064392,0,0,1
55,36,11,0,5,2,0,1,0,0,0,0,4.4303823,0,0,1
39,30,1,0,0,0,0,1,0,0,0,0,3.8820932,0,0,1
32,23,1,0,0,2,0,0,0,0,0,0,4.2417293,0,0,1
38,23,7,0,0,2,0,0,0,0,0,0,4.2409625,0,0,1
42,27,7,0,0,3,0,1,0,0,0,0,4.129947,0,0,1
28,19,1,0,0,2,0,0,0,0,0,0,3.94076,0,0,1
34,19,7,0,0,2,0,0,0,0,0,0,3.9146893,0,0,1
35,26,1,0,0,2,0,0,0,0,0,0,4.1071563,0,0,1
41,26,7,0,0,2,0,0,0,0,0,0,4.08587,0,0,1
28,19,1,0,0,2,0,0,0,0,0,0,3.94076,0,0,1
34,19,7,0,0,2,0,0,0,0,0,0,3.9620316,0,0,1
41,26,7,0,0,3,0,1,0,0,0,0,4.1315846,0,0,1
33,24,1,0,0,2,0,0,0,0,0,0,4.0289464,0,0,1
39,24,7,0,0,2,0,0,0,0,0,0,4.0284905,0,0,1
51,26,17,0,0,0,0,1,0,0,0,0,3.883498,0,0,1
26,17,1,0,0,0,0,0,0,0,0,0,3.7381494,0,0,1
34,19,7,0,6,0,0,1,0,0,0,0,4.491443,0,0,1
73,27,38,0,0,1,0,1,0,0,0,0,4.220446,0,0,1
61,25,28,0,0,0,0,1,0,0,0,1,4.1888547,0,0,1
22,10,4,0,0,0,0,0,0,0,0,0,3.6069367,0,0,1
46,13,25,0,4,0,0,0,0,0,0,0,4.273911,0,0,1
46,24,14,0,9,3,0,1,0,0,0,0,4.338142,0,1,1
33,24,1,0,9,3,0,1,0,0,0,0,4.248495,0,0,1
50,37,1,3,22,1,1,1,0,0,0,0,4.4161744,0,0,1
46,37,1,0,21,1,0,1,0,0,0,0,4.2924924,0,0,1
49,42,0,0,12,1,0,1,0,0,0,0,4.4436064,0,0,1
42,35,0,0,6,1,0,1,0,0,0,0,4.3297176,0,0,1
152,12,3,92,16,0,1,0,0,0,0,0,5.6118464,0,0,1
44,26,8,0,2,1,0,2,0,0,0,0,4.3996773,0,0,1
29,21,0,0,1,1,0,1,0,0,0,0,4.07333,0,0,1
27,10,9,0,4,0,0,0,0,0,0,0,3.9400728,0,0,1
30,14,8,0,0,0,0,0,0,0,0,0,4.1232314,0,0,1
49,32,9,0,1,0,0,4,0,0,0,0,4.329124,0,0,1
48,32,8,0,0,0,0,4,0,0,0,0,4.389461,0,0,1
49,32,9,0,1,0,0,4,0,0,0,0,4.2803407,0,0,1
48,32,8,0,0,0,0,4,0,0,0,0,4.4051876,0,0,1
45,29,8,0,2,0,0,4,0,0,0,0,4.3835354,0,0,1
28,12,8,0,2,0,0,0,0,0,0,0,4.2089663,0,0,1
75,27,24,0,2,0,1,1,0,1,0,0,4.4325624,0,0,1
37,13,16,0,0,0,0,0,0,0,0,0,3.8713512,0,0,1
36,13,15,0,0,0,0,0,0,0,0,0,3.8847954,0,0,1
44,17,19,0,0,0,0,0,0,0,0,0,4.1523914,0,0,1
32,24,0,0,0,0,0,1,0,0,0,0,3.7889097,0,0,1
42,33,1,0,1,1,0,1,0,0,0,0,4.243159,0,0,1
30,21,1,0,2,1,0,1,0,0,0,0,4.2565646,0,0,1
53,44,1,0,4,2,0,1,0,0,0,0,4.3802614,0,1,1
34,25,1,0,0,0,0,0,0,0,0,0,4.135565,0,0,1
43,34,1,0,7,0,0,1,0,0,0,0,4.3945317,0,0,1
44,36,0,0,0,0,0,1,0,0,0,0,4.049977,0,0,1
42,33,1,0,0,1,0,1,0,0,0,0,4.168887,0,0,1
46,39,0,0,5,2,0,1,0,0,0,0,4.4472623,0,0,1
87,15,64,0,7,0,0,1,0,0,0,0,5.1192822,0,0,1
124,15,64,36,24,4,1,1,0,0,0,0,5.3337693,0,0,1
30,22,1,0,0,0,0,1,0,0,0,0,3.8729055,0,0,1
36,29,0,0,6,1,0,1,0,0,0,0,4.2918797,0,0,1
24,14,1,0,0,0,1,1,0,0,0,0,3.8553886,0,0,1
23,14,1,0,0,0,0,1,0,0,0,0,3.7622674,0,0,1
60,22,30,0,7,0,0,1,0,0,0,0,4.635546,0,0,1
36,18,10,0,0,1,0,0,0,0,0,0,4.19716,0,0,1
35,27,0,0,6,1,0,1,0,0,0,0,4.3432894,0,0,1
26,17,1,0,2,0,0,0,0,0,0,0,3.7192945,0,0,1
32,24,1,0,12,0,0,1,0,0,0,0,4.2653193,0,0,1
53,19,26,0,9,1,0,1,0,0,0,0,4.6217093,0,0,1
43,36,0,0,7,1,0,1,0,0,0,0,4.4348884,0,0,1
28,19,1,0,1,1,0,1,0,0,0,0,4.039149,0,0,1
37,11,18,0,5,0,0,0,0,0,0,0,4.26028,0,0,1
37,11,18,0,5,0,0,0,0,0,0,0,4.3887906,0,0,1
38,12,18,0,6,0,0,0,0,0,0,0,4.195976,0,0,1
36,10,18,0,6,0,0,0,0,0,0,0,4.2709103,0,0,1
35,20,7,0,0,0,0,1,0,0,0,0,3.9468808,0,0,1
41,34,0,0,3,2,0,1,0,0,0,0,4.40342,0,0,1
36,10,18,0,5,0,0,0,0,0,0,0,4.2499413,0,0,1
22,11,3,0,0,0,0,0,0,0,0,0,3.6635327,0,0,1
36,10,18,0,5,0,0,0,0,0,0,0,4.1943855,0,0,1
36,10,18,0,5,0,0,0,0,0,0,0,4.117861,0,0,1
36,10,18,0,5,0,0,0,0,0,0,0,4.236324,0,0,1
89,7,65,0,12,0,2,0,0,1,0,0,4.829447,0,0,1
198,19,1,169,61,0,11,0,0,0,0,0,4.982597,0,0,1
207,19,1,188,67,0,11,0,0,0,1,0,4.9963746,0,0,1
39,30,1,0,6,1,0,1,0,0,0,0,4.4900293,0,0,1
26,17,1,0,2,0,0,1,0,0,0,0,4.132944,0,0,1
34,25,1,0,0,0,0,1,0,0,0,0,3.984234,0,0,1
40,22,10,0,1,2,0,1,0,0,0,0,4.2464395,0,0,1
48,30,10,0,1,2,0,1,0,0,0,0,4.278107,0,0,1
38,22,8,0,2,1,0,1,0,0,0,0,4.043337,0,0,1
117,22,14,72,49,2,1,2,0,0,0,0,4.7406926,0,0,1
47,38,1,0,6,3,0,1,0,0,0,0,4.3497124,0,0,1
213,19,40,145,21,8,5,1,0,0,0,0,4.812988,0,1,1
94,38,48,0,13,5,0,1,0,0,0,0,5.0349913,0,0,1
73,35,20,9,9,3,1,1,0,0,0,0,4.636972,0,0,1
31,22,1,0,0,2,0,0,0,0,0,0,3.977917,0,0,1
37,22,7,0,0,2,0,0,0,0,0,0,4.0804143,0,0,1
22,14,0,0,0,1,0,0,0,0,0,0,3.788755,0,0,1
20,12,0,0,0,1,0,0,0,0,0,0,3.6841838,0,0,1
24,16,1,0,2,0,0,1,0,0,0,0,3.8553886,0,0,1
858,13,92,745,147,2,1,0,0,0,0,0,5.050562,0,0,1
30,21,1,0,0,2,0,0,0,0,0,0,4.0817275,0,0,1
36,21,7,0,0,2,0,0,0,0,0,0,4.1070175,0,0,1
34,16,10,0,0,0,0,0,0,0,0,0,3.8780682,0,0,1
734,27,8,694,82,10,7,3,0,1,1,0,5.9799023,0,0,1
26,17,1,0,0,1,0,0,0,0,0,0,3.7860382,0,0,1
34,26,0,0,6,1,0,1,0,0,0,0,4.4548225,0,0,1
50,26,16,0,7,0,0,1,0,0,0,0,4.3263702,0,0,1
37,28,1,0,0,0,0,0,0,0,0,0,3.850949,0,0,1
36,28,1,0,0,0,0,0,0,0,0,0,3.850209,0,0,1
25,11,7,0,0,1,0,0,0,0,0,0,4.2936606,0,0,1
73,13,36,15,1,1,2,0,0,1,0,0,4.591945,0,0,1
27,7,12,0,4,0,0,0,0,0,0,0,4.106377,0,0,1
38,16,14,0,0,0,0,1,0,0,0,0,4.027808,0,1,1
61,16,25,11,10,1,1,0,0,0,0,0,4.735756,0,1,1
29,21,0,0,1,1,0,1,0,0,0,0,3.8538632,0,0,1
73,17,17,30,0,0,2,0,0,1,0,0,4.313552,0,0,1
74,17,18,30,0,0,2,0,0,1,0,0,4.309757,0,0,1
35,27,1,0,0,0,0,2,0,0,0,0,3.8897378,0,0,1
83,40,1,33,16,2,1,1,0,0,0,0,4.9062033,0,0,1
42,13,21,0,11,3,0,0,0,0,0,0,4.5225716,0,0,1
87,25,9,44,20,4,1,1,0,0,0,0,4.76044,0,0,1
125,15,53,48,9,2,3,1,0,0,0,0,5.086529,0,0,1
122,15,50,48,12,2,3,1,0,0,0,0,5.0551367,0,1,1
131,15,71,36,12,5,2,1,0,0,0,0,5.0806007,0,0,1
150,15,78,48,21,5,3,1,0,0,0,0,5.1259356,0,0,1
130,15,58,48,11,3,3,1,0,0,0,0,5.16177,0,0,1
108,15,48,36,7,1,2,1,0,0,0,0,5.261005,0,0,1
111,15,51,36,17,2,2,1,0,0,0,0,5.396824,0,0,1
102,15,42,36,16,0,2,1,0,0,0,0,5.14263,0,0,1
134,15,54,56,17,3,3,1,0,0,0,0,5.267217,0,0,1
330,15,6,314,43,1,2,1,0,0,1,0,5.8922787,0,1,1
66,15,43,0,5,0,0,1,0,0,0,0,5.12577,0,0,1
126,15,54,48,17,3,3,1,0,0,0,0,5.2656765,0,0,1
141,15,69,48,12,3,3,1,0,0,0,0,5.067733,0,0,1
133,15,61,48,14,4,3,1,0,0,0,0,5.168206,0,0,1
61,15,38,0,7,1,0,1,0,0,0,0,4.9959908,0,0,1
71,15,48,0,4,0,1,1,0,0,0,0,4.9345264,0,0,1
36,27,1,0,6,1,0,1,0,0,0,0,4.3847957,0,0,1
244,21,215,0,41,3,0,1,0,0,0,0,5.824679,0,0,1
35,8,13,5,3,0,1,0,0,0,0,0,4.593429,0,0,1
75,24,1,41,30,1,2,1,0,0,0,0,4.9600387,0,0,1
46,31,7,0,1,1,0,1,0,0,0,0,4.3244042,0,0,1
88,24,1,54,27,1,3,1,0,0,0,0,4.7953095,0,0,1
89,25,1,54,28,1,3,1,0,0,0,0,4.8784866,0,0,1
158,39,13,0,14,2,6,2,0,0,0,0,4.9198837,0,0,1
75,24,1,41,27,1,2,1,0,0,0,0,4.8773756,0,0,1
158,39,13,0,15,2,6,2,0,0,0,0,4.944347,0,0,1
76,25,1,41,23,1,2,1,0,0,0,0,4.822878,0,0,1
75,24,1,41,25,1,2,1,0,0,0,0,4.8016777,0,0,1
89,25,1,54,34,1,3,1,0,0,0,0,4.891095,0,0,1
89,25,1,54,32,1,3,1,0,0,0,0,4.886968,0,0,1
47,12,27,0,3,0,0,1,0,0,0,0,4.703525,0,0,1
68,15,45,0,6,1,0,1,0,0,0,0,4.984614,0,0,1
76,16,36,15,9,0,1,1,0,0,0,0,5.261168,0,0,1
144,16,36,83,24,0,4,1,0,1,0,0,5.4405985,0,0,1
154,16,36,93,34,0,4,1,0,1,0,0,5.2835693,0,0,1
76,16,36,15,12,0,1,1,0,0,0,0,5.2987304,0,0,1
95,16,35,35,22,0,1,1,0,0,0,0,5.369716,0,0,1
27,10,9,0,7,0,0,0,0,0,0,0,4.3565583,1,0,1
37,30,0,0,0,3,0,1,0,0,0,0,3.7764926,0,0,1
37,30,0,0,0,2,0,1,0,0,0,0,4.1416216,0,0,1
35,28,0,0,0,2,0,1,0,0,0,0,3.8645785,0,1,1
31,22,1,0,0,2,0,0,0,0,0,0,3.9535656,0,0,1
37,22,7,0,0,2,0,0,0,0,0,0,4.003259,0,0,1
42,35,0,0,0,3,0,1,0,0,0,0,3.9104404,0,0,1
38,17,13,0,18,0,0,1,0,0,0,0,4.2081966,0,0,1
30,12,10,0,9,0,0,0,0,0,0,0,4.323231,0,0,1
60,17,20,0,0,0,1,0,0,1,0,0,4.2903285,0,0,1
39,12,19,0,2,0,0,1,0,0,0,0,4.3336225,0,1,1
44,35,1,0,19,1,0,1,0,0,0,0,4.401947,0,0,1
35,26,1,0,12,0,0,1,0,0,0,0,4.2645783,0,0,1
48,16,24,0,2,0,0,1,0,0,0,0,4.2801876,0,0,1
48,31,9,0,1,1,0,1,0,0,0,0,4.2117095,0,0,1
159,39,112,0,15,2,6,2,0,0,0,0,4.9620957,0,0,1
135,39,88,0,15,2,6,2,0,0,0,0,4.984031,0,0,1
159,39,112,0,14,2,6,2,0,0,0,0,4.9553013,0,0,1
26,17,1,0,0,1,0,0,0,0,0,0,3.9500637,0,0,1
26,17,1,0,0,1,0,0,0,0,0,0,4.0269866,0,0,1
26,17,1,0,0,1,0,0,0,0,0,0,3.9500637,0,0,1
30,10,12,0,3,0,0,0,0,0,0,0,3.9199026,0,0,1
94,18,15,52,27,4,1,1,0,0,0,0,5.188593,0,0,1
44,13,23,0,0,1,0,0,0,0,0,0,4.237285,0,0,1
29,9,12,0,2,0,0,0,0,0,0,0,4.0993605,0,0,1
66,22,5,30,2,1,1,1,0,0,0,0,5.1501584,0,1,1
39,31,0,0,9,1,0,1,0,0,0,0,4.387465,0,0,1
28,21,0,0,6,1,0,1,0,0,0,0,4.2803946,0,0,1
28,21,0,0,6,1,0,1,0,0,0,0,4.2803946,0,0,1
85,52,1,0,8,5,0,3,0,0,0,0,4.9191756,0,0,1
295,22,15,205,38,0,1,1,0,0,0,0,5.7559905,0,0,1
48,40,0,0,5,2,0,1,0,0,0,0,4.2801876,0,0,1
61,54,0,0,27,1,0,1,0,0,0,0,4.5146627,0,0,1
40,12,20,0,0,1,0,0,0,0,0,0,4.0134606,0,0,1
38,25,5,0,0,0,0,1,0,0,0,0,3.8854423,0,0,1
33,26,0,0,5,1,0,1,0,0,0,0,4.2713704,0,0,1
42,22,12,0,0,1,0,1,0,0,0,0,4.2135134,0,0,1
19,8,3,0,0,0,0,0,0,0,0,0,3.6818807,0,0,1
46,37,1,0,0,2,0,1,0,0,0,0,4.2347746,0,0,1
30,21,1,0,0,1,0,1,0,0,0,0,3.6980686,0,1,1
60,34,18,0,3,1,0,1,0,0,0,0,4.6854873,0,0,1
36,27,1,0,0,2,0,1,0,0,0,0,3.8564746,0,0,1
45,36,1,0,0,4,0,1,0,0,0,0,3.9309902,0,0,1
41,32,1,0,0,3,0,1,0,0,0,0,3.8593588,0,0,1
39,30,1,0,0,2,0,1,0,0,0,0,4.0159206,0,0,1
37,28,1,0,0,0,0,1,0,0,0,0,3.9696074,0,0,1
40,31,1,0,3,0,0,1,0,0,0,0,4.0526557,0,0,1
59,22,29,0,0,1,0,1,0,0,0,0,4.088601,0,1,1
52,22,22,0,0,0,0,2,0,0,0,0,4.1977673,0,0,1
51,25,18,0,0,0,0,1,0,0,0,0,4.1459846,0,0,1
41,18,15,0,0,0,0,0,0,0,0,0,4.125129,0,0,1
32,23,1,0,0,0,0,1,0,0,0,0,3.8431392,0,0,1
60,14,26,11,9,0,1,0,0,0,0,0,4.560324,0,1,1
217,21,31,156,16,4,2,2,0,0,0,0,5.6584444,0,0,1
23,4,11,0,1,0,0,0,0,0,0,0,3.9361804,1,0,1
217,21,31,156,28,4,2,2,0,0,0,0,5.6927524,0,0,1
29,21,0,0,0,0,0,2,0,0,0,0,3.9952378,0,0,1
190,43,139,0,20,1,0,1,0,0,0,0,5.04422,0,0,1
60,43,9,0,25,1,0,1,0,0,0,0,4.639572,0,0,1
83,7,68,0,17,0,0,0,0,0,0,0,4.907685,0,0,1
83,74,1,0,8,0,0,2,0,0,0,0,4.803911,0,0,1
44,16,20,0,0,0,0,0,0,0,0,0,4.106937,0,0,1
44,16,20,0,0,0,0,0,0,0,0,0,4.033771,0,0,1
40,16,16,0,1,0,0,0,0,0,0,0,3.9939427,0,0,1
39,16,15,0,0,0,0,0,0,0,0,0,3.9233658,0,0,1
42,16,18,0,1,0,0,0,0,0,0,0,4.1003017,0,0,1
175,15,108,43,19,3,3,1,0,0,0,0,5.5667825,0,0,1
84,15,61,0,8,0,0,1,0,0,0,0,5.1064453,0,0,1
84,15,61,0,6,0,0,1,0,0,0,0,5.149417,0,0,1
84,15,61,0,7,0,0,1,0,0,0,0,5.1287584,0,0,1
84,15,61,0,9,0,0,1,0,0,0,0,5.054179,0,0,1
84,15,61,0,8,0,0,1,0,0,0,0,5.243159,0,0,1
84,15,61,0,8,1,0,1,0,0,0,0,5.0889373,0,0,1
84,15,61,0,4,1,0,1,0,0,0,0,5.0904336,0,0,1
84,15,61,0,4,1,0,1,0,0,0,0,5.1763773,0,0,1
84,15,61,0,9,0,0,1,0,0,0,0,5.1763773,0,0,1
84,15,61,0,7,1,0,1,0,0,0,0,5.109596,0,0,1
84,15,61,0,2,2,0,1,0,0,0,0,5.122457,0,0,1
84,15,61,0,5,0,0,1,0,0,0,0,5.257982,0,0,1
84,15,61,0,7,2,0,1,0,0,0,0,5.143581,0,0,1
84,15,61,0,8,0,0,1,0,0,0,0,5.061204,0,0,1
84,15,61,0,9,1,0,1,0,0,0,0,5.0764923,0,0,1
84,15,61,0,9,0,0,1,0,0,0,0,5.092811,0,0,1
84,15,61,0,8,0,0,1,0,0,0,0,5.0440035,0,0,1
84,15,61,0,7,1,0,1,0,0,0,0,5.104949,0,0,1
84,15,61,0,12,0,0,1,0,0,0,0,5.1345944,0,0,1
84,15,61,0,8,1,0,1,0,0,0,0,5.1302547,0,0,1
84,15,61,0,5,2,0,1,0,0,0,0,5.240008,0,0,1
84,15,61,0,9,1,0,1,0,0,0,0,5.294236,0,0,1
84,15,61,0,9,0,0,1,0,0,0,0,5.201683,0,0,1
84,15,61,0,11,0,0,1,0,0,0,0,5.2434664,0,0,1
84,15,61,0,6,1,0,1,0,0,0,0,5.1853642,0,0,1
84,15,61,0,10,1,0,1,0,0,0,0,5.0779886,0,0,1
84,15,61,0,6,0,0,1,0,0,0,0,5.0814466,0,0,1
84,15,61,0,7,2,0,1,0,0,0,0,5.119273,0,0,1
84,15,61,0,8,0,0,1,0,0,0,0,5.219657,0,0,1
84,15,61,0,6,0,0,1,0,0,0,0,5.158404,0,0,1
84,15,61,0,9,0,0,1,0,0,0,0,5.1912003,0,0,1
84,15,61,0,10,2,0,1,0,0,0,0,5.259478,0,0,1
84,15,61,0,9,1,0,1,0,0,0,0,5.248995,0,0,1
84,15,61,0,7,0,0,1,0,0,0,0,5.091315,0,0,1
84,15,61,0,7,2,0,1,0,0,0,0,5.247806,0,0,1
84,15,61,0,6,1,0,1,0,0,0,0,5.051801,0,0,1
84,15,61,0,7,2,0,1,0,0,0,0,5.1392417,0,0,1
84,15,61,0,5,0,0,1,0,0,0,0,5.129947,0,0,1
84,15,61,0,17,0,0,1,0,0,0,0,5.2493024,0,0,1
84,15,61,0,5,1,0,1,0,0,0,0,5.2298326,0,0,1
84,15,61,0,8,2,0,1,0,0,0,0,5.1853642,0,0,1
84,15,61,0,6,2,0,1,0,0,0,0,5.32941,0,0,1
84,15,61,0,8,1,0,1,0,0,0,0,5.058826,0,0,1
84,15,61,0,7,1,0,1,0,0,0,0,5.189513,0,0,1
84,15,61,0,6,0,0,1,0,0,0,0,5.335246,0,0,1
84,15,61,0,6,1,0,1,0,0,0,0,5.2150097,0,0,1
84,15,61,0,6,2,0,1,0,0,0,0,5.0303693,0,0,1
84,15,61,0,9,2,0,1,0,0,0,0,5.1822133,0,0,1
84,15,61,0,4,2,0,1,0,0,0,0,5.275955,0,0,1
84,15,61,0,13,0,0,1,0,0,0,0,5.048343,0,0,1
84,15,61,0,10,1,0,1,0,0,0,0,5.1627436,0,0,1
46,7,2,28,2,1,1,1,0,0,0,0,4.38162,0,0,1
30,7,15,0,0,0,0,0,0,0,0,0,3.6947396,0,0,1
20,7,5,0,0,0,0,0,0,0,0,0,3.7841837,0,0,1
22,6,8,0,1,0,0,0,0,0,0,0,3.93626,1,0,1
28,11,9,0,2,0,0,0,0,0,0,0,4.2089663,1,0,1
26,11,7,0,2,1,0,0,0,0,0,0,4.209867,0,0,1
20,7,5,0,0,0,0,0,0,0,0,0,3.7841837,0,0,1
75,22,23,3,9,0,1,0,0,0,0,0,4.5340242,0,0,1
20,7,5,0,0,0,0,0,0,0,0,0,3.6841838,0,0,1
34,27,0,0,0,0,0,1,0,0,0,0,3.900271,0,0,1
30,21,1,0,0,2,0,0,0,0,0,0,3.8225799,0,0,1
34,25,1,0,0,2,0,1,0,0,0,0,3.9320447,0,0,1
34,27,0,0,6,1,0,1,0,0,0,0,4.2561493,0,0,1
36,29,0,0,7,1,0,1,0,0,0,0,4.19716,0,0,1
44,37,0,0,7,1,0,1,0,0,0,0,4.3087683,0,0,1
72,64,0,0,35,1,0,1,0,0,0,0,4.6037006,0,0,1
36,28,0,0,7,1,0,1,0,0,0,0,4.32924,0,0,1
44,36,0,0,7,1,0,1,0,0,0,0,4.427975,0,0,1
44,37,0,0,8,1,0,1,0,0,0,0,4.445132,0,0,1
37,29,0,0,8,1,0,1,0,0,0,0,4.4659457,0,0,1
43,36,0,0,7,1,0,1,0,0,0,0,4.1648965,0,0,1
35,27,0,0,6,1,0,1,0,0,0,0,4.3432894,0,0,1
43,36,0,0,7,1,0,1,0,0,0,0,4.4348884,0,0,1
36,28,0,0,7,1,0,1,0,0,0,0,4.32924,0,0,1
159,39,112,0,14,2,6,2,0,0,0,0,4.9132,0,0,1
159,39,112,0,14,2,6,2,0,0,0,0,4.971837,0,0,1
31,23,0,0,0,0,0,0,0,0,0,0,4.042433,0,0,1
26,17,1,0,0,1,0,0,0,0,0,0,3.9500637,0,0,1
37,17,12,0,0,1,0,0,0,0,0,0,4.0263605,0,0,1
30,21,1,0,0,1,0,1,0,0,0,0,4.0314016,0,0,1
49,40,1,0,4,1,0,1,0,0,0,0,4.40279,0,0,1
32,20,4,0,0,0,0,1,0,0,0,0,3.8667293,0,1,1
37,25,4,0,0,0,0,1,0,0,0,0,3.8179955,0,0,1
40,31,1,0,0,3,0,1,0,0,0,0,4.108695,0,0,1
27,18,1,0,0,0,0,1,0,0,0,0,4.2084103,0,0,1
28,19,1,0,0,0,0,1,0,0,0,0,4.039149,0,0,1
27,18,1,0,3,0,0,1,0,0,0,0,4.060262,0,0,1
29,20,1,0,0,0,0,1,0,0,0,0,4.090234,0,0,1
34,25,1,0,0,0,0,1,0,0,0,0,4.219528,0,0,1
28,19,1,0,0,0,0,1,0,0,0,0,4.0121884,0,0,1
35,26,1,0,0,0,0,1,0,0,0,0,4.2861466,0,0,1
39,30,1,0,0,0,0,1,0,0,0,0,3.8197289,0,0,1
36,27,1,0,6,0,0,1,0,0,0,0,3.8537006,0,0,1
39,30,1,0,0,2,0,1,0,0,0,0,4.265545,0,1,1
34,25,1,0,5,0,0,1,0,0,0,0,4.278352,0,0,1
36,27,1,0,0,0,0,1,0,0,0,0,4.0231414,0,0,1
25,16,1,0,2,0,0,1,0,0,0,0,4.023465,0,0,1
34,25,1,0,0,0,0,1,0,0,0,0,4.094097,0,0,1
54,45,1,0,0,0,0,1,0,0,0,0,4.1589465,0,1,1
43,34,1,0,0,0,0,1,0,0,0,0,4.3213863,0,1,1
38,29,1,0,0,0,0,1,0,0,0,0,4.1356997,0,1,1
37,28,1,0,0,0,0,1,0,0,0,0,4.208925,0,1,1
46,37,1,0,0,2,0,1,0,0,0,0,4.352381,0,0,1
42,33,1,0,0,2,0,1,0,0,0,0,4.4156613,0,1,1
35,26,1,0,0,1,0,1,0,0,0,0,4.04716,0,0,1
33,24,1,0,0,1,0,1,0,0,0,0,4.331977,0,0,1
36,27,1,0,0,0,0,1,0,0,0,0,4.252715,0,0,1
40,31,1,0,0,0,0,1,0,0,0,0,3.9964395,0,0,1
36,27,1,0,4,0,0,1,0,0,0,0,4.1524477,0,0,1
25,16,1,0,0,0,0,1,0,0,0,0,3.9434652,0,0,1
35,26,1,0,0,0,0,1,0,0,0,0,4.0715814,0,0,1
36,27,1,0,4,0,0,1,0,0,0,0,4.2946534,0,0,1
44,35,1,0,0,0,0,1,0,0,0,0,4.1635327,0,1,1
35,26,1,0,8,0,0,1,0,0,0,0,4.307715,0,0,1
29,20,1,0,9,0,0,1,0,0,0,0,4.1852303,0,0,1
49,42,0,0,7,2,0,1,0,0,0,0,4.3111525,0,0,1
36,29,0,0,6,1,0,1,0,0,0,0,4.347435,0,0,1
23,14,1,0,0,0,0,0,0,0,0,0,3.6424897,0,0,1
48,16,24,0,17,0,0,1,0,0,0,0,4.1735334,0,0,1
27,18,1,0,0,1,0,0,0,0,0,0,3.9023116,0,0,1
49,18,23,0,0,1,0,0,0,0,0,0,3.969216,0,0,1
31,22,1,0,0,1,0,1,0,0,0,0,3.9937305,0,0,1
27,19,0,0,0,2,0,0,0,0,0,0,3.958229,0,0,1
34,19,7,0,0,2,0,0,0,0,0,0,3.9735126,0,0,1
36,29,0,0,0,1,0,1,0,0,0,0,4.072431,0,0,1
36,29,0,0,0,1,0,1,0,0,0,0,4.027719,0,0,1
36,29,0,0,0,1,0,1,0,0,0,0,3.9721634,0,0,1
57,49,0,0,4,1,0,1,0,0,0,0,4.256601,0,0,1
59,52,0,0,9,3,0,1,0,0,0,0,4.5164843,0,0,1
27,18,1,0,0,2,0,0,0,0,0,0,4.134336,0,0,1
33,18,7,0,0,2,0,0,0,0,0,0,4.127283,0,0,1
47,38,1,0,9,1,0,1,0,0,0,0,4.370573,0,0,1
33,24,1,0,2,0,0,1,0,0,0,0,4.0407753,0,0,1
56,12,36,0,3,0,0,0,0,0,0,0,4.463455,0,0,1
45,37,1,0,8,1,0,1,0,0,0,0,4.483318,0,0,1
38,30,0,0,6,0,0,1,0,0,0,0,4.49122,0,0,1
27,18,1,0,0,2,0,0,0,0,0,0,4.2084103,0,0,1
33,18,7,0,0,2,0,0,0,0,0,0,4.187889,0,0,1
43,16,19,0,0,1,0,1,0,0,0,0,4.20233,0,0,1
28,19,1,0,0,2,0,0,0,0,0,0,4.182006,0,0,1
34,19,7,0,0,2,0,0,0,0,0,0,4.135565,0,0,1
35,19,8,0,0,2,0,0,0,0,0,1,4.1118646,0,0,1
33,24,1,0,0,0,0,1,0,0,0,0,3.9225895,0,0,1
29,20,1,0,0,2,0,0,0,0,0,0,4.116265,0,0,1
35,20,7,0,0,2,0,0,0,0,0,0,4.1287246,0,0,1
28,19,1,0,0,2,0,0,0,0,0,0,4.110577,0,0,1
34,19,7,0,0,2,0,0,0,0,0,0,4.138502,0,0,1
42,14,20,0,15,0,0,1,0,0,0,0,4.4156613,0,0,1
75,24,1,41,24,1,2,1,0,0,0,0,4.8569007,0,0,1
47,12,27,0,4,1,0,1,0,0,0,0,4.554173,0,0,1
65,58,0,0,13,3,0,1,0,0,0,0,4.6754622,0,0,1
42,35,0,0,6,1,0,1,0,0,0,0,4.3297176,0,0,1
32,23,1,0,0,2,0,0,0,0,0,0,4.0070486,0,0,1
42,33,1,0,0,2,0,0,0,0,0,0,4.157215,0,1,1
48,33,7,0,0,2,0,0,0,0,0,0,4.2207136,0,1,1
159,39,112,0,14,2,6,2,0,0,0,0,4.942723,0,0,1
75,24,1,41,23,1,2,1,0,0,0,0,4.8337626,0,0,1
23,8,7,0,0,0,0,0,0,0,0,0,3.708132,0,1,1
23,8,7,0,0,0,0,0,0,0,0,0,4.001823,0,1,1
23,8,7,0,0,0,0,0,0,0,0,0,3.9148662,0,1,1
23,8,7,0,0,0,0,0,0,0,0,0,3.9148662,0,1,1
45,36,1,0,6,1,0,1,0,0,0,0,4.36676,0,0,1
76,25,1,41,25,1,2,1,0,0,0,0,4.796562,0,0,1
23,8,7,0,0,0,0,0,0,0,0,0,3.9148662,0,1,1
34,25,1,0,0,2,0,0,0,0,0,0,3.9254107,0,0,1
38,29,1,0,0,2,0,1,0,0,0,0,4.0304365,0,0,1
42,35,0,0,6,1,0,1,0,0,0,0,4.3297176,0,0,1
38,29,1,0,6,2,0,1,0,0,0,0,4.2210975,0,0,1
25,16,1,0,0,1,0,0,0,0,0,0,3.863465,0,0,1
36,27,1,0,0,2,0,0,0,0,0,0,4.0650797,0,0,1
42,27,7,0,0,2,0,0,0,0,0,0,4.058053,0,0,1
31,22,1,0,0,2,0,0,0,0,0,0,3.8646984,0,0,1
37,22,7,0,0,2,0,0,0,0,0,0,3.9084003,0,0,1
61,29,24,0,1,1,0,1,0,0,0,0,4.459449,0,0,1
27,18,1,0,0,2,0,0,0,0,0,0,3.884155,0,0,1
33,18,7,0,0,2,0,0,0,0,0,0,3.9424388,0,0,1
24,17,0,0,0,1,0,0,0,0,0,0,4.0016294,0,0,1
24,17,0,0,2,1,0,0,0,0,0,0,4.1368423,0,0,1
24,17,0,0,2,1,0,0,0,0,0,0,4.1368423,0,0,1
135,39,88,0,14,2,6,2,0,0,0,0,4.957842,0,0,1
104,23,44,28,3,2,2,1,0,0,0,0,5.250746,0,0,1
29,20,1,0,0,1,0,0,0,0,0,0,4.090234,0,0,1
36,27,1,0,0,0,0,1,0,0,0,0,3.808271,0,0,1
42,27,7,0,0,0,0,1,0,0,0,0,3.8855505,0,0,1
43,35,1,0,6,1,0,1,0,0,0,0,4.370821,0,0,1
51,25,18,0,0,0,0,1,0,0,0,0,4.155597,0,0,1
44,23,1,11,1,0,1,0,0,0,0,0,4.120935,0,0,1
103,27,30,37,51,0,1,0,0,0,0,0,4.607045,0,0,1
80,21,12,38,30,0,1,0,0,0,0,0,4.7503934,0,0,1
41,33,0,0,0,1,0,1,0,0,0,0,4.385008,0,0,1
42,24,10,0,6,2,0,1,0,0,0,0,4.4156613,0,0,1
41,32,1,0,18,2,0,1,0,0,0,0,4.1008253,0,0,1
49,16,25,0,18,0,0,1,0,0,0,0,4.288307,0,0,1
98,38,52,0,12,7,0,1,0,0,0,0,4.6529694,0,0,1
34,25,1,0,0,1,0,1,0,0,0,0,3.9176264,0,0,1
29,21,1,0,9,0,0,1,0,0,0,0,4.211261,0,0,1
51,16,27,0,9,0,0,1,0,0,0,0,4.630868,0,1,1
28,21,0,0,0,1,0,1,0,0,0,0,3.583617,0,0,1
34,27,0,0,0,2,0,1,0,0,0,0,3.8558657,0,0,1
33,25,0,0,0,0,0,1,0,0,0,0,3.9454648,0,0,1
31,23,0,0,0,0,0,1,0,0,0,0,4.0266194,0,0,1
38,26,4,0,2,0,0,1,0,0,0,0,4.2081966,0,0,1
852,16,83,745,147,2,1,0,0,0,0,0,5.0226545,0,0,1
31,22,1,0,0,2,0,0,0,0,0,0,4.0180817,0,0,1
37,22,7,0,0,2,0,0,0,0,0,0,4.057313,0,0,1
38,29,1,0,0,1,0,0,0,0,0,0,4.1287346,0,0,1
44,29,7,0,0,1,0,0,0,0,0,0,4.168659,0,0,1
42,33,1,0,0,1,0,1,0,0,0,0,4.218884,0,0,1
76,33,35,0,11,4,0,1,0,0,0,0,4.6688056,0,0,1
37,28,1,0,0,2,0,0,0,0,0,0,4.057313,0,0,1
41,32,1,0,0,2,0,1,0,0,0,0,4.1530623,0,0,1
36,27,1,0,1,3,0,1,0,0,0,0,4.1070175,0,0,1
33,12,13,0,1,0,0,1,0,0,0,0,4.066677,0,0,1
25,16,1,0,0,1,0,0,0,0,0,0,4.023465,0,0,1
31,16,7,0,0,1,0,0,0,0,0,0,4.0022683,0,0,1
24,16,0,0,0,1,0,0,0,0,0,0,4.0535088,0,0,1
31,16,7,0,0,1,0,0,0,0,0,0,3.977917,0,0,1
42,33,1,0,6,2,0,1,0,0,0,0,4.300072,0,0,1
76,25,1,41,21,1,2,1,0,0,0,0,4.8151135,0,0,1
142,15,70,48,22,4,3,1,0,0,0,0,5.220623,0,0,1
159,39,112,0,15,2,6,2,0,0,0,0,4.9497633,0,0,1
28,19,1,0,0,1,0,0,0,0,0,0,4.039149,0,0,1
34,19,7,0,0,1,0,0,0,0,0,0,3.97645,0,0,1
24,17,0,0,0,1,0,0,0,0,0,0,3.9701755,0,0,1
30,21,1,0,0,0,0,0,0,0,0,0,3.8980684,0,0,1
37,21,8,0,0,0,0,0,0,0,0,0,3.8879979,0,0,1
51,42,1,0,11,2,0,1,0,0,0,0,4.0906405,0,0,1
32,15,9,0,1,0,0,0,0,0,0,0,3.9528196,0,0,1
37,15,14,0,0,0,0,0,0,0,0,0,3.8713512,0,0,1
67,7,52,0,6,0,0,0,0,0,0,0,4.989388,0,0,1
35,26,1,0,0,2,0,1,0,0,0,0,4.300153,0,0,1
31,22,1,0,0,2,0,0,0,0,0,0,4.2359815,0,0,1
37,22,7,0,0,2,0,0,0,0,0,0,4.195676,0,0,1
36,14,14,0,0,1,0,0,0,0,0,0,3.9721634,0,0,1
27,10,9,0,0,0,0,0,0,0,0,0,3.5463989,0,0,1
41,25,8,0,0,0,0,0,0,0,0,0,4.296338,0,1,1
30,21,1,0,0,2,0,0,0,0,0,0,3.8729055,0,0,1
36,21,7,0,0,2,0,0,0,0,0,0,3.9092562,0,0,1
58,17,33,0,0,1,0,0,0,0,0,0,4.081506,0,0,1
56,20,28,0,0,1,0,0,0,0,0,0,4.302629,0,0,1
67,32,27,0,4,4,0,1,0,0,0,0,4.5474534,0,0,1
51,18,9,15,4,0,2,1,0,1,0,0,4.4592037,0,0,1
32,23,1,0,0,0,0,2,0,0,0,0,3.9834585,0,0,1
53,10,35,0,3,0,0,1,0,0,0,0,4.100773,0,0,1
30,21,1,0,0,1,0,0,0,0,0,0,3.7777472,0,0,1
36,21,7,0,0,1,0,0,0,0,0,0,3.8428574,0,0,1
51,14,29,0,0,0,0,0,0,0,0,0,4.1454782,0,0,1
24,15,1,0,2,1,0,0,0,0,0,0,3.8868423,0,0,1
30,15,7,0,2,1,0,0,0,0,0,0,3.8729055,0,0,1
38,29,1,0,0,1,0,1,0,0,0,0,4.2210975,0,0,1
84,41,1,33,19,2,1,1,0,0,0,0,5.0916224,0,0,1
45,27,10,0,0,0,0,4,0,0,0,0,4.1190877,0,0,1
43,25,10,0,0,0,0,4,0,0,0,0,4.1405854,0,0,1
43,25,10,0,0,0,0,4,0,0,0,0,3.963617,0,0,1
159,39,112,0,15,2,6,2,0,0,0,0,4.9146447,0,0,1
28,10,10,0,3,0,0,0,0,0,0,0,4.1375375,0,0,1
43,21,1,12,0,1,1,0,0,0,0,0,4.489877,0,0,1
42,25,9,0,0,0,0,0,0,0,0,0,4.0323315,0,0,1
36,10,18,0,0,0,0,0,0,0,0,0,3.9959066,0,1,1
36,10,18,0,0,0,0,0,0,0,0,0,3.9511943,0,1,1
26,9,9,0,1,0,0,0,0,0,0,0,3.9021747,0,0,1
34,27,0,0,6,1,0,1,0,0,0,0,4.395999,0,0,1
35,28,0,0,6,1,0,1,0,0,0,0,4.1287246,0,0,1
43,36,0,0,6,1,0,1,0,0,0,0,4.1558185,0,0,1
42,35,0,0,8,1,0,1,0,0,0,0,4.19554,0,0,1
42,35,0,0,6,1,0,1,0,0,0,0,4.424956,0,0,1
38,31,0,0,9,1,0,1,0,0,0,0,4.3462257,0,0,1
85,25,14,38,25,0,1,1,0,0,0,0,4.761684,0,0,1
30,17,5,0,0,1,0,0,0,0,0,0,4.1068907,0,0,1
78,69,1,0,29,6,0,2,0,0,0,0,4.578242,0,0,1
41,23,10,0,2,2,0,1,0,0,0,0,4.357075,0,0,1
38,29,1,0,6,0,0,1,0,0,0,0,4.2935944,0,0,1
24,15,1,0,0,0,0,1,0,0,0,0,3.8553886,0,0,1
43,36,0,0,6,1,0,1,0,0,0,0,4.2839527,0,0,1
27,18,1,0,0,1,0,0,0,0,0,0,3.9023116,0,0,1
33,18,7,0,0,1,0,0,0,0,0,0,3.957294,0,0,1
36,27,1,0,0,2,0,1,0,0,0,0,4.120635,0,1,1
38,29,1,0,0,2,0,1,0,0,0,0,3.977805,0,0,1
38,29,1,0,0,3,0,1,0,0,0,0,4.0208435,0,0,1
43,34,1,0,0,4,0,1,0,0,0,0,4.1268625,0,0,1
41,32,1,0,0,3,0,1,0,0,0,0,4.189886,0,0,1
39,30,1,0,0,2,0,1,0,0,0,0,3.965301,0,0,1
40,31,1,0,0,4,0,1,0,0,0,0,4.0964394,0,0,1
36,27,1,0,0,2,0,1,0,0,0,0,3.9959066,0,0,1
38,29,1,0,0,3,0,1,0,0,0,0,4.1684656,0,0,1
37,28,1,0,0,2,0,1,0,0,0,0,4.1752734,0,1,1
42,33,1,0,0,3,0,1,0,0,0,0,3.9604373,0,0,1
41,32,1,0,0,3,0,1,0,0,0,0,4.338663,0,0,1
42,14,20,0,3,0,0,0,0,0,0,0,4.1368637,0,0,1
73,18,47,0,0,6,0,0,0,0,0,0,4.4132414,0,0,1
75,13,54,0,0,5,0,0,0,0,0,0,4.360988,0,0,1
49,25,16,0,0,0,0,1,0,0,0,0,4.173298,0,0,1
99,75,16,0,0,2,0,1,0,0,0,0,4.487674,0,0,1
30,10,12,0,1,1,0,0,0,0,0,0,3.8980684,0,0,1
31,10,13,0,1,1,0,0,0,0,0,0,3.873236,0,0,1
107,4,11,83,3,1,3,0,0,0,0,0,4.6431537,1,0,1
67,25,13,20,13,3,1,1,0,0,0,0,4.869985,0,0,1
24,15,1,0,0,0,0,0,0,0,0,0,3.6368423,0,0,1
51,39,4,0,0,1,0,1,0,0,0,0,4.2559776,0,0,1
29,20,1,0,0,0,0,1,0,0,0,0,3.857307,0,0,1
70,43,19,0,24,1,0,1,0,0,0,0,4.7039337,0,0,1
23,4,11,0,1,0,0,0,0,0,0,0,3.8164027,1,0,1
23,4,11,0,2,0,0,0,0,0,0,0,3.9690015,1,0,1
51,20,23,0,0,0,0,0,0,0,0,0,3.9762783,0,0,1
217,21,31,156,24,4,2,2,0,0,0,0,5.760547,0,0,1
23,4,11,0,2,0,0,0,0,0,0,0,4.023137,1,0,1
29,21,0,0,0,0,0,2,0,0,0,0,3.8312762,0,0,1
217,21,31,156,24,4,2,2,0,0,0,0,5.6710205,0,0,1
23,4,11,0,1,0,0,0,0,0,0,0,4.1100936,1,0,1
58,24,26,0,0,0,0,1,0,0,0,0,4.2336187,0,0,1
175,15,108,43,19,1,3,1,0,0,0,0,5.655726,0,0,1
84,15,61,0,11,0,0,1,0,0,0,0,5.243159,0,0,1
84,15,61,0,10,1,0,1,0,0,0,0,5.2193494,0,0,1
84,15,61,0,10,0,0,1,0,0,0,0,5.065851,0,0,1
84,15,61,0,11,0,0,1,0,0,0,0,5.048343,0,0,1
84,15,61,0,6,6,0,1,0,0,0,0,5.024841,0,0,1
84,15,61,0,5,0,0,1,0,0,0,0,5.1744156,0,0,1
84,15,61,0,8,0,0,1,0,0,0,0,5.2060227,0,0,1
84,15,61,0,8,0,0,1,0,0,0,0,5.1302547,0,0,1
84,15,61,0,8,1,0,1,0,0,0,0,5.2228074,0,0,1
84,15,61,0,10,1,0,1,0,0,0,0,5.2907777,0,0,1
84,15,61,0,10,0,0,1,0,0,0,0,5.310248,0,0,1
84,15,61,0,2,0,0,1,0,0,0,0,5.0362053,0,0,1
84,15,61,0,6,1,0,1,0,0,0,0,5.196538,0,0,1
84,15,61,0,10,1,0,1,0,0,0,0,5.2045264,0,0,1
84,15,61,0,10,0,0,1,0,0,0,0,5.3250704,0,0,1
84,15,61,0,8,0,0,1,0,0,0,0,5.107634,0,0,1
84,15,61,0,8,0,0,1,0,0,0,0,5.1470394,0,0,1
84,15,61,0,7,1,0,1,0,0,0,0,5.2704268,0,0,1
84,15,61,0,8,1,0,1,0,0,0,0,5.0303693,0,0,1
84,15,61,0,10,0,0,1,0,0,0,0,5.243159,0,0,1
84,15,61,0,10,0,0,1,0,0,0,0,5.1912003,0,0,1
84,15,61,0,6,0,0,1,0,0,0,0,5.173227,0,0,1
84,15,61,0,8,0,0,1,0,0,0,0,5.158404,0,0,1
84,15,61,0,7,2,0,1,0,0,0,0,5.2181606,0,0,1
84,15,61,0,7,1,0,1,0,0,0,0,5.3250704,0,0,1
84,15,61,0,10,0,0,1,0,0,0,0,5.05299,0,0,1
84,15,61,0,3,2,0,1,0,0,0,0,5.0573297,0,0,1
84,15,61,0,5,1,0,1,0,0,0,0,5.1185827,0,0,1
84,15,61,0,10,0,0,1,0,0,0,0,5.004598,0,0,1
84,15,61,0,9,0,0,1,0,0,0,0,5.1244187,0,0,1
84,15,61,0,6,0,0,1,0,0,0,0,5.158404,0,0,1
46,7,2,28,1,1,1,1,0,0,0,0,4.338142,0,0,1
36,18,10,0,2,2,0,1,0,0,0,0,4.141604,0,0,1
28,11,9,0,4,0,0,0,0,0,0,0,4.324863,1,0,1
28,11,9,0,6,0,0,0,0,0,0,0,4.3962917,1,0,1
30,19,3,0,0,0,0,1,0,0,0,0,4.0314016,0,0,1
28,11,9,0,3,0,0,0,0,0,0,0,4.2089663,1,0,1
27,6,13,0,3,0,0,0,0,0,0,0,4.3565583,0,0,1
35,26,1,0,0,1,0,0,0,0,0,0,3.861725,0,0,1
31,22,1,0,1,1,0,1,0,0,0,0,4.1069493,0,0,1
30,21,1,0,0,2,0,0,0,0,0,0,3.9144094,0,0,1
36,21,7,0,0,2,0,0,0,0,0,0,3.8956387,0,0,1
41,32,1,0,0,0,0,1,0,0,0,0,3.994764,0,0,1
32,23,1,0,0,1,0,0,0,0,0,0,3.9209585,0,0,1
38,23,7,0,0,1,0,0,0,0,0,0,3.928481,0,0,1
39,30,1,0,2,1,0,1,0,0,0,0,4.141064,0,0,1
55,46,1,0,0,1,0,1,0,0,0,0,4.051625,0,0,1
43,14,21,0,11,3,0,0,0,0,0,0,4.565345,0,0,1
31,22,1,0,0,0,0,1,0,0,0,0,3.9134007,0,0,1
29,22,0,0,0,0,0,1,0,0,0,0,3.8404026,0,0,1
28,19,1,0,1,0,0,1,0,0,0,0,4.0121884,0,1,1
28,19,1,0,4,0,0,1,0,0,0,0,4.039149,0,1,1
28,19,1,0,1,0,0,1,0,0,0,0,4.039149,0,1,1
28,19,1,0,2,0,0,1,0,0,0,0,3.96772,0,1,1
127,40,13,0,30,2,0,1,0,0,0,0,5.222717,0,0,1
61,40,13,0,2,2,0,1,0,0,0,0,4.72132,0,0,1
28,19,1,0,1,0,0,1,0,0,0,0,4.039149,0,1,1
35,27,0,0,1,1,0,1,0,0,0,0,4.229004,0,0,1
27,7,12,0,4,0,0,0,0,0,0,0,4.106377,0,0,1
65,20,37,0,11,0,0,1,0,0,0,0,4.453288,0,0,1
32,17,7,0,0,0,0,1,0,0,0,0,3.8820488,0,0,1
35,26,1,0,0,0,0,0,0,0,0,0,4.0144386,0,0,1
81,33,40,0,0,3,0,1,0,0,0,0,4.284485,0,0,1
26,17,1,0,0,1,0,0,0,0,0,0,3.7671835,0,0,1
32,17,7,0,0,1,0,0,0,0,0,0,3.8431392,0,0,1
50,31,11,0,0,0,0,1,0,0,0,0,4.0508814,0,0,1
36,10,18,0,3,0,0,0,0,0,0,0,4.347435,0,0,1
23,14,1,0,2,1,0,0,0,0,0,0,3.8492239,0,0,1
29,14,7,0,2,1,0,0,0,0,0,0,3.8538632,0,0,1
36,10,18,0,2,0,0,0,0,0,0,0,4.416608,0,0,1
36,10,18,0,3,0,0,0,0,0,0,0,4.416608,0,0,1
23,12,3,0,0,0,0,1,0,0,0,0,3.882045,0,0,1
25,14,3,0,0,0,0,1,0,0,0,0,3.7532697,0,0,1
36,10,18,0,3,0,0,0,0,0,0,0,4.3610525,0,0,1
32,23,1,0,0,1,0,0,0,0,0,0,3.7386086,0,0,1
38,23,7,0,0,1,0,0,0,0,0,0,3.7775512,0,0,1
36,10,18,0,3,0,0,0,0,0,0,0,4.3820214,0,0,1
37,11,18,0,4,0,0,0,0,0,0,0,4.368388,0,0,1
46,37,1,0,6,0,0,1,0,0,0,0,4.555533,0,0,1
43,34,1,0,0,0,0,1,0,0,0,0,4.1405854,0,0,1
27,18,1,0,0,0,0,1,0,0,0,0,4.134336,0,0,1
41,32,1,0,0,0,0,1,0,0,0,0,3.9057035,0,0,1
34,25,1,0,0,0,0,1,0,0,0,0,4.1162996,0,0,1
54,45,1,0,0,0,0,1,0,0,0,0,4.122388,0,0,1
38,29,1,0,8,0,0,1,0,0,0,0,4.2210975,0,0,1
34,25,1,0,0,2,0,1,0,0,0,0,4.1162996,0,0,1
36,21,7,0,0,1,0,0,0,0,0,0,3.9092562,0,0,1
35,9,18,0,4,0,0,0,0,0,0,0,4.261725,0,0,1
36,10,18,0,3,0,0,0,0,0,0,0,4.437577,0,0,1
33,24,1,0,0,2,0,0,0,0,0,0,4.127283,0,0,1
39,24,7,0,0,2,0,0,0,0,0,0,4.1629806,0,0,1
36,29,0,0,7,1,0,1,0,0,0,0,4.19716,0,0,1
44,37,0,0,7,1,0,1,0,0,0,0,4.3087683,0,0,1
28,19,1,0,0,2,0,0,0,0,0,0,4.0661087,0,0,1
34,19,7,0,0,2,0,0,0,0,0,0,4.0796785,0,0,1
175,15,108,43,18,3,3,1,0,0,0,0,5.6485186,0,0,1
73,65,0,0,5,5,0,1,0,0,0,0,4.4754214,0,0,1
31,22,1,0,0,2,0,0,0,0,0,0,3.937752,0,0,1
37,22,7,0,0,2,0,0,0,0,0,0,3.9359558,0,0,1
32,23,1,0,0,2,0,0,0,0,0,0,4.1167293,0,0,1
38,23,7,0,0,2,0,0,0,0,0,0,4.165838,0,0,1
38,29,1,0,0,0,0,1,0,0,0,0,3.81991,0,1,1
53,25,20,0,0,2,0,0,0,0,0,0,3.8951766,0,0,1
36,10,18,0,0,0,0,0,0,0,0,0,4.0175934,0,1,1
43,22,11,0,0,0,0,2,0,0,0,0,4.173374,0,0,1
46,25,11,0,0,0,0,2,0,0,0,0,4.1727147,0,0,1
45,15,22,0,0,0,0,0,0,0,0,0,4.2334266,0,1,1
28,11,9,0,1,0,0,0,0,0,0,0,3.96772,0,0,1
40,11,21,0,0,0,0,0,0,0,0,0,4.0653114,0,1,1
41,34,0,0,5,1,0,1,0,0,0,0,4.366596,0,0,1
37,19,1,8,1,0,1,1,0,0,0,0,4.3374352,0,1,1
30,21,1,0,0,2,0,0,0,0,0,0,4.1647353,0,0,1
36,21,7,0,0,2,0,0,0,0,0,0,4.13883,0,0,1
43,35,0,0,9,0,0,1,0,0,0,0,4.390699,0,0,1
33,24,1,0,0,2,0,0,0,0,0,0,3.937445,0,0,1
39,24,7,0,0,2,0,0,0,0,0,0,3.9804316,0,0,1
30,21,1,0,0,3,0,0,0,0,0,0,3.9647353,0,0,1
36,21,7,0,0,3,0,0,0,0,0,0,4.009524,0,0,1
21,12,1,0,0,0,0,0,0,0,0,0,3.7489948,0,0,1
57,13,8,27,0,0,2,0,0,1,0,0,4.1634426,0,0,1
131,15,108,0,6,3,0,1,0,0,0,0,5.488432,0,0,1
32,23,1,0,4,0,0,1,0,0,0,0,4.1167293,0,0,1
24,17,0,0,2,1,0,0,0,0,0,0,4.1368423,0,0,1
34,15,11,0,0,0,0,0,0,0,0,0,4.020855,0,0,1
24,17,0,0,0,1,0,0,0,0,0,0,4.0535088,0,0,1
24,17,0,0,0,1,0,0,0,0,0,0,4.0535088,0,0,1
35,17,10,0,0,0,0,0,0,0,0,0,3.6902964,0,0,1
43,19,16,0,1,1,0,1,0,0,0,0,4.2000074,0,0,1
37,28,1,0,0,2,0,0,0,0,0,0,4.1344686,0,0,1
43,28,7,0,0,2,0,0,0,0,0,0,4.158141,0,0,1
35,26,1,0,0,3,0,0,0,0,0,0,4.2214417,0,0,1
41,26,7,0,0,3,0,0,0,0,0,0,4.3202515,0,0,1
35,26,1,0,0,1,0,0,0,0,0,0,4.1071563,0,0,1
41,26,7,0,0,1,0,0,0,0,0,0,4.125129,0,0,1
74,67,0,0,18,5,0,1,0,0,0,0,4.685087,0,0,1
31,22,1,0,0,2,0,0,0,0,0,0,4.1958165,0,0,1
37,22,7,0,0,2,0,0,0,0,0,0,4.2266283,0,0,1
34,25,1,0,0,1,0,0,0,0,0,0,3.9513102,0,0,1
40,25,7,0,0,1,0,0,0,0,0,0,4.018454,0,0,1
31,23,0,0,0,2,0,0,0,0,0,0,4.1958165,0,0,1
38,23,7,0,0,2,0,0,0,0,0,0,4.218469,0,0,1
80,71,1,0,26,6,0,2,0,0,0,0,4.721239,0,0,1
40,24,8,0,1,0,0,0,0,0,0,0,4.234184,0,0,1
34,11,13,0,0,0,0,0,0,0,0,0,4.057476,0,0,1
28,11,9,0,1,0,0,0,0,0,0,0,4.0661087,0,0,1
27,10,9,0,1,0,0,0,0,0,0,0,3.912114,0,0,1
39,30,1,0,0,2,0,1,0,0,0,0,4.2117023,0,0,1
43,34,1,0,0,2,0,1,0,0,0,0,3.9850051,0,0,1
31,22,1,0,0,1,0,1,0,0,0,0,4.0180817,0,0,1
43,34,1,0,0,0,0,1,0,0,0,0,4.3152313,0,0,1
63,7,48,0,0,2,0,0,0,0,0,0,4.2605343,0,0,1
39,30,1,0,4,0,0,1,0,0,0,0,4.252975,0,0,1
65,58,0,0,16,4,0,1,0,0,0,0,4.645692,0,0,1
42,33,1,0,0,1,0,1,0,0,0,0,4.02603,0,0,1
42,35,0,0,5,1,0,1,0,0,0,0,4.252453,0,0,1
708,21,5,711,54,9,27,0,0,0,1,0,5.6346226,0,0,1
51,18,25,0,2,0,0,1,0,0,0,0,4.6160665,0,0,1
20,5,7,0,1,0,0,0,0,0,0,0,3.6464393,1,0,1
134,27,66,32,0,2,2,0,0,1,0,0,4.51306,0,0,1
105,12,48,36,4,1,2,0,0,1,0,0,4.9917994,0,0,1
115,21,53,32,7,1,2,0,0,1,0,0,5.041027,0,0,1
205,19,36,141,34,6,5,1,0,0,0,0,4.877323,0,0,1
173,19,20,125,18,4,5,1,0,0,0,0,4.8810472,0,0,1
148,23,81,35,6,1,2,1,0,1,0,0,5.05647,0,0,1
20,6,6,0,0,0,0,0,0,0,0,0,3.7464395,0,0,1
58,14,36,0,0,1,0,1,0,0,0,0,4.143465,0,0,1
24,12,4,0,0,0,0,1,0,0,0,0,3.6368423,0,0,1
24,12,4,0,0,0,0,1,0,0,0,0,3.3443608,0,0,1
131,15,108,0,7,2,0,1,0,0,0,0,5.391312,0,0,1
167,15,108,35,11,2,3,1,0,0,0,0,5.458434,0,0,1
175,15,108,43,11,2,3,1,0,0,0,0,5.4553742,0,0,1
32,25,0,0,0,0,0,0,0,0,0,0,4.1167293,0,0,1
51,21,22,0,1,0,0,2,0,0,0,0,4.603223,0,0,1
31,22,1,0,0,1,0,1,0,0,0,0,4.1714654,0,0,1
72,21,43,0,0,0,0,0,0,0,0,0,4.161904,0,0,1
91,72,11,0,26,6,0,2,0,0,0,0,4.8333135,0,0,1
22,6,8,0,1,0,0,0,0,0,0,0,3.845351,1,0,1
35,28,0,0,7,1,0,1,0,0,0,0,4.2074356,0,0,1
30,21,1,0,0,2,0,0,0,0,0,0,3.8980684,0,0,1
42,33,1,0,0,3,0,1,0,0,0,0,4.037702,0,0,1
39,30,1,0,0,3,0,1,0,0,0,0,4.265545,0,0,1
37,28,1,0,0,2,0,1,0,0,0,0,4.0440636,0,0,1
40,31,1,0,0,3,0,1,0,0,0,0,4.056198,0,0,1
34,25,1,0,0,2,0,1,0,0,0,0,4.043058,0,0,1
37,28,1,0,0,3,0,1,0,0,0,0,4.0335135,0,0,1
37,28,1,0,0,3,0,1,0,0,0,0,4.154871,0,1,1
35,26,1,0,0,3,0,1,0,0,0,0,4.0715814,0,0,1
44,35,1,0,0,5,0,1,0,0,0,0,4.098652,0,0,1
28,19,1,0,0,1,0,1,0,0,0,0,3.842371,0,0,1
32,23,1,0,0,1,0,1,0,0,0,0,3.8553379,0,0,1
35,26,1,0,0,2,0,1,0,0,0,0,3.9113061,0,0,1
44,35,1,0,0,10,0,1,0,0,0,0,3.789342,0,0,1
43,34,1,0,0,3,0,1,0,0,0,0,4.1291847,0,1,1
44,35,1,0,0,7,0,1,0,0,0,0,3.887585,0,0,1
43,34,1,0,0,8,0,1,0,0,0,0,3.9141822,0,1,1
38,29,1,0,0,2,0,1,0,0,0,0,4.0509815,0,0,1
36,27,1,0,0,3,0,1,0,0,0,0,4.0304933,0,0,1
38,29,1,0,0,2,0,1,0,0,0,0,4.2538633,0,0,1
32,23,1,0,0,2,0,1,0,0,0,0,3.9292293,0,0,1
36,11,17,0,0,1,0,0,0,0,0,0,4.0832744,0,0,1
57,21,28,0,0,1,0,0,0,0,0,0,4.4752746,0,1,1
41,32,1,0,21,0,0,1,0,0,0,0,4.3202515,0,0,1
32,8,16,0,0,0,0,0,0,0,0,0,4.0778193,0,0,1
120,15,76,20,9,1,2,1,0,0,0,0,5.2877746,0,0,1
35,9,18,0,1,0,0,0,0,0,0,0,4.514718,0,0,1
99,15,76,0,8,1,0,1,0,0,0,0,5.1855617,0,0,1
234,24,202,0,62,0,0,1,0,0,0,0,5.06649,0,0,1
28,19,1,0,0,1,0,0,0,0,0,0,3.8962915,0,0,1
23,4,11,0,2,0,0,0,0,0,0,0,3.882045,1,0,1
23,4,11,0,1,0,0,0,0,0,0,0,4.1100936,1,0,1
49,21,20,0,7,0,0,1,0,0,0,0,4.3057513,0,0,1
46,18,20,0,5,0,0,1,0,0,0,0,4.1185794,0,0,1
20,6,6,0,1,0,0,0,0,0,0,0,3.7841837,0,0,1
20,6,6,0,1,0,0,0,0,0,0,0,3.8841836,0,0,1
84,15,61,0,7,0,0,1,0,0,0,0,5.105256,0,0,1
84,15,61,0,3,1,0,1,0,0,0,0,5.1287584,0,0,1
84,15,61,0,8,0,0,1,0,0,0,0,5.1470394,0,0,1
84,15,61,0,13,2,0,1,0,0,0,0,5.2150097,0,0,1
84,15,61,0,9,1,0,1,0,0,0,0,5.2774515,0,0,1
84,15,61,0,5,1,0,1,0,0,0,0,5.2298326,0,0,1
84,15,61,0,9,0,0,1,0,0,0,0,5.061977,0,0,1
84,15,61,0,7,1,0,1,0,0,0,0,5.1720376,0,0,1
84,15,61,0,6,1,0,1,0,0,0,0,5.219657,0,0,1
84,15,61,0,11,0,0,1,0,0,0,0,5.16424,0,0,1
84,15,61,0,7,0,0,1,0,0,0,0,5.0764923,0,0,1
84,15,61,0,2,0,0,1,0,0,0,0,5.1720376,0,0,1
84,15,61,0,6,2,0,1,0,0,0,0,5.189238,0,0,1
84,15,61,0,11,1,0,1,0,0,0,0,5.2063303,0,0,1
84,15,61,0,7,1,0,1,0,0,0,0,5.201683,0,0,1
84,15,61,0,3,2,0,1,0,0,0,0,5.066126,0,0,1
84,15,61,0,6,1,0,1,0,0,0,0,5.273112,0,0,1
84,15,61,0,5,0,0,1,0,0,0,0,5.245844,0,0,1
84,15,61,0,5,2,0,1,0,0,0,0,5.17173,0,0,1
84,15,61,0,4,0,0,1,0,0,0,0,5.2208457,0,0,1
84,15,61,0,11,0,0,1,0,0,0,0,5.149417,0,0,1
84,15,61,0,8,0,0,1,0,0,0,0,5.0947733,0,0,1
84,15,61,0,8,0,0,1,0,0,0,0,4.9378166,0,0,1
46,7,2,28,1,1,1,1,0,0,0,0,4.3053207,0,0,1
46,7,2,28,0,1,1,1,0,0,0,0,4.3110743,0,0,1
25,6,11,0,1,1,0,0,0,0,0,0,3.9434652,0,0,1
40,17,15,0,7,0,0,2,0,0,0,0,4.177567,0,0,1
38,22,8,0,0,0,0,1,0,0,0,0,4.0304365,0,0,1
27,11,8,0,3,0,0,0,0,0,0,0,4.2545257,1,0,1
28,11,9,0,2,0,0,0,0,0,0,0,4.110577,1,0,1
28,11,9,0,4,0,0,0,0,0,0,0,4.1550455,1,0,1
62,43,11,0,23,1,0,1,0,0,0,0,4.7403517,0,0,1
28,11,9,0,5,0,0,0,0,0,0,0,4.324863,1,0,1
83,21,54,0,0,5,0,2,0,0,0,0,4.4683547,0,0,1
31,7,16,0,0,1,0,0,0,0,0,0,3.8371255,0,0,1
32,7,17,0,0,1,0,0,0,0,0,0,3.816428,0,0,1
107,29,6,63,0,0,3,1,0,0,0,0,4.522272,0,0,1
29,6,15,0,0,0,0,0,0,0,0,0,3.4695444,0,0,1
115,6,103,0,41,7,0,0,0,0,1,0,4.834293,0,0,1
20,6,6,0,0,0,0,0,0,0,0,0,3.5464394,0,0,1
83,6,69,0,36,6,0,0,0,0,0,0,4.26563,0,0,1
73,22,4,38,0,0,2,0,0,0,0,0,4.293665,0,0,1
20,7,5,0,0,0,0,0,0,0,0,0,3.7841837,0,0,1
93,43,11,30,36,1,1,1,0,0,0,0,4.6431494,0,0,1
62,43,11,0,19,1,0,1,0,0,0,0,4.564858,0,0,1
38,29,1,0,0,2,0,1,0,0,0,0,4.1356997,0,0,1
53,32,13,0,0,0,0,1,0,0,0,0,4.3129444,0,0,1
88,7,65,0,9,0,1,0,0,1,0,0,4.831789,0,0,1
59,21,22,0,6,1,1,1,0,1,0,0,4.666565,0,0,1
27,11,8,0,0,0,0,0,0,0,0,0,3.708048,0,0,1
29,22,0,0,7,1,0,1,0,0,0,0,4.3491917,0,0,1
58,32,1,16,16,0,2,1,0,1,0,0,4.6617036,0,0,1
36,27,1,0,0,2,0,0,0,0,0,0,4.1625733,0,1,1
53,27,18,0,0,2,0,0,0,0,0,0,4.1215916,0,1,1
40,31,1,0,0,2,0,1,0,0,0,0,4.2464395,0,1,1
45,36,1,0,7,1,0,1,0,0,0,0,4.438874,0,0,1
51,44,0,0,12,1,0,1,0,0,0,0,4.5228333,0,0,1
39,32,0,0,9,1,0,1,0,0,0,0,4.4455333,0,0,1
73,23,11,0,0,0,1,2,0,1,0,0,4.3110375,0,1,1
34,25,1,0,0,1,0,0,0,0,0,0,4.1973257,0,0,1
40,25,7,0,0,1,0,0,0,0,0,0,4.227567,0,0,1
36,27,1,0,0,2,0,0,0,0,0,0,4.1070175,0,0,1
42,27,7,0,0,2,0,0,0,0,0,0,4.129947,0,0,1
35,26,1,0,0,2,0,0,0,0,0,0,4.085588,0,0,1
41,26,7,0,0,2,0,0,0,0,0,0,4.08587,0,0,1
36,29,0,0,7,1,0,1,0,0,0,0,4.252715,0,0,1
44,37,0,0,7,1,0,1,0,0,0,0,4.354223,0,0,1
67,25,8,26,1,0,2,1,0,1,0,0,4.467053,0,0,1
61,25,8,19,0,0,2,1,0,1,0,0,4.194452,0,0,1
57,21,8,19,0,0,2,2,0,1,0,0,4.096158,0,0,1
45,37,0,0,0,1,0,1,0,0,0,0,4.0257607,0,0,1
41,25,8,0,0,1,0,1,0,0,0,0,3.6946054,0,0,1
63,14,14,26,0,0,2,0,0,1,0,0,4.3275633,0,0,1
53,17,28,0,1,0,0,2,0,0,0,0,4.1358347,0,0,1
39,32,0,0,1,0,0,1,0,0,0,0,4.057856,0,1,1
39,32,0,0,9,1,0,1,0,0,0,0,4.496815,0,0,1
50,16,26,0,19,0,0,1,0,0,0,0,4.271789,0,0,1
25,16,1,0,0,1,0,0,0,0,0,0,3.8936608,0,0,1
31,16,7,0,0,1,0,0,0,0,0,0,3.9134007,0,0,1
35,14,13,0,0,0,0,0,0,0,0,0,3.8074355,0,0,1
27,18,1,0,0,1,0,0,0,0,0,0,3.884155,0,0,1
33,18,7,0,0,1,0,0,0,0,0,0,3.8589573,0,0,1
43,27,8,0,0,0,0,0,0,0,0,0,4.2953534,0,0,1
34,25,1,0,0,2,0,0,0,0,0,0,3.9368918,0,0,1
40,25,7,0,0,2,0,0,0,0,0,0,3.9939427,0,0,1
26,17,1,0,0,2,0,0,0,0,0,0,3.9500637,0,0,1
32,17,7,0,0,2,0,0,0,0,0,0,3.9886086,0,0,1
115,25,11,70,44,0,1,1,0,0,0,0,4.780322,0,1,1
30,21,1,0,0,2,0,0,0,0,0,0,3.9614062,0,0,1
36,21,7,0,0,2,0,0,0,0,0,0,3.9511943,0,0,1
26,17,1,0,0,0,0,1,0,0,0,0,4.132944,0,0,1
33,24,1,0,0,1,0,1,0,0,0,0,4.248495,0,0,1
40,31,1,0,2,1,0,1,0,0,0,0,4.2464395,0,0,1
40,31,1,0,1,1,0,1,0,0,0,0,4.384184,0,0,1
44,35,1,0,0,0,0,1,0,0,0,0,4.2029724,0,0,1
38,29,1,0,0,1,0,1,0,0,0,0,4.0959687,0,0,1
29,20,1,0,0,0,0,1,0,0,0,0,3.9783335,0,0,1
24,15,1,0,2,0,0,1,0,0,0,0,3.9701755,0,0,1
27,18,1,0,0,0,0,1,0,0,0,0,4.0323033,0,0,1
38,29,1,0,0,0,0,1,0,0,0,0,4.188331,0,0,1
27,18,1,0,0,0,0,1,0,0,0,0,4.134336,0,0,1
30,21,1,0,0,0,0,1,0,0,0,0,4.148394,0,0,1
34,18,8,0,3,1,0,1,0,0,0,0,4.057476,0,0,1
37,28,1,0,0,2,0,1,0,0,0,0,4.3887906,0,1,1
34,25,1,0,0,2,0,1,0,0,0,0,4.3371754,0,1,1
36,27,1,0,0,0,0,1,0,0,0,0,4.176191,0,0,1
42,24,10,0,4,2,0,1,0,0,0,0,4.1595926,0,0,1
28,19,1,0,0,0,0,1,0,0,0,0,4.039149,0,0,1
167,15,108,35,18,1,3,1,0,0,0,0,5.4923177,0,0,1
75,21,46,0,0,0,0,0,0,0,0,0,4.175653,0,0,1
45,16,21,0,2,0,0,1,0,0,0,0,4.2166514,0,0,1
44,20,16,0,3,0,0,1,0,0,0,0,4.6635327,0,0,1
36,15,13,0,4,0,0,1,0,0,0,0,4.0441103,0,0,1
52,43,1,0,0,5,0,1,0,0,0,0,3.9093738,0,0,1
27,18,1,0,0,1,0,0,0,0,0,0,3.8524976,0,0,1
33,18,7,0,0,1,0,0,0,0,0,0,3.836082,0,0,1
46,25,13,0,0,1,0,1,0,0,0,0,4.3110743,0,0,1
41,11,22,0,2,0,0,0,0,0,0,0,4.1435413,0,0,1
37,19,10,0,4,0,0,0,0,0,0,0,3.850949,0,0,1
25,10,7,0,4,0,0,0,0,0,0,0,4.023465,1,0,1
24,5,11,0,1,0,0,0,0,0,0,0,3.9906015,0,0,1
28,12,8,0,0,0,0,0,0,0,0,0,3.842371,0,0,1
220,38,40,145,24,2,7,2,0,0,1,0,5.5508614,0,0,1
29,20,1,0,0,1,0,0,0,0,0,0,3.857307,0,0,1
35,20,7,0,0,1,0,0,0,0,0,0,3.8972998,0,0,1
54,9,37,0,0,1,0,0,0,0,0,0,3.7857316,0,0,1
36,29,0,0,7,1,0,1,0,0,0,0,4.252715,0,0,1
37,30,0,0,7,1,0,1,0,0,0,0,4.463247,0,0,1
44,36,1,0,7,1,0,1,0,0,0,0,4.427975,0,0,1
33,18,7,0,0,0,0,1,0,0,0,0,3.7865222,0,0,1
80,71,1,0,25,6,0,2,0,0,0,0,4.659018,0,0,1
31,22,1,0,0,0,0,1,0,0,0,0,3.9937305,0,0,1
31,22,1,0,0,0,0,0,0,0,0,0,3.873236,0,0,1
27,9,10,0,0,0,0,0,0,0,0,0,3.884155,0,0,1
26,9,9,0,0,0,0,0,0,0,0,0,3.9171886,0,0,1
27,9,10,0,0,0,0,0,0,0,0,0,4.060262,0,0,1
26,9,9,0,0,0,0,0,0,0,0,0,4.10391,0,0,1
28,10,10,0,2,0,0,0,0,0,0,0,3.9232519,0,0,1
27,10,9,0,2,0,0,0,0,0,0,0,3.958229,0,0,1
42,25,9,0,1,0,0,4,0,0,0,0,4.157215,0,0,1
45,25,12,0,0,0,0,4,0,0,0,0,4.1998763,0,0,1
42,25,9,0,1,0,0,2,0,0,0,0,4.1595926,0,0,1
30,12,10,0,0,0,0,0,0,0,0,0,3.6817276,0,0,1
78,69,1,0,25,6,0,2,0,0,0,0,4.681137,0,0,1
81,72,1,0,29,6,0,2,0,0,0,0,4.770311,0,0,1
35,27,0,0,0,1,0,1,0,0,0,0,4.1362863,0,0,1
49,20,21,0,11,3,0,0,0,0,0,0,4.401936,0,0,1
46,17,21,0,11,4,0,0,0,0,0,0,4.2347746,0,0,1
33,25,1,0,9,0,0,2,0,0,0,0,4.187889,0,0,1
133,23,32,69,29,1,3,1,0,0,0,0,5.352149,0,0,1
37,28,1,0,0,0,0,1,0,0,0,0,3.7639413,0,0,1
208,29,16,154,16,1,11,1,0,0,0,0,4.9798408,0,0,1
60,38,1,12,1,0,1,1,0,0,0,0,4.3213,0,0,1
51,21,22,0,2,0,0,2,0,0,0,0,4.515179,0,0,1
79,70,1,0,26,6,0,2,0,0,0,0,4.6484876,0,0,1
38,30,0,0,9,1,0,1,0,0,0,0,4.451489,0,0,1
159,39,112,0,14,2,6,2,0,0,0,0,4.896818,0,0,1
35,27,0,0,1,1,0,1,0,0,0,0,4.0931497,0,0,1
35,27,0,0,1,1,0,1,0,0,0,0,4.057575,0,0,1
37,30,0,0,1,1,0,1,0,0,0,0,4.057313,0,0,1
54,47,0,0,14,1,0,1,0,0,0,0,4.4839764,0,0,1
100,24,9,66,20,4,2,1,0,0,1,0,4.9697227,0,0,1
46,39,0,0,14,1,0,1,0,0,0,0,4.4685764,0,0,1
59,16,35,0,0,1,0,1,0,0,0,0,4.047106,0,0,1
151,27,116,0,23,0,0,1,0,0,0,0,5.2234306,0,0,1
31,18,5,0,4,0,0,1,0,0,0,0,4.1069493,0,0,1
45,38,0,0,16,1,0,1,0,0,0,0,4.4134235,0,0,1
53,46,0,0,16,1,0,1,0,0,0,0,4.517751,0,0,1
41,32,1,0,0,2,0,1,0,0,0,0,4.120258,0,0,1
39,32,0,0,0,2,0,1,0,0,0,0,4.1259336,0,0,1
43,36,0,0,13,1,0,1,0,0,0,0,4.507433,0,0,1
31,22,1,0,0,2,0,0,0,0,0,0,3.9535656,0,0,1
37,22,7,0,0,2,0,0,0,0,0,0,4.003259,0,0,1
22,7,7,0,2,0,0,0,0,0,0,0,3.9705732,0,0,1
51,44,0,0,13,1,0,1,0,0,0,0,4.5099897,0,0,1
49,16,25,0,19,0,0,1,0,0,0,0,4.313191,0,0,1
34,11,15,0,0,0,0,0,0,0,0,0,4.020855,0,0,1
35,14,13,0,0,0,0,1,0,0,0,0,4.0931497,0,1,1
48,39,1,0,0,5,0,1,0,0,0,0,3.9601672,0,0,1
34,25,1,0,0,2,0,1,0,0,0,0,4.032336,0,1,1
43,34,1,0,0,5,0,1,0,0,0,0,3.8109598,0,0,1
44,35,1,0,0,3,0,1,0,0,0,0,4.0531974,0,0,1
36,27,1,0,0,2,0,1,0,0,0,0,4.1835423,0,1,1
43,34,1,0,0,3,0,1,0,0,0,0,4.216053,0,1,1
38,29,1,0,0,3,0,1,0,0,0,0,4.1486,0,0,1
37,28,1,0,0,3,0,1,0,0,0,0,3.9828568,0,1,1
36,27,1,0,0,2,0,1,0,0,0,0,4.0378447,0,1,1
33,24,1,0,0,2,0,1,0,0,0,0,4.0289464,0,1,1
41,32,1,0,0,3,0,1,0,0,0,0,4.073913,0,1,1
38,29,1,0,0,2,0,1,0,0,0,0,4.1684656,0,1,1
43,34,1,0,0,4,0,1,0,0,0,0,4.089429,0,0,1
39,30,1,0,0,2,0,1,0,0,0,0,4.16042,0,1,1
31,22,1,0,0,2,0,1,0,0,0,0,3.9535656,0,0,1
36,27,1,0,0,2,0,1,0,0,0,0,3.9648118,0,0,1
37,28,1,0,0,3,0,1,0,0,0,0,3.9315016,0,0,1
40,31,1,0,0,3,0,1,0,0,0,0,3.9551523,0,1,1
45,36,1,0,0,4,0,1,0,0,0,0,4.081099,0,0,1
39,30,1,0,0,3,0,1,0,0,0,0,3.9704225,0,0,1
42,33,1,0,0,3,0,1,0,0,0,0,4.121268,0,0,1
36,27,1,0,0,2,0,1,0,0,0,0,3.9959066,0,0,1
34,25,1,0,0,1,0,1,0,0,0,0,4.1162996,0,1,1
39,30,1,0,0,2,0,1,0,0,0,0,4.179776,0,0,1
43,34,1,0,0,3,0,1,0,0,0,0,4.1467404,0,0,1
35,26,1,0,0,3,0,1,0,0,0,0,4.1287246,0,1,1
40,12,20,0,2,1,0,0,0,0,0,0,4.212815,0,0,1
103,25,1,68,39,0,1,1,0,0,0,0,4.7371397,0,0,1
34,10,16,0,1,1,0,0,0,0,0,0,3.97645,0,0,1
35,10,17,0,1,1,0,0,0,0,0,0,3.957296,0,0,1
33,10,15,0,1,1,0,0,0,0,0,0,3.8997142,0,0,1
34,10,16,0,1,1,0,0,0,0,0,0,3.8810055,0,0,1
107,4,11,83,1,1,3,0,0,0,0,0,4.7421265,1,0,1
23,4,11,0,0,0,0,0,0,0,0,0,3.9361804,1,0,1
23,4,11,0,1,0,0,0,0,0,0,0,4.1100936,1,0,1
32,22,3,0,1,0,0,2,0,0,0,0,3.941428,0,0,1
33,22,4,0,1,0,0,2,0,0,0,0,3.9195633,0,0,1
84,15,61,0,6,2,0,1,0,0,0,0,5.0350165,0,0,1
84,15,61,0,8,1,0,1,0,0,0,0,5.16424,0,0,1
84,15,61,0,10,0,0,1,0,0,0,0,5.150606,0,0,1
84,15,61,0,11,2,0,1,0,0,0,0,5.1868606,0,0,1
84,15,61,0,6,0,0,1,0,0,0,0,5.061977,0,0,1
84,15,61,0,9,1,0,1,0,0,0,0,5.2434664,0,0,1
46,7,2,28,0,1,1,1,0,0,0,0,4.3545523,0,0,1
26,11,7,0,0,1,0,0,0,0,0,0,4.180833,0,0,1
21,7,6,0,1,0,0,0,0,0,0,0,3.88018,0,0,1
1110,22,38,1047,143,15,5,0,0,0,1,0,6.0156074,0,0,1
28,11,9,0,2,0,0,0,0,0,0,0,4.253434,1,0,1
28,11,9,0,2,0,0,0,0,0,0,0,4.083617,1,0,1
62,43,11,0,23,1,0,1,0,0,0,0,4.5754232,0,0,1
28,11,9,0,1,0,0,0,0,0,0,0,3.9946804,1,0,1
22,6,8,0,0,0,0,0,0,0,0,0,3.6635327,0,0,1
92,14,70,0,26,0,0,1,0,0,0,0,4.7696695,0,0,1
62,43,11,0,22,1,0,1,0,0,0,0,4.754138,0,0,1
81,43,30,0,26,1,0,1,0,0,0,0,4.97079,0,0,1
20,7,5,0,1,0,0,0,0,0,0,0,3.7841837,0,0,1
118,30,58,3,16,5,1,1,0,0,0,0,4.8578477,0,0,1
118,30,58,3,18,5,1,1,0,0,0,0,4.8917456,0,0,1
20,7,5,0,2,0,0,0,0,0,0,0,3.7841837,0,0,1
71,14,27,3,14,0,1,1,0,0,0,1,4.892223,0,0,1
84,21,35,3,10,0,1,2,0,0,1,0,5.21067,0,0,1
71,14,27,3,19,0,1,1,0,0,0,1,4.802582,0,0,1
71,14,27,3,20,0,1,1,0,0,0,1,4.852015,0,0,1
20,7,5,0,1,0,0,0,0,0,0,0,3.7841837,0,0,1
35,26,1,0,0,1,0,1,0,0,0,0,3.8897378,0,0,1
36,27,1,0,0,2,0,1,0,0,0,0,3.9959066,0,1,1
34,25,1,0,2,2,0,1,0,0,0,0,3.9620316,0,0,1
45,36,1,0,0,3,0,1,0,0,0,0,4.303321,0,0,1
44,35,1,0,0,3,0,1,0,0,0,0,4.2544417,0,0,1
52,43,1,0,0,4,0,1,0,0,0,0,4.2892075,0,0,1
29,20,1,0,0,1,0,1,0,0,0,0,3.8143718,0,0,1
41,32,1,0,0,2,0,1,0,0,0,0,4.158497,0,0,1
33,26,0,0,3,2,0,1,0,0,0,0,4.331977,0,0,1
35,26,1,0,3,2,0,1,0,0,0,0,4.321721,0,0,1
36,16,12,0,0,1,0,0,0,0,0,0,4.072431,0,0,1
138,30,16,83,4,0,5,1,0,0,0,0,4.6637583,0,0,1
33,18,7,0,0,0,0,0,0,0,0,0,3.7903311,0,0,1
38,29,1,0,0,2,0,1,0,0,0,0,4.2538633,0,0,1
41,32,1,0,0,0,0,1,0,0,0,0,3.328838,0,0,1
44,35,1,0,6,2,0,1,0,0,0,0,4.3453507,0,0,1
30,15,7,0,0,1,0,0,0,0,0,0,4.006239,0,0,1
35,27,0,0,1,4,0,1,0,0,0,0,4.114718,0,0,1
31,12,11,0,1,0,0,0,0,0,0,0,4.23276,0,0,1
30,11,11,0,0,0,0,0,0,0,0,0,3.7362435,0,0,1
29,20,1,0,0,0,0,1,0,0,0,0,4.047299,0,0,1
37,28,1,0,0,1,0,1,0,0,0,0,3.8720496,0,0,1
89,25,1,54,28,1,3,1,0,0,0,0,4.8147273,0,0,1
26,17,1,0,0,1,0,0,0,0,0,0,3.9790978,0,0,1
32,17,7,0,0,1,0,0,0,0,0,0,3.9528196,0,0,1
23,14,1,0,0,0,0,0,0,0,0,0,3.7950885,0,0,1
38,20,10,0,5,2,0,1,0,0,0,0,4.188331,0,0,1
41,23,10,0,1,2,0,1,0,0,0,0,4.1684084,0,0,1
40,22,10,0,2,2,0,1,0,0,0,0,4.337326,0,0,1
43,15,20,0,15,0,0,1,0,0,0,0,4.3152313,0,0,1
32,23,1,0,0,2,0,0,0,0,0,0,4.030639,0,0,1
38,23,7,0,0,2,0,0,0,0,0,0,4.0933404,0,0,1
99,31,22,38,3,1,1,0,0,0,0,0,5.0340824,0,0,1
78,20,12,38,3,0,1,0,0,0,0,0,4.9918914,0,0,1
31,13,10,0,0,0,0,0,0,0,0,0,3.8087196,0,0,1
29,20,1,0,0,1,0,0,0,0,0,0,3.8833375,0,0,1
35,20,7,0,0,1,0,0,0,0,0,0,3.9217212,0,0,1
28,16,4,0,0,0,0,1,0,0,0,0,3.6245186,0,0,1
175,12,117,38,3,6,1,0,0,0,0,0,4.945943,0,0,1
41,21,12,0,0,0,0,1,0,0,0,0,3.9643955,0,0,1
24,17,0,0,0,1,0,0,0,0,0,0,4.0535088,0,0,1
158,39,13,0,14,2,6,2,0,0,0,0,4.8984656,0,0,1
158,39,13,0,13,2,6,2,0,0,0,0,4.995201,0,0,1
158,39,13,0,15,2,6,2,0,0,0,0,4.941629,0,0,1
31,22,1,0,0,2,0,0,0,0,0,0,4.0180817,0,0,1
37,22,7,0,0,2,0,0,0,0,0,0,4.0777154,0,0,1
39,30,1,0,0,2,0,0,0,0,0,0,4.079773,0,0,1
45,30,7,0,0,2,0,0,0,0,0,0,4.1190877,0,0,1
27,18,1,0,0,0,0,1,0,0,0,0,4.060262,0,0,1
42,33,1,0,0,0,0,1,0,0,0,0,4.397688,0,1,1
27,18,1,0,0,1,0,1,0,0,0,0,4.1804514,0,0,1
40,31,1,0,2,1,0,1,0,0,0,0,4.2841835,0,0,1
40,31,1,0,3,1,0,1,0,0,0,0,4.2841835,0,0,1
33,24,1,0,1,0,0,1,0,0,0,0,4.2107644,0,0,1
38,29,1,0,0,0,0,1,0,0,0,0,4.2538633,0,0,1
46,37,1,0,12,3,0,1,0,0,0,0,4.4086876,0,0,1
26,17,1,0,0,0,0,1,0,0,0,0,4.0269866,0,0,1
30,21,1,0,0,1,0,1,0,0,0,0,4.0817275,0,0,1
43,34,1,0,0,1,0,1,0,0,0,0,4.1818514,0,1,1
36,27,1,0,2,2,0,1,0,0,0,0,4.46132,0,0,1
35,26,1,0,8,0,0,1,0,0,0,0,4.400432,0,0,1
37,28,1,0,9,0,0,1,0,0,0,0,4.188523,0,0,1
59,23,28,0,0,1,0,1,0,0,0,0,4.261478,0,0,1
36,27,1,0,0,3,0,0,0,0,0,0,4.0786967,0,0,1
42,27,7,0,0,3,0,0,0,0,0,0,4.1712646,0,0,1
37,28,1,0,0,2,0,0,0,0,0,0,3.9182525,0,0,1
43,28,7,0,0,2,0,0,0,0,0,0,4.065118,0,0,1
31,22,1,0,0,1,0,0,0,0,0,0,3.8245335,0,0,1
37,22,7,0,0,1,0,0,0,0,0,0,3.8410969,0,0,1
24,15,1,0,0,1,0,0,0,0,0,0,3.8035088,0,0,1
30,15,7,0,0,1,0,0,0,0,0,0,3.806239,0,0,1
27,18,1,0,0,1,0,0,0,0,0,0,3.9302704,0,0,1
33,18,7,0,0,1,0,0,0,0,0,0,4.006071,0,0,1
38,15,15,0,0,0,0,0,0,0,0,0,3.7775512,0,0,1
27,18,1,0,0,1,0,0,0,0,0,0,3.958229,0,0,1
33,18,7,0,0,1,0,0,0,0,0,0,4.006071,0,0,1
68,24,36,0,3,0,0,1,0,0,0,0,4.272282,0,0,1
55,15,32,0,3,0,0,0,0,0,0,0,4.2014713,0,0,1
50,42,0,0,12,0,0,1,0,0,0,0,4.4916635,0,0,1
43,15,19,0,0,0,1,0,0,0,0,0,4.0452394,0,1,1
38,24,6,0,0,0,0,1,0,0,0,0,4.0734754,0,0,1
43,14,21,0,11,3,0,0,0,0,0,0,4.536389,0,0,1
42,35,0,0,7,1,0,1,0,0,0,0,4.4992275,0,0,1
31,22,1,0,0,2,0,0,0,0,0,0,3.9292145,0,0,1
37,22,7,0,0,2,0,0,0,0,0,0,3.9386547,0,0,1
77,60,9,0,5,4,0,3,0,0,0,0,4.706332,0,0,1
63,17,20,0,0,0,1,0,0,1,0,0,4.310713,0,0,1
47,12,27,0,0,0,0,0,0,0,0,0,4.4005713,0,0,1
48,18,22,0,0,0,0,0,0,0,0,1,4.222794,0,0,1
44,15,21,0,11,3,0,0,0,0,0,0,4.6009216,0,0,1
52,45,0,0,13,1,0,1,0,0,0,0,4.4191093,0,0,1
44,37,0,0,0,3,0,1,0,0,0,0,4.1663895,0,0,1
42,35,0,0,6,1,0,1,0,0,0,0,4.3773365,0,0,1
39,21,10,0,0,1,0,0,0,0,0,0,4.438747,0,0,1
36,21,7,0,0,1,0,0,0,0,0,0,4.2736845,0,0,1
55,46,1,0,0,1,0,1,0,0,0,0,4.1752014,0,0,1
39,30,1,0,0,3,0,1,0,0,0,0,4.006574,0,0,1
93,7,78,0,7,0,0,0,0,0,0,0,4.6878576,0,0,1
42,33,1,0,0,1,0,1,0,0,0,0,4.1595926,0,0,1
39,31,0,0,6,2,0,1,0,0,0,0,4.387465,0,0,1
50,16,26,0,19,0,0,1,0,0,0,0,4.2566915,0,0,1
43,35,0,0,2,2,0,1,0,0,0,0,4.629412,0,0,1
46,30,8,0,0,3,0,1,0,0,0,0,4.1891255,0,0,1
38,25,1,3,1,1,1,1,0,0,0,0,4.3333254,0,0,1
43,15,20,0,15,0,0,1,0,0,0,0,4.4547663,0,0,1
35,26,1,0,0,1,0,1,0,0,0,0,3.772599,0,0,1
37,28,1,0,0,2,0,0,0,0,0,0,3.895151,0,0,1
43,28,7,0,0,2,0,0,0,0,0,0,3.9522164,0,0,1
78,23,10,37,24,0,1,0,0,0,0,0,4.833703,0,1,1
28,19,1,0,0,0,0,0,0,0,0,0,3.8962915,0,0,1
36,18,10,0,0,0,0,1,0,0,0,0,4.0860486,0,0,1
34,27,0,0,4,1,0,1,0,0,0,0,4.334238,0,0,1
35,15,12,0,0,0,0,0,0,0,0,0,3.8645785,0,0,1
168,32,132,0,54,8,0,3,0,0,1,0,5.1897264,0,0,1
40,20,12,0,0,0,0,0,0,0,0,0,3.9964395,0,1,1
28,20,1,0,9,0,0,1,0,0,0,0,4.0121884,0,0,1
162,32,126,0,56,8,0,3,0,0,1,0,5.065948,0,0,1
168,32,132,0,52,10,0,3,0,0,1,0,5.144027,0,0,1
298,29,15,205,43,0,1,1,0,0,0,0,5.7429147,0,0,1
24,12,4,0,0,0,0,1,0,0,0,0,3.8349626,0,0,1
22,11,3,0,0,0,0,1,0,0,0,0,3.6069367,0,0,1
98,11,79,0,2,0,0,0,0,0,0,0,4.2322783,0,0,1
31,22,1,0,0,1,0,0,0,0,0,0,4.01486,0,0,1
37,22,7,0,0,1,0,0,0,0,0,0,4.0236616,0,0,1
50,43,0,0,2,2,0,1,0,0,0,0,4.2790794,0,0,1
31,24,0,0,0,0,0,1,0,0,0,0,4.0266194,0,0,1
44,36,0,0,7,1,0,1,0,0,0,0,4.3825207,0,0,1
43,36,0,0,10,0,0,1,0,0,0,0,4.4082546,0,0,1
28,20,1,0,0,0,0,0,0,0,0,0,4.1550455,0,0,1
25,12,5,0,0,0,0,1,0,0,0,0,3.6234653,0,0,1
76,35,33,0,3,1,3,2,0,1,0,0,4.666637,0,0,1
42,35,0,0,7,0,0,1,0,0,0,0,4.264125,0,0,1
37,30,0,0,9,1,0,1,0,0,0,0,4.3914895,0,0,1
333,32,317,0,114,17,5,3,0,0,1,0,5.362068,0,0,1
65,30,27,0,6,1,1,1,0,0,0,0,5.206682,0,0,1
51,39,1,2,3,0,1,1,0,0,0,0,4.2655897,0,0,1
131,15,108,0,15,1,0,1,0,0,0,0,5.485452,0,0,1
39,15,16,0,15,0,0,1,0,0,0,0,4.278115,0,0,1
25,11,6,0,1,0,0,0,0,0,0,0,3.9932697,0,0,1
29,20,1,0,0,2,0,0,0,0,0,0,3.9952378,0,0,1
35,20,7,0,0,2,0,0,0,0,0,0,4.04716,0,0,1
28,19,1,0,0,0,0,1,0,0,0,0,3.7534344,0,0,1
45,36,1,0,6,1,0,1,0,0,0,0,4.472424,0,0,1
59,24,1,26,3,1,2,1,0,0,0,0,4.340377,0,0,1
231,22,15,185,36,0,1,1,0,0,0,0,5.751524,0,0,1
30,21,1,0,0,2,0,0,0,0,0,0,3.9395723,0,0,1
36,21,7,0,0,2,0,0,0,0,0,0,3.9648118,0,0,1
39,16,15,0,2,1,0,1,0,0,0,0,4.3942513,0,0,1
59,27,24,0,6,1,0,1,0,0,0,0,4.611563,0,0,1
30,21,1,0,0,1,0,0,0,0,0,0,3.9647353,0,0,1
36,21,7,0,0,1,0,0,0,0,0,0,4.009524,0,0,1
25,16,1,0,0,1,0,0,0,0,0,0,3.8936608,0,0,1
31,16,7,0,0,1,0,0,0,0,0,0,3.9134007,0,0,1
79,29,42,0,3,3,0,1,0,0,0,0,5.015824,0,0,1
29,12,9,0,0,0,0,0,0,0,0,0,3.771437,0,0,1
43,28,7,0,2,1,0,1,0,0,0,0,4.2839527,0,0,1
27,18,1,0,0,2,0,0,0,0,0,0,4.0043445,0,0,1
33,18,7,0,0,2,0,0,0,0,0,0,4.0815325,0,0,1
34,27,0,0,6,1,0,1,0,0,0,0,4.278352,0,0,1
50,20,21,0,0,0,0,0,0,0,0,0,4.2961745,0,0,1
64,20,21,0,0,0,1,0,0,1,0,0,4.4280725,0,0,1
34,25,1,0,0,2,0,0,0,0,0,0,4.020855,0,0,1
40,25,7,0,0,2,0,0,0,0,0,0,4.0653114,0,0,1
27,18,1,0,0,1,0,0,0,0,0,0,3.884155,0,0,1
33,18,7,0,0,1,0,0,0,0,0,0,3.8848588,0,0,1
27,18,1,0,0,2,0,0,0,0,0,0,3.8380399,0,0,1
33,18,7,0,0,2,0,0,0,0,0,0,3.8848588,0,0,1
29,20,1,0,0,2,0,0,0,0,0,0,4.090234,0,0,1
35,20,7,0,0,2,0,0,0,0,0,0,4.125871,0,0,1
26,17,1,0,0,2,0,0,0,0,0,0,3.9500637,0,0,1
32,17,7,0,0,2,0,0,0,0,0,0,4.0542293,0,0,1
40,31,1,0,0,3,0,1,0,0,0,0,4.139823,0,0,1
39,30,1,0,0,2,0,1,0,0,0,0,4.0191436,0,0,1
39,30,1,0,0,3,0,1,0,0,0,0,4.214263,0,1,1
34,25,1,0,0,2,0,1,0,0,0,0,4.0796785,0,1,1
34,25,1,0,0,3,0,1,0,0,0,0,3.903208,0,0,1
41,32,1,0,0,4,0,1,0,0,0,0,4.189886,0,0,1
48,39,1,0,0,5,0,1,0,0,0,0,3.9957817,0,0,1
38,29,1,0,0,3,0,1,0,0,0,0,3.8404553,0,0,1
40,31,1,0,0,3,0,1,0,0,0,0,4.0061984,0,0,1
39,30,1,0,0,2,0,1,0,0,0,0,4.079773,0,0,1
35,26,1,0,0,2,0,1,0,0,0,0,4.229004,0,0,1
54,45,1,0,0,5,0,1,0,0,0,0,4.1790805,0,0,1
35,26,1,0,0,2,0,1,0,0,0,0,3.9900172,0,0,1
30,21,1,0,0,2,0,0,0,0,0,0,3.8980684,0,0,1
36,21,7,0,0,2,0,0,0,0,0,0,3.8774438,0,0,1
40,31,1,0,0,4,0,1,0,0,0,0,3.8939426,0,0,1
49,40,1,0,0,1,0,1,0,0,0,0,4.392785,0,0,1
37,28,1,0,0,2,0,1,0,0,0,0,4.1752734,0,1,1
35,26,1,0,0,3,0,1,0,0,0,0,4.0500135,0,0,1
34,25,1,0,0,2,0,1,0,0,0,0,4.020855,0,0,1
36,27,1,0,0,2,0,1,0,0,0,0,3.9511943,0,0,1
35,26,1,0,0,2,0,1,0,0,0,0,4.0144386,0,0,1
36,27,1,0,0,2,0,1,0,0,0,0,4.00675,0,1,1
34,25,1,0,0,1,0,1,0,0,0,0,4.043058,0,1,1
33,24,1,0,0,1,0,1,0,0,0,0,4.2336397,0,1,1
42,33,1,0,0,3,0,1,0,0,0,0,3.903524,0,0,1
35,26,1,0,0,2,0,1,0,0,0,0,3.9357276,0,0,1
38,29,1,0,0,3,0,1,0,0,0,0,3.9182084,0,0,1
41,32,1,0,0,4,0,1,0,0,0,0,4.1619534,0,0,1
39,30,1,0,0,2,0,1,0,0,0,0,4.006574,0,0,1
49,40,1,0,0,5,0,1,0,0,0,0,4.073367,0,0,1
37,28,1,0,0,4,0,1,0,0,0,0,4.046763,0,0,1
40,12,20,0,3,0,0,0,0,0,0,0,4.212815,0,0,1
46,18,20,0,0,0,0,0,0,0,0,0,4.099998,0,0,1
30,13,9,0,0,0,0,0,0,0,0,0,3.7362435,0,0,1
50,22,20,0,0,0,0,1,0,0,0,0,4.006887,0,1,1
56,20,28,0,0,1,0,0,0,0,0,0,4.246925,0,1,1
79,67,1,2,24,2,1,1,0,0,0,0,4.545428,0,0,1
66,57,1,0,9,3,0,2,0,0,0,0,4.9473696,0,0,1
32,21,3,0,0,0,0,0,0,0,0,0,3.8400183,0,0,1
175,15,108,43,21,3,3,1,0,0,0,0,5.623283,0,0,1
84,15,61,0,9,3,0,1,0,0,0,0,5.2626286,0,0,1
84,15,61,0,4,1,0,1,0,0,0,0,5.2251854,0,0,1
84,15,61,0,8,0,0,1,0,0,0,0,5.115432,0,0,1
23,4,11,0,1,0,0,0,0,0,0,0,3.9361804,1,0,1
84,28,48,0,0,3,0,0,0,0,0,1,4.295267,0,1,1
23,4,11,0,3,0,0,0,0,0,0,0,4.023137,1,0,1
23,4,11,0,0,0,0,0,0,0,0,0,3.9361804,1,0,1
37,21,8,0,1,0,0,2,0,0,0,0,4.2833815,0,0,1
23,4,11,0,3,0,0,0,0,0,0,0,3.9361804,1,0,1
23,4,11,0,4,0,0,0,0,0,0,0,4.023137,1,0,1
21,7,6,0,2,0,0,0,0,0,0,0,3.88018,0,0,1
21,7,6,0,2,0,0,0,0,0,0,0,3.5944657,0,0,1
25,14,3,0,4,0,0,1,0,0,0,0,3.9434652,0,0,1
1185,23,38,1115,154,15,7,0,0,0,0,0,6.0327287,0,0,1
28,11,9,0,3,0,0,0,0,0,0,0,4.1550455,1,0,1
23,8,7,0,0,0,0,1,0,0,0,0,4.0559583,0,0,1
28,11,9,0,3,0,0,0,0,0,0,0,4.182006,1,0,1
28,11,9,0,1,0,0,0,0,0,0,0,4.039149,1,0,1
22,6,8,0,3,0,0,0,0,0,0,0,3.6246803,1,0,1
118,30,58,3,15,5,1,1,0,0,0,0,4.8366084,0,0,1
21,6,7,0,0,1,0,0,0,0,0,0,3.8442328,0,0,1
66,57,1,0,0,0,0,1,0,0,0,0,3.832951,0,0,1
62,43,11,0,17,1,0,1,0,0,0,0,4.713973,0,0,1
62,43,11,0,25,1,0,1,0,0,0,0,4.6711497,0,0,1
62,43,11,0,25,1,0,1,0,0,0,0,4.747842,0,0,1
63,43,12,0,18,1,0,1,0,0,0,0,4.6352906,0,0,1
21,12,1,0,0,1,0,0,0,0,0,0,3.5585186,0,0,1
73,64,1,0,0,5,0,1,0,0,0,0,4.012182,0,0,1
103,47,14,33,7,1,1,1,0,0,0,0,4.9714985,0,1,1
59,37,14,0,3,1,0,1,0,0,0,0,4.5160465,0,0,1
38,30,0,0,0,3,0,1,0,0,0,0,3.9579394,0,0,1
57,35,14,0,5,6,0,0,0,0,0,0,4.539055,0,0,1
31,22,1,0,0,1,0,0,0,0,0,0,3.9134007,0,0,1
37,22,7,0,0,1,0,0,0,0,0,0,3.951904,0,0,1
59,36,15,0,0,0,0,4,0,0,0,0,4.3708897,0,0,1
24,10,6,0,0,0,0,0,0,0,0,0,4.1368423,0,1,1
23,16,0,0,0,1,0,0,0,0,0,0,3.8492239,0,0,1
26,10,1,6,0,0,1,0,0,0,0,0,4.10391,0,0,1
19,10,1,0,0,0,0,0,0,0,0,0,3.787144,0,0,1
36,27,1,0,0,1,0,0,0,0,0,0,4.239098,0,0,1
46,37,1,0,0,4,0,1,0,0,0,0,4.085758,0,0,1
28,10,10,0,1,0,0,0,0,0,0,0,4.093069,0,0,1
49,21,18,0,4,1,0,1,0,0,0,0,4.3048973,0,0,1
50,22,18,0,5,1,0,1,0,0,0,0,4.3904357,0,0,1
27,18,1,0,0,0,0,1,0,0,0,0,4.134336,0,0,1
42,33,1,0,1,4,0,1,0,0,0,0,4.254831,0,0,1
39,30,1,0,3,0,0,1,0,0,0,0,4.438747,0,0,1
36,27,1,0,2,0,0,1,0,0,0,0,4.440351,0,0,1
39,30,1,0,3,0,0,1,0,0,0,0,4.438747,0,0,1
32,23,1,0,0,1,0,1,0,0,0,0,4.0778193,0,0,1
40,31,1,0,3,1,0,1,0,0,0,0,4.3153114,0,0,1
32,23,1,0,0,0,0,1,0,0,0,0,4.0778193,0,0,1
38,29,1,0,0,0,0,1,0,0,0,0,4.000978,0,0,1
37,28,1,0,0,0,0,1,0,0,0,0,4.2497296,0,0,1
27,18,1,0,0,0,0,1,0,0,0,0,4.0323033,0,0,1
30,21,1,0,0,0,0,1,0,0,0,0,4.0314016,0,0,1
36,27,1,0,0,0,0,1,0,0,0,0,4.239098,0,0,1
28,19,1,0,0,0,0,1,0,0,0,0,4.039149,0,0,1
31,22,1,0,0,0,0,1,0,0,0,0,3.8890495,0,0,1
35,26,1,0,9,2,0,1,0,0,0,0,4.3648577,0,0,1
42,33,1,0,0,4,0,1,0,0,0,0,4.111974,0,0,1
32,23,1,0,0,1,0,0,0,0,0,0,3.9292293,0,0,1
38,23,7,0,0,1,0,0,0,0,0,0,3.9907055,0,0,1
39,30,1,0,0,2,0,1,0,0,0,0,4.0191436,0,0,1
45,36,1,0,0,5,0,1,0,0,0,0,4.277871,0,0,1
29,20,1,0,0,1,0,0,0,0,0,0,3.8312762,0,0,1
35,20,7,0,0,1,0,0,0,0,0,0,3.8925912,0,0,1
50,42,0,0,5,2,0,1,0,0,0,0,4.614177,0,0,1
36,29,0,0,7,1,0,1,0,0,0,0,4.252715,0,0,1
49,42,0,0,17,1,0,1,0,0,0,0,4.389422,0,0,1
34,27,0,0,5,1,0,1,0,0,0,0,4.0796785,0,0,1
36,29,0,0,8,1,0,1,0,0,0,0,4.32924,0,0,1
32,23,1,0,0,1,0,0,0,0,0,0,3.9209585,0,0,1
38,23,7,0,0,1,0,0,0,0,0,0,3.928481,0,0,1
155,35,112,0,13,2,6,2,0,0,0,0,4.9190555,0,0,1
135,39,88,0,17,2,6,2,0,0,0,0,4.994734,0,0,1
21,12,1,0,0,1,0,0,0,0,0,0,3.6897037,0,0,1
135,39,88,0,15,2,6,2,0,0,0,0,4.9971447,0,0,1
26,14,4,0,0,0,0,0,0,0,0,0,3.8252518,0,0,1
25,14,3,0,0,0,0,0,0,0,0,0,3.863465,0,0,1
29,20,1,0,0,1,0,0,0,0,0,0,3.952303,0,0,1
35,20,7,0,0,1,0,0,0,0,0,0,3.957296,0,0,1
35,26,1,0,0,2,0,0,0,0,0,0,3.9357276,0,0,1
41,26,7,0,0,2,0,0,0,0,0,0,3.9579403,0,0,1
245,21,216,0,34,5,0,1,0,0,0,0,5.851129,0,0,1
55,24,23,0,6,1,0,1,0,0,0,0,4.2293916,0,0,1
47,31,8,0,0,3,0,1,0,0,0,0,4.2563004,0,0,1
51,21,22,0,1,0,0,2,0,0,0,0,4.6572404,0,0,1
36,28,0,0,0,0,0,0,0,0,0,0,3.6943858,0,0,1
42,26,8,0,1,1,0,1,0,0,0,0,4.338397,0,0,1
42,33,1,0,5,2,0,1,0,0,0,0,4.2907777,0,0,1
131,15,108,0,15,3,0,1,0,0,0,0,5.6105695,0,0,1
27,19,1,0,6,0,0,1,0,0,0,0,4.134336,0,0,1
38,27,4,0,2,1,0,1,0,0,0,0,4.3333254,0,0,1
38,27,4,0,1,1,0,1,0,0,0,0,4.1754303,0,0,1
38,27,4,0,3,1,0,1,0,0,0,0,4.2806935,0,0,1
26,19,0,0,6,0,0,1,0,0,0,0,4.1619782,0,0,1
32,23,1,0,0,1,0,1,0,0,0,0,4.093139,0,0,1
26,17,1,0,0,1,0,0,0,0,0,0,3.9500637,0,0,1
32,17,7,0,0,1,0,0,0,0,0,0,3.9025183,0,0,1
162,32,126,0,50,8,0,3,0,0,1,0,5.1088214,0,0,1
28,11,9,0,0,0,0,0,0,0,0,0,3.485228,0,0,1
162,32,126,0,57,8,0,3,0,0,1,0,5.204767,0,0,1
162,32,126,0,49,9,0,3,0,0,1,0,5.118506,0,0,1
27,18,1,0,0,1,0,0,0,0,0,0,3.7541635,0,0,1
33,18,7,0,0,1,0,0,0,0,0,0,3.7903311,0,0,1
26,17,1,0,0,1,0,0,0,0,0,0,3.9979527,0,0,1
32,17,7,0,0,1,0,0,0,0,0,0,4.0275183,0,0,1
131,15,108,0,20,2,0,1,0,0,0,0,5.5240903,0,0,1
31,22,1,0,0,2,0,0,0,0,0,0,3.977917,0,0,1
37,22,7,0,0,2,0,0,0,0,0,0,3.9900098,0,0,1
20,5,7,0,0,0,0,0,0,0,0,0,3.6841838,1,0,1
30,21,1,0,0,2,0,0,0,0,0,0,4.0729055,0,0,1
36,21,7,0,0,2,0,0,0,0,0,0,4.117861,0,0,1
25,11,6,0,0,0,0,0,0,0,0,0,3.9132698,0,0,1
31,22,1,0,0,3,0,0,0,0,0,0,4.0180817,0,0,1
37,22,7,0,0,3,0,0,0,0,0,0,4.0804143,0,0,1
42,14,20,0,15,0,0,1,0,0,0,0,4.3204236,0,0,1
134,22,104,0,35,4,0,1,0,0,0,0,4.8205094,0,0,1
31,9,14,0,0,0,0,0,0,0,0,0,4.042433,0,0,1
46,16,22,0,2,0,0,1,0,0,0,0,4.276082,0,0,1
77,30,39,0,0,0,0,1,0,0,0,0,4.186552,0,0,1
24,15,1,0,0,1,0,0,0,0,0,0,3.7201755,0,0,1
30,15,7,0,0,1,0,0,0,0,0,0,3.7647352,0,0,1
24,15,1,0,0,1,0,0,0,0,0,0,3.7201755,0,0,1
30,15,7,0,0,1,0,0,0,0,0,0,3.7647352,0,0,1
27,14,5,0,1,0,0,0,0,0,0,0,3.810081,0,0,1
77,34,1,33,13,1,1,1,0,0,0,0,5.1221247,0,0,1
32,23,1,0,0,1,0,0,0,0,0,0,3.8278196,0,0,1
38,23,7,0,0,1,0,0,0,0,0,0,3.8655767,0,0,1
24,15,1,0,0,1,0,0,0,0,0,0,3.8035088,0,0,1
30,15,7,0,0,1,0,0,0,0,0,0,3.806239,0,0,1
37,20,9,0,0,0,0,1,0,0,0,0,4.013111,0,0,1
37,29,0,0,1,3,0,1,0,0,0,0,4.1317697,0,0,1
31,22,1,0,0,0,0,1,0,0,0,0,3.9535656,0,0,1
76,25,1,41,25,1,2,1,0,0,0,0,4.782137,0,0,1
44,20,16,0,4,0,0,1,0,0,0,0,4.3996773,0,0,1
31,22,1,0,0,3,0,0,0,0,0,0,3.977917,0,0,1
37,22,7,0,0,3,0,0,0,0,0,0,4.0263605,0,0,1
29,20,1,0,0,2,0,0,0,0,0,0,4.0212684,0,0,1
35,20,7,0,0,2,0,0,0,0,0,0,4.0687284,0,0,1
25,17,1,0,0,1,0,0,0,0,0,0,3.9434652,0,0,1
36,27,1,0,0,2,0,1,0,0,0,0,4.0860486,0,0,1
31,12,11,0,0,2,0,0,0,0,0,0,4.1958165,0,0,1
24,13,3,0,0,0,0,0,0,0,0,0,3.8239348,0,0,1
32,23,1,0,0,1,0,0,0,0,0,0,4.093139,0,0,1
38,23,7,0,0,1,0,0,0,0,0,0,4.0959687,0,0,1
31,22,1,0,0,1,0,0,0,0,0,0,3.9937305,0,0,1
37,22,7,0,0,1,0,0,0,0,0,0,4.03961,0,0,1
23,14,1,0,0,1,0,0,0,0,0,0,3.7294462,0,0,1
29,14,7,0,0,1,0,0,0,0,0,0,3.7848978,0,0,1
38,29,1,0,0,3,0,1,0,0,0,0,4.000978,0,0,1
44,35,1,0,0,2,0,1,0,0,0,0,4.237285,0,1,1
42,33,1,0,0,3,0,1,0,0,0,0,4.177566,0,1,1
39,30,1,0,0,3,0,1,0,0,0,0,3.974648,0,0,1
40,31,1,0,0,4,0,1,0,0,0,0,3.9561982,0,0,1
39,30,1,0,0,2,0,1,0,0,0,0,4.1629806,0,1,1
41,32,1,0,0,3,0,1,0,0,0,0,4.092325,0,0,1
40,31,1,0,0,3,0,1,0,0,0,0,4.0373263,0,0,1
40,31,1,0,0,2,0,1,0,0,0,0,4.1464396,0,0,1
42,33,1,0,0,6,0,1,0,0,0,0,3.9604373,0,1,1
35,26,1,0,0,2,0,1,0,0,0,0,4.057575,0,0,1
45,36,1,0,0,2,0,1,0,0,0,0,3.9499848,0,0,1
49,40,1,0,0,4,0,1,0,0,0,0,4.214114,0,1,1
46,37,1,0,0,4,0,1,0,0,0,0,4.1705437,0,1,1
48,39,1,0,1,3,0,1,0,0,0,0,4.4468546,0,1,1
46,37,1,0,0,3,0,1,0,0,0,0,4.3438954,0,1,1
52,43,1,0,0,5,0,1,0,0,0,0,3.9164367,0,1,1
33,24,1,0,0,1,0,1,0,0,0,0,3.9195633,0,0,1
34,25,1,0,0,1,0,1,0,0,0,0,3.939829,0,0,1
32,23,1,0,0,1,0,1,0,0,0,0,4.0153193,0,0,1
42,33,1,0,0,2,0,1,0,0,0,0,4.19554,0,0,1
44,35,1,0,0,4,0,1,0,0,0,0,4.0726237,0,0,1
34,25,1,0,0,2,0,1,0,0,0,0,3.822182,0,0,1
48,39,1,0,0,5,0,1,0,0,0,0,3.998734,0,0,1
33,24,1,0,0,0,0,1,0,0,0,0,3.8818326,0,0,1
35,26,1,0,0,2,0,1,0,0,0,0,3.861725,0,0,1
40,31,1,0,0,3,0,1,0,0,0,0,4.2464395,0,1,1
34,25,1,0,0,1,0,1,0,0,0,0,4.1162996,0,0,1
33,24,1,0,0,1,0,1,0,0,0,0,4.104408,0,1,1
52,43,1,0,0,4,0,1,0,0,0,0,4.102486,0,0,1
48,39,1,0,0,4,0,1,0,0,0,0,4.1709146,0,0,1
46,37,1,0,0,3,0,1,0,0,0,0,4.321731,0,0,1
40,31,1,0,0,3,0,1,0,0,0,0,4.0659575,0,0,1
37,28,1,0,0,2,0,1,0,0,0,0,4.0671654,0,1,1
34,25,1,0,0,2,0,1,0,0,0,0,3.9620316,0,0,1
37,28,1,0,0,1,0,1,0,0,0,0,4.064466,0,0,1
40,31,1,0,0,7,0,1,0,0,0,0,3.8428967,0,0,1
42,33,1,0,0,7,0,1,0,0,0,0,3.8884778,0,0,1
46,37,1,0,0,4,0,1,0,0,0,0,4.083026,0,0,1
38,29,1,0,0,1,0,1,0,0,0,0,3.9015787,0,0,1
32,23,1,0,0,2,0,1,0,0,0,0,4.22641,0,1,1
41,32,1,0,0,3,0,1,0,0,0,0,4.1619534,0,0,1
40,31,1,0,0,3,0,1,0,0,0,0,4.0061984,0,0,1
252,66,178,0,37,1,0,1,0,0,0,0,5.7831745,0,0,1
35,13,14,0,0,0,0,1,0,0,0,0,3.957296,0,0,1
29,12,9,0,4,0,0,0,0,0,0,0,4.0993605,0,0,1
28,12,8,0,4,0,0,0,0,0,0,0,4.1375375,0,0,1
226,52,19,146,22,2,1,1,0,0,0,0,5.686901,0,0,1
40,10,22,0,0,1,0,0,0,0,0,0,4.162815,0,0,1
67,22,37,0,0,2,0,1,0,0,0,0,4.170036,0,1,1
31,22,1,0,3,1,0,1,0,0,0,0,4.3248487,0,1,1
62,7,47,0,1,2,0,0,0,0,0,0,4.681715,0,0,1
28,19,1,0,0,2,0,0,0,0,0,0,3.824863,0,0,1
49,21,20,0,0,0,0,0,0,0,0,0,3.9263618,0,0,1
34,19,7,0,0,2,0,0,0,0,0,0,3.8810055,0,0,1
66,57,1,0,14,2,0,2,0,0,0,0,4.9816823,0,0,1
37,28,1,0,3,0,0,2,0,0,0,0,4.3914895,0,0,1
28,19,1,0,0,0,0,1,0,0,0,0,3.8962915,0,0,1
55,46,1,0,6,0,0,1,0,0,0,0,4.949097,0,0,1
43,7,30,0,1,0,0,0,0,0,1,0,4.4433656,0,0,1
20,6,6,0,0,0,0,0,0,0,0,0,3.8841836,0,0,1
40,31,1,0,6,2,0,1,0,0,0,0,4.2653117,0,0,1
62,43,11,0,25,1,0,1,0,0,0,0,4.6553364,0,0,1
62,43,11,0,18,1,0,1,0,0,0,0,4.708093,0,0,1
23,4,11,0,1,0,0,0,0,0,0,0,3.9690015,1,0,1
23,4,11,0,2,0,0,0,0,0,0,0,3.882045,1,0,1
23,4,11,0,3,0,0,0,0,0,0,0,4.023137,1,0,1
23,4,11,0,1,0,0,0,0,0,0,0,3.9361804,1,0,1
52,17,27,0,4,0,0,0,0,0,0,0,4.503042,0,0,1
84,15,61,0,11,0,0,1,0,0,0,0,4.976416,0,0,1
79,15,56,0,11,0,0,1,0,0,0,0,4.9899774,0,0,1
84,15,61,0,9,0,0,1,0,0,0,0,5.1064453,0,0,1
84,15,61,0,12,0,0,1,0,0,0,0,5.0779886,0,0,1
84,15,61,0,9,0,0,1,0,0,0,0,5.1778736,0,0,1
84,15,61,0,6,1,0,1,0,0,0,0,5.3145876,0,0,1
84,15,61,0,7,1,0,1,0,0,0,0,5.2786403,0,0,1
84,15,61,0,9,1,0,1,0,0,0,0,5.0974584,0,0,1
84,15,61,0,7,1,0,1,0,0,0,0,5.1853642,0,0,1
84,15,61,0,6,1,0,1,0,0,0,0,5.0451922,0,0,1
84,15,61,0,3,2,0,1,0,0,0,0,5.1479206,0,0,1
84,15,61,0,7,1,0,1,0,0,0,0,5.0916224,0,0,1
84,15,61,0,6,1,0,1,0,0,0,0,5.057637,0,0,1
84,15,61,0,9,0,0,1,0,0,0,0,5.207212,0,0,1
84,15,61,0,7,0,0,1,0,0,0,0,5.247806,0,0,1
84,15,61,0,5,1,0,1,0,0,0,0,5.129947,0,0,1
84,15,61,0,5,1,0,1,0,0,0,0,5.0481524,0,0,1
84,15,61,0,10,0,0,1,0,0,0,0,5.114243,0,0,1
84,15,61,0,10,1,0,1,0,0,0,0,5.1662016,0,0,1
84,15,61,0,6,1,0,1,0,0,0,0,5.2161984,0,0,1
46,7,2,28,2,1,1,1,0,0,0,0,4.3466277,0,0,1
46,7,2,28,2,1,1,1,0,0,0,0,4.2618423,0,0,1
28,11,9,0,2,0,0,0,0,0,0,0,4.182006,1,0,1
28,11,9,0,2,0,0,0,0,0,0,0,4.128085,1,0,1
62,43,11,0,16,1,0,1,0,0,0,0,4.7011223,0,0,1
68,13,8,38,0,0,2,0,0,0,0,0,4.4603276,0,0,1
21,6,7,0,0,1,0,0,0,0,0,0,3.939471,0,0,1
33,23,3,0,0,0,0,1,0,0,0,0,4.006071,0,0,1
23,8,7,0,0,0,0,1,0,0,0,0,4.0559583,0,0,1
34,23,3,0,0,0,0,1,0,0,0,0,4.020855,0,0,1
31,18,5,0,0,0,0,1,0,0,0,0,3.7600174,0,0,1
26,11,7,0,2,1,0,0,0,0,0,0,4.180833,0,0,1
28,11,9,0,4,0,0,0,0,0,0,0,4.324863,1,0,1
20,7,5,0,0,0,0,0,0,0,0,0,3.7841837,0,0,1
20,7,5,0,1,0,0,0,0,0,0,0,3.7841837,0,0,1
20,7,5,0,1,0,0,0,0,0,0,0,3.7841837,0,0,1
20,7,5,0,0,0,0,0,0,0,0,0,3.7841837,0,0,1
20,7,5,0,0,0,0,0,0,0,0,0,3.7841837,0,0,1
124,30,64,3,18,6,1,1,0,0,0,0,4.8214645,0,0,1
118,30,58,3,16,5,1,1,0,0,0,0,4.8331046,0,0,1
124,30,64,3,19,6,1,1,0,0,0,0,4.937702,0,0,1
124,30,64,3,21,6,1,1,0,0,0,0,4.812308,0,0,1
118,30,58,3,16,5,1,1,0,0,0,0,4.802218,0,0,1
118,30,58,3,16,5,1,1,0,0,0,0,4.9022975,0,0,1
32,24,1,0,0,0,0,1,0,0,0,0,3.9139097,0,0,1
557,17,9,522,89,18,1,1,0,0,0,0,5.902856,0,0,1
76,25,1,41,22,1,2,1,0,0,0,0,4.8071384,0,0,1
26,17,1,0,0,0,0,2,0,0,0,0,3.6283512,0,0,1
36,27,1,0,0,2,0,1,0,0,0,0,4.1552215,0,0,1
25,17,0,0,3,0,0,1,0,0,0,0,3.9736607,0,0,1
43,14,20,0,0,0,0,0,0,0,0,0,4.089429,0,1,1
108,21,79,0,10,0,0,1,0,0,0,0,5.054463,0,0,1
76,25,1,41,25,1,2,1,0,0,0,0,4.8809495,0,0,1
75,24,1,41,20,1,2,1,0,0,0,0,4.806883,0,0,1
39,32,0,0,11,1,0,1,0,0,0,0,4.336183,0,0,1
47,40,0,0,11,1,0,1,0,0,0,0,4.4348187,0,0,1
31,23,0,0,8,1,0,1,0,0,0,0,4.413716,0,0,1
52,45,0,0,4,2,0,1,0,0,0,0,4.441133,0,0,1
31,22,1,0,0,0,0,0,0,0,0,0,3.9535656,0,0,1
41,32,1,0,0,0,0,0,0,0,0,0,3.8674645,0,0,1
24,15,1,0,0,0,0,0,0,0,0,0,3.8553886,0,0,1
80,14,22,35,2,0,2,1,0,1,0,0,4.3973737,0,0,1
82,19,24,30,0,0,2,1,0,1,0,0,4.3020434,0,0,1
81,19,23,30,0,0,2,1,0,1,0,0,4.3035283,0,0,1
232,12,5,207,178,0,1,0,0,0,0,0,3.974373,0,0,1
131,15,108,0,10,2,0,1,0,0,0,0,5.5726743,0,0,1
324,86,127,134,23,1,7,1,0,1,1,0,5.563349,0,0,1
41,27,6,0,0,1,0,1,0,0,0,0,3.9753315,0,0,1
51,21,22,0,2,0,0,2,0,0,0,0,4.497599,0,0,1
42,33,1,0,7,0,0,1,0,0,0,0,4.528873,0,0,1
34,25,1,0,2,0,0,1,0,0,0,0,3.8665872,0,0,1
33,24,1,0,0,1,0,1,0,0,0,0,4.165014,0,0,1
39,30,1,0,0,1,0,1,0,0,0,0,4.047847,0,0,1
45,36,1,0,0,0,0,1,0,0,0,0,4.277871,0,0,1
43,34,1,0,0,0,0,1,0,0,0,0,4.0253615,0,0,1
35,26,1,0,0,0,0,1,0,0,0,0,4.2074356,0,1,1
32,23,1,0,0,1,0,1,0,0,0,0,4.1167293,0,0,1
40,31,1,0,9,1,0,1,0,0,0,0,4.5653114,0,0,1
20,6,6,0,1,0,0,0,0,0,0,0,3.408695,0,0,1
26,15,3,0,0,0,0,1,0,0,0,0,3.7192945,0,0,1
36,21,7,0,0,1,0,0,0,0,0,0,4.1625733,0,0,1
38,29,1,0,0,2,0,0,0,0,0,0,4.043337,0,0,1
41,32,1,0,12,2,0,1,0,0,0,0,4.485005,0,0,1
30,21,1,0,0,0,0,1,0,0,0,0,4.006239,0,0,1
38,29,1,0,0,2,0,1,0,0,0,0,4.1754303,0,1,1
35,26,1,0,0,3,0,1,0,0,0,0,4.1858673,0,0,1
26,17,1,0,0,0,0,0,0,0,0,0,3.8731406,0,0,1
25,16,1,0,0,1,0,0,0,0,0,0,4.053661,0,0,1
31,16,7,0,0,1,0,0,0,0,0,0,4.0180817,0,0,1
33,13,12,0,0,0,0,0,0,0,0,0,4.165014,0,0,1
32,12,12,0,0,0,0,0,0,0,0,0,3.8903196,0,0,1
29,12,9,0,0,0,0,0,0,0,0,0,3.857307,0,0,1
25,12,5,0,0,0,0,0,0,0,0,0,3.5932696,0,0,1
32,16,8,0,0,1,0,0,0,0,0,0,3.8400183,0,0,1
24,17,0,0,3,1,0,0,0,0,0,0,4.1368423,0,0,1
24,17,0,0,3,1,0,0,0,0,0,0,4.1368423,0,0,1
24,17,0,0,3,1,0,0,0,0,0,0,4.0535088,0,0,1
24,17,0,0,3,1,0,0,0,0,0,0,4.0535088,0,0,1
22,14,0,0,0,0,0,0,0,0,0,0,3.879664,0,0,1
187,23,1,154,17,2,1,1,0,0,0,0,5.8290887,0,0,1
21,13,1,0,0,0,0,0,0,0,0,0,3.4273336,0,0,1
37,28,1,0,0,2,0,1,0,0,0,0,3.9386547,0,0,1
131,15,108,0,20,2,0,1,0,0,0,0,5.518471,0,0,1
37,28,1,0,0,2,0,0,0,0,0,0,4.0263605,0,0,1
52,16,28,0,21,0,0,1,0,0,0,0,4.250746,0,0,1
37,18,11,0,0,0,0,1,0,0,0,0,4.0225306,0,0,1
35,27,1,0,0,2,0,0,0,0,0,0,4.1362863,0,0,1
156,27,27,110,0,5,5,0,0,0,1,0,4.673125,0,0,1
176,31,27,120,0,5,5,1,0,0,1,0,4.7147565,0,0,1
24,17,0,0,3,1,0,0,0,0,0,0,4.1368423,0,0,1
24,17,0,0,3,1,0,0,0,0,0,0,4.0535088,0,0,1
37,16,13,0,0,0,0,1,0,0,0,0,3.9288025,0,0,1
43,15,20,0,15,0,0,1,0,0,0,0,4.2397637,0,0,1
43,15,20,0,15,0,0,1,0,0,0,0,4.2397637,0,0,1
63,23,1,30,6,1,1,1,0,0,0,0,4.8140383,0,0,1
67,23,37,0,1,1,0,1,0,0,0,0,4.3783665,0,0,1
68,23,38,0,1,1,0,1,0,0,0,0,4.363652,0,0,1
64,21,36,0,4,0,0,0,0,0,0,0,4.881503,0,0,1
63,19,22,0,17,0,0,1,0,0,0,0,4.6974516,0,1,1
47,12,27,0,4,0,0,1,0,0,0,0,4.338392,0,0,1
130,15,58,48,12,3,3,1,0,0,0,0,5.1414695,0,0,1
193,19,28,137,21,4,5,1,0,0,0,0,4.8749957,0,0,1
29,20,1,0,0,2,0,0,0,0,0,0,3.857307,0,0,1
35,20,7,0,0,2,0,0,0,0,0,0,3.9113061,0,0,1
24,17,0,0,3,1,0,0,0,0,0,0,4.1368423,0,0,1
37,28,1,0,0,3,0,1,0,0,0,0,4.0777154,0,1,1
33,24,1,0,0,2,0,1,0,0,0,0,3.9683404,0,0,1
39,30,1,0,3,3,0,1,0,0,0,0,4.0991287,0,0,1
35,26,1,0,0,2,0,1,0,0,0,0,3.9432895,0,0,1
38,29,1,0,0,4,0,1,0,0,0,0,4.010571,0,0,1
31,22,1,0,0,1,0,1,0,0,0,0,3.7843685,0,0,1
40,31,1,0,0,2,0,1,0,0,0,0,4.0398226,0,1,1
48,39,1,0,0,4,0,1,0,0,0,0,4.0607696,0,0,1
33,24,1,0,0,3,0,1,0,0,0,0,4.006071,0,1,1
43,15,20,0,3,0,0,0,0,0,0,0,4.1909294,0,0,1
33,14,11,0,3,0,0,0,0,0,0,0,4.0259204,0,0,1
48,23,17,0,0,0,0,1,0,0,0,0,4.16332,0,0,1
49,23,18,0,0,0,0,1,0,0,0,0,4.1484146,0,0,1
92,22,42,19,11,2,1,1,0,0,0,0,4.621563,0,0,1
68,15,45,0,0,2,0,1,0,0,0,0,4.235899,0,0,1
61,26,27,0,0,0,0,3,0,0,0,0,4.465848,0,0,1
120,20,92,0,0,5,0,1,0,0,0,0,3.7881057,0,0,1
42,21,13,0,0,0,0,2,0,0,0,0,4.129947,0,0,1
39,20,11,0,0,1,0,0,0,0,0,0,4.118485,0,0,1
62,53,1,0,9,2,0,2,0,0,0,0,4.876874,0,0,1
39,30,1,0,5,0,0,2,0,0,0,0,4.419391,0,0,1
28,13,7,0,2,0,0,0,0,0,0,0,4.2089663,0,0,1
1100,21,38,1032,142,16,4,0,0,0,0,0,6.007628,0,1,1
21,7,6,0,1,0,0,0,0,0,0,0,3.7489948,0,0,1
21,7,6,0,1,0,0,0,0,0,0,0,3.6537566,0,0,1
21,7,6,0,1,0,0,0,0,0,0,0,3.88018,0,0,1
84,15,61,0,11,0,0,1,0,0,0,0,5.1946583,0,0,1
84,15,61,0,9,1,0,1,0,0,0,0,5.104949,0,0,1
84,15,61,0,13,2,0,1,0,0,0,0,5.116621,0,0,1
84,15,61,0,8,0,0,1,0,0,0,0,5.286438,0,0,1
84,15,61,0,9,0,0,1,0,0,0,0,5.2150097,0,0,1
84,15,61,0,12,2,0,1,0,0,0,0,5.0881643,0,0,1
84,15,61,0,13,0,0,1,0,0,0,0,5.116621,0,0,1
84,15,61,0,5,0,0,1,0,0,0,0,5.179836,0,0,1
84,15,61,0,6,1,0,1,0,0,0,0,5.1244187,0,0,1
84,15,61,0,6,0,0,1,0,0,0,0,5.0510283,0,0,1
84,15,61,0,6,1,0,1,0,0,0,0,5.2239966,0,0,1
84,15,61,0,7,0,0,1,0,0,0,0,5.21067,0,0,1
84,15,61,0,16,1,0,1,0,0,0,0,5.011207,0,0,1
84,15,61,0,10,0,0,1,0,0,0,0,5.248995,0,0,1
23,4,11,0,3,0,0,0,0,0,0,0,3.9690015,1,0,1
23,4,11,0,2,0,0,0,0,0,0,0,4.023137,1,0,1
23,4,11,0,0,0,0,0,0,0,0,0,4.023137,1,0,1
23,4,11,0,0,0,0,0,0,0,0,0,4.023137,1,0,1
23,4,11,0,4,0,0,0,0,0,0,0,4.1100936,1,0,1
44,21,15,0,0,0,0,2,0,0,0,1,4.0805445,0,0,1
23,4,11,0,3,0,0,0,0,0,0,0,4.023137,1,0,1
22,11,3,0,0,0,0,0,0,0,0,0,3.6635327,0,0,1
23,4,11,0,1,0,0,0,0,0,0,0,3.8492239,1,0,1
46,11,27,0,0,1,0,0,0,0,0,0,4.069348,0,1,1
23,4,11,0,2,0,0,0,0,0,0,0,4.023137,1,0,1
46,11,27,0,0,1,0,0,0,0,0,0,4.04228,0,1,1
23,4,11,0,1,0,0,0,0,0,0,0,3.9361804,1,0,1
23,4,11,0,0,0,0,0,0,0,0,0,4.023137,1,0,1
23,4,11,0,3,0,0,0,0,0,0,0,3.9361804,1,0,1
23,4,11,0,1,0,0,0,0,0,0,0,4.023137,1,0,1
23,4,11,0,2,0,0,0,0,0,0,0,3.9690015,1,0,1
23,4,11,0,3,0,0,0,0,0,0,0,3.9361804,1,0,1
23,4,11,0,1,0,0,0,0,0,0,0,3.882045,1,0,1
23,4,11,0,3,0,0,0,0,0,0,0,4.023137,1,0,1
38,14,16,0,7,0,0,1,0,0,0,0,4.378992,0,0,1
23,4,11,0,1,0,0,0,0,0,0,0,4.023137,1,0,1
28,6,14,0,0,0,0,0,0,0,0,0,4.039149,0,0,1
76,15,9,43,0,0,2,0,0,0,0,0,4.4569654,0,0,1
20,7,5,0,1,0,0,0,0,0,0,0,3.6464393,0,0,1
57,16,33,0,0,0,0,1,0,0,0,0,4.1881776,0,0,1
25,12,5,0,0,0,0,0,0,0,0,0,3.9434652,0,0,1
28,11,9,0,2,0,0,0,0,0,0,0,4.253434,1,0,1
30,22,1,0,0,1,0,1,0,0,0,0,3.9898982,0,0,1
33,24,1,0,0,1,0,1,0,0,0,0,3.9801693,0,0,1
34,26,1,0,0,1,0,1,0,0,0,0,4.1973257,0,0,1
28,20,1,0,2,1,0,1,0,0,0,0,3.824863,0,0,1
70,61,1,0,18,4,0,1,0,0,0,0,4.7136602,0,0,1
21,12,1,0,0,0,0,0,0,0,0,0,3.7489948,0,0,1
50,19,24,0,9,0,0,0,0,0,0,0,4.5965657,0,0,1
32,23,1,0,0,2,0,1,0,0,0,0,4.0542293,0,0,1
31,12,11,0,2,0,0,1,0,0,0,0,3.8087196,0,0,1
38,29,1,0,0,1,0,1,0,0,0,0,4.1356997,0,0,1
30,21,1,0,0,0,0,0,0,0,0,0,3.6980686,0,0,1
29,21,1,0,0,0,0,0,0,0,0,0,3.6074753,0,0,1
27,9,10,0,0,0,0,0,0,0,0,0,3.8380399,0,0,1
29,11,10,0,0,0,0,0,0,0,0,0,4.1422954,0,0,1
38,31,0,0,0,2,0,1,0,0,0,0,4.0234714,0,0,1
40,31,1,0,0,3,0,1,0,0,0,0,4.0551524,0,0,1
31,24,0,0,0,1,0,1,0,0,0,0,4.0667844,0,0,1
37,28,1,0,3,1,0,1,0,0,0,0,4.2833815,0,0,1
24,17,0,0,1,0,0,1,0,0,0,0,4.168296,0,0,1
30,21,1,0,4,0,0,1,0,0,0,0,4.281728,0,0,1
38,29,1,0,3,2,0,1,0,0,0,0,4.1986036,0,0,1
51,42,1,0,5,0,0,1,0,0,0,0,4.3755827,0,0,1
28,19,1,0,0,1,0,0,0,0,0,0,4.0121884,0,0,1
37,19,10,0,0,1,0,0,0,0,0,0,4.154871,0,0,1
33,15,8,0,0,0,0,0,0,0,0,0,4.2077384,0,0,1
33,12,13,0,0,0,0,0,0,0,0,0,3.72289,0,0,1
133,15,61,48,16,4,3,1,0,0,0,0,5.4845524,0,0,1
133,15,61,48,16,4,3,1,0,0,0,0,5.248582,0,0,1
144,15,72,48,19,5,3,1,0,0,0,0,5.2179937,0,0,1
133,15,61,48,20,4,3,1,0,0,0,0,5.533351,0,0,1
118,15,46,48,21,1,3,1,0,0,0,0,5.1838403,0,0,1
120,15,48,48,14,1,3,1,0,0,0,0,5.0638514,0,0,1
148,15,76,48,10,6,3,1,0,0,0,0,5.0921445,0,0,1
120,15,48,48,18,1,3,1,0,0,0,0,5.1767817,0,0,1
133,15,61,48,20,4,3,1,0,0,0,0,5.2865167,0,0,1
120,28,12,71,35,1,5,2,0,0,0,0,4.953068,0,0,1
103,28,12,54,25,1,3,2,0,0,0,0,4.920351,0,0,1
112,28,8,67,35,1,4,2,0,0,0,0,4.9572334,0,0,1
355,24,9,313,68,4,8,1,0,0,0,0,5.203808,0,0,1
103,28,12,54,27,1,3,2,0,0,0,0,4.9503255,0,0,1
106,28,15,54,28,1,3,2,0,0,0,0,4.9882636,0,0,1
30,21,1,0,0,1,0,1,0,0,0,0,4.0729055,0,0,1
38,29,1,0,2,0,0,1,0,0,0,0,4.4316235,0,0,1
37,28,1,0,1,0,0,1,0,0,0,0,4.371087,0,0,1
37,28,1,0,2,0,0,1,0,0,0,0,4.411892,0,0,1
38,29,1,0,2,0,0,1,0,0,0,0,4.4316235,0,0,1
38,29,1,0,1,0,0,1,0,0,0,0,4.3591266,0,0,1
38,29,1,0,4,0,0,1,0,0,0,0,4.4316235,0,0,1
42,33,1,0,7,0,0,1,0,0,0,0,4.528873,0,0,1
27,18,1,0,3,0,0,1,0,0,0,0,4.134336,0,0,1
58,49,1,0,4,0,0,1,0,0,0,0,4.317322,0,0,1
40,31,1,0,3,1,0,1,0,0,0,0,4.1750703,0,0,1
40,31,1,0,2,1,0,1,0,0,0,0,4.234184,0,0,1
48,39,1,0,0,0,0,1,0,0,0,0,4.0820675,0,0,1
30,21,1,0,0,0,0,1,0,0,0,0,3.9898982,0,0,1
58,49,1,0,0,0,0,1,0,0,0,0,4.4203243,0,0,1
32,23,1,0,0,1,0,1,0,0,0,0,4.0275183,0,0,1
26,17,1,0,0,0,0,1,0,0,0,0,3.8731406,0,0,1
56,47,1,0,0,0,0,1,0,0,0,0,4.168987,0,0,1
35,26,1,0,0,0,0,1,0,0,0,0,4.114718,0,0,1
91,26,57,0,9,1,0,0,0,0,0,0,4.7267933,0,0,1
24,13,3,0,0,1,0,1,0,0,0,0,3.688722,0,0,1
62,18,22,0,18,0,0,1,0,0,0,0,4.7225103,0,1,1
30,21,1,0,6,1,0,1,0,0,0,0,4.189898,0,0,1
28,16,4,0,0,0,0,1,0,0,0,0,3.6784391,0,0,1
32,23,1,0,0,0,0,0,0,0,0,0,3.816428,0,0,1
36,10,18,0,5,0,0,0,0,0,0,0,4.437577,0,0,1
36,10,18,0,4,0,0,0,0,0,0,0,4.4029903,0,0,1
36,10,18,0,7,0,0,0,0,0,0,0,4.3054967,0,0,1
36,10,18,0,5,0,0,0,0,0,0,0,4.458546,0,0,1
28,19,1,0,0,2,0,0,0,0,0,0,3.8962915,0,0,1
34,19,7,0,0,2,0,0,0,0,0,0,3.939829,0,0,1
34,25,1,0,0,1,0,1,0,0,0,0,4.1162996,0,0,1
41,32,1,0,0,1,0,1,0,0,0,0,4.1322145,0,0,1
37,17,12,0,1,0,0,0,0,0,0,0,3.9386547,0,0,1
35,27,0,0,2,1,0,1,0,0,0,0,4.100712,0,0,1
43,35,0,0,7,0,0,1,0,0,0,0,4.4348884,0,0,1
22,15,0,0,2,0,0,0,0,0,0,0,3.9139771,0,0,1
34,25,1,0,0,2,0,0,0,0,0,0,4.1162996,0,0,1
40,25,7,0,0,2,0,0,0,0,0,0,4.208695,0,0,1
40,16,16,0,15,0,0,1,0,0,0,0,4.2153115,0,0,1
75,24,1,41,20,1,2,1,0,0,0,0,4.8035674,0,0,1
42,14,20,0,15,0,0,1,0,0,0,0,4.3024497,0,0,1
42,14,20,0,15,0,0,1,0,0,0,0,4.3320956,0,0,1
39,30,1,0,0,1,0,1,0,0,0,0,4.067203,0,0,1
36,27,1,0,0,2,0,0,0,0,0,0,4.0650797,0,0,1
42,27,7,0,0,2,0,0,0,0,0,0,4.058053,0,0,1
34,26,0,0,1,2,0,1,0,0,0,0,4.138502,0,0,1
30,22,0,0,0,0,0,1,0,0,0,0,3.8980684,0,0,1
28,20,0,0,1,1,0,1,0,0,0,0,3.9946804,0,0,1
38,29,1,0,0,3,0,0,0,0,0,0,4.05361,0,0,1
44,29,7,0,0,3,0,0,0,0,0,0,4.092637,0,0,1
33,24,1,0,0,3,0,0,0,0,0,0,4.0815325,0,0,1
39,24,7,0,0,3,0,0,0,0,0,0,4.1949067,0,0,1
41,32,1,0,6,2,0,1,0,0,0,0,4.375487,0,0,1
25,18,0,0,0,0,0,0,0,0,0,0,3.7336607,0,0,1
26,17,1,0,0,1,0,0,0,0,0,0,3.9500637,0,0,1
48,20,18,0,0,0,0,2,0,0,0,0,4.128376,0,0,1
62,17,37,0,4,0,0,0,0,0,0,0,4.7261486,0,1,1
29,12,9,0,3,0,0,0,0,0,0,0,4.047299,0,0,1
28,11,9,0,1,0,0,0,0,0,0,0,4.182006,0,0,1
48,12,1,26,3,1,1,0,0,0,0,0,4.8451757,0,0,1
45,20,17,0,0,0,0,2,0,0,0,0,4.1423187,0,0,1
131,15,108,0,11,2,0,1,0,0,0,0,5.533717,0,0,1
36,29,0,0,7,1,0,1,0,0,0,0,4.120635,0,0,1
63,17,38,0,1,0,0,1,0,0,0,0,4.202872,0,0,1
25,17,1,0,0,0,0,0,0,0,0,0,3.8030741,0,0,1
50,33,9,0,1,1,0,3,0,0,0,0,4.36637,0,0,1
56,10,38,0,3,0,0,0,0,0,0,0,4.479417,0,1,1
53,8,37,0,1,0,0,0,0,0,0,0,4.371012,0,1,1
108,7,64,28,48,4,2,0,0,0,0,0,4.848735,0,0,1
47,20,19,0,0,1,0,1,0,0,0,0,4.10833,0,1,1
110,14,64,23,52,4,2,0,0,0,0,0,4.817312,0,0,1
42,35,0,0,6,1,0,1,0,0,0,0,4.3773365,0,0,1
131,15,108,0,13,3,0,1,0,0,0,0,5.58358,0,0,1
24,13,3,0,0,1,0,1,0,0,0,0,3.688722,0,0,1
131,15,108,0,22,2,0,1,0,0,0,0,5.6211348,0,0,1
36,10,18,0,6,0,0,0,0,0,0,0,4.2499413,0,0,1
30,21,1,0,0,1,0,0,0,0,0,0,4.0314016,0,0,1
39,21,10,0,0,1,0,0,0,0,0,0,4.2336187,0,0,1
34,27,0,0,6,0,0,1,0,0,0,0,4.3005543,0,0,1
20,6,6,0,3,0,0,0,0,0,0,0,3.7841837,0,0,1
20,6,6,0,1,0,0,0,0,0,0,0,3.8841836,0,0,1
30,22,0,0,0,0,0,1,0,0,0,0,3.7898982,0,0,1
32,24,0,0,0,1,0,1,0,0,0,0,3.8903196,0,0,1
36,28,0,0,1,0,0,1,0,0,0,0,4.2181287,0,0,1
81,73,1,0,17,8,0,1,0,0,0,0,4.7040043,0,0,1
44,35,1,0,6,2,0,1,0,0,0,0,4.354223,0,0,1
42,33,1,0,6,2,0,1,0,0,0,0,4.338397,0,0,1
64,57,0,0,14,5,0,1,0,0,0,0,4.5428376,0,0,1
89,25,1,54,35,1,3,1,0,0,0,0,4.873661,0,0,1
79,24,1,51,24,1,2,1,0,0,1,0,4.971396,0,0,1
76,25,1,41,18,1,2,1,0,0,0,0,4.680696,0,0,1
76,25,1,41,24,1,2,1,0,0,0,0,4.791519,0,0,1
75,24,1,41,19,1,2,1,0,0,0,0,4.829247,0,0,1
43,36,0,0,7,1,0,1,0,0,0,0,4.4348884,0,0,1
75,24,1,41,24,1,2,1,0,0,0,0,4.820169,0,0,1
75,24,1,41,25,1,2,1,0,0,0,0,4.744042,0,0,1
75,24,1,41,24,1,2,1,0,0,0,0,4.744816,0,0,1
35,28,0,0,7,1,0,1,0,0,0,0,4.400432,0,0,1
75,24,1,41,21,1,2,1,0,0,0,0,4.868642,0,0,1
75,24,1,41,20,1,2,1,0,0,0,0,4.8716125,0,0,1
75,24,1,41,20,1,2,1,0,0,0,0,4.891435,0,0,1
75,24,1,41,26,1,2,1,0,0,0,0,4.9036975,0,0,1
76,25,1,41,25,1,2,1,0,0,0,0,4.822878,0,0,1
75,24,1,41,21,1,2,1,0,0,0,0,4.906147,0,0,1
76,25,1,41,24,1,2,1,0,0,0,0,4.8145633,0,0,1
75,24,1,41,24,1,2,1,0,0,0,0,4.8569007,0,0,1
88,24,1,54,30,1,3,1,0,0,0,0,4.84847,0,0,1
88,24,1,54,32,1,3,1,0,0,0,0,4.8906236,0,0,1
75,24,1,41,27,1,2,1,0,0,0,0,4.990234,0,0,1
75,24,1,41,26,1,2,1,0,0,0,0,4.921631,0,0,1
89,25,1,54,32,1,3,1,0,0,0,0,4.8630843,0,0,1
88,24,1,54,33,1,3,1,0,0,0,0,4.930507,0,0,1
114,24,1,84,27,1,6,1,0,0,1,0,5.3105936,0,0,1
88,24,1,54,29,1,3,1,0,0,0,0,4.884687,0,0,1
114,24,1,84,31,1,6,1,0,0,1,0,5.2799706,0,0,1
89,25,1,54,25,1,3,1,0,0,0,0,4.862935,0,0,1
115,25,1,84,28,1,6,1,0,0,1,0,5.349583,0,0,1
89,25,1,54,26,1,3,1,0,0,0,0,4.8470626,0,0,1
89,25,1,54,27,1,3,1,0,0,0,0,4.857427,0,0,1
115,25,1,84,29,1,6,1,0,0,1,0,5.3085766,0,0,1
75,24,1,41,20,1,2,1,0,0,0,0,4.8604293,0,0,1
89,25,1,54,30,1,3,1,0,0,0,0,4.8519187,0,0,1
115,25,1,84,26,1,6,1,0,0,1,0,5.3031054,0,0,1
44,37,0,0,7,1,0,1,0,0,0,0,4.2916117,0,0,1
115,25,1,84,32,1,6,1,0,0,1,0,5.226107,0,0,1
37,29,0,0,7,1,0,1,0,0,0,0,4.188523,0,0,1
115,25,1,84,36,1,6,1,0,0,1,0,5.238508,0,0,1
89,25,1,54,31,1,3,1,0,0,0,0,4.8833427,0,0,1
115,25,1,84,30,1,6,1,0,0,1,0,5.3559227,0,0,1
89,25,1,54,34,1,3,1,0,0,0,0,4.7881594,0,0,1
88,24,1,54,30,1,3,1,0,0,0,0,4.934681,0,0,1
89,25,1,54,27,1,3,1,0,0,0,0,4.8328133,0,0,1
22,6,8,0,1,0,0,0,0,0,0,0,3.93626,1,0,1
43,11,24,0,5,1,0,0,0,0,0,0,4.4723215,0,0,1
40,31,1,0,0,2,0,0,0,0,0,0,4.2561984,0,1,1
30,13,10,0,0,0,0,0,0,0,0,0,3.6695766,0,0,1
23,4,11,0,1,0,0,0,0,0,0,0,4.023137,1,0,1
55,31,1,15,1,2,1,1,0,0,0,0,4.578833,0,0,1
65,20,8,28,0,0,2,0,0,1,0,0,4.3031583,0,0,1
37,30,0,0,10,0,0,1,0,0,0,0,4.3578377,0,0,1
19,10,1,0,0,0,0,0,0,0,0,0,3.5368867,0,0,1
30,18,4,0,0,1,0,1,0,0,0,0,3.9068906,0,0,1
28,19,1,0,0,1,0,0,0,0,0,0,3.7979026,0,0,1
45,36,1,0,1,2,0,1,0,0,0,0,4.3077593,0,0,1
43,19,16,0,2,0,0,1,0,0,0,0,4.545467,0,0,1
42,24,10,0,0,1,0,0,0,0,0,0,4.121268,0,1,1
35,26,1,0,0,2,0,1,0,0,0,0,4.085588,0,0,1
31,22,1,0,0,2,0,0,0,0,0,0,3.9937305,0,0,1
37,22,7,0,0,2,0,0,0,0,0,0,3.9927087,0,0,1
46,37,1,0,6,1,0,1,0,0,0,0,4.3630385,0,0,1
35,14,13,0,0,1,0,0,0,0,0,0,4.0931497,0,0,1
36,15,13,0,0,1,0,0,0,0,0,0,4.051462,0,0,1
76,25,1,41,27,1,2,1,0,0,0,0,4.832811,0,0,1
75,24,1,41,20,1,2,1,0,0,0,0,4.8852434,0,0,1
81,27,47,0,30,1,0,1,0,0,0,0,4.915674,0,0,1
45,16,21,0,6,1,0,0,0,0,0,0,4.3835354,0,0,1
48,11,4,0,0,0,1,0,0,1,0,0,4.1811275,0,0,1
43,19,16,0,0,1,0,0,0,0,0,0,4.1116295,0,0,1
68,47,13,0,0,3,0,1,0,0,0,0,4.304251,0,0,1
76,25,1,41,25,1,2,1,0,0,0,0,4.864263,0,0,1
26,17,1,0,0,1,0,0,0,0,0,0,4.132944,0,0,1
35,17,10,0,0,1,0,0,0,0,0,0,4.307715,0,0,1
29,20,1,0,0,1,0,0,0,0,0,0,4.047299,0,0,1
41,22,11,0,0,0,0,0,0,0,0,0,4.210734,0,0,1
262,42,141,78,18,3,5,1,0,1,1,0,5.656386,0,1,1
56,10,38,0,3,0,0,0,0,0,0,0,4.4946804,0,1,1
56,10,38,0,4,0,0,0,0,0,0,0,4.4589663,0,1,1
268,44,104,119,15,3,7,1,0,1,1,0,5.640542,0,0,1
273,48,140,84,17,1,5,1,0,1,1,0,5.598223,0,1,1
284,95,100,112,18,0,7,1,0,1,1,0,5.60184,0,0,1
24,17,0,0,3,1,0,0,0,0,0,0,4.1368423,0,0,1
344,89,157,121,15,3,7,1,0,1,1,0,5.5164146,0,0,1
47,15,20,3,3,0,1,0,0,0,0,0,4.1613135,0,0,1
21,12,1,0,0,0,0,0,0,0,0,0,3.3680425,0,0,1
61,14,39,0,0,1,0,0,0,0,0,0,3.9401934,0,0,1
22,13,1,0,0,1,0,0,0,0,0,0,3.845351,0,0,1
56,15,33,0,0,1,0,1,0,0,0,0,4.3697925,0,0,1
43,23,13,0,0,0,0,1,0,0,0,0,3.940816,0,0,1
60,20,32,0,0,0,0,1,0,0,0,0,4.2705436,0,0,1
43,19,16,0,0,0,0,1,0,0,0,0,3.7918305,0,0,1
37,28,1,0,0,1,0,1,0,0,0,0,3.9155533,0,0,1
35,10,17,0,1,1,0,0,0,0,0,0,3.957296,0,0,1
36,10,18,0,1,1,0,0,0,0,0,0,3.940351,0,0,1
107,4,11,83,4,1,3,0,0,0,0,0,4.7259088,1,0,1
105,7,89,0,6,0,0,0,0,0,0,0,4.680786,0,0,1
83,74,1,0,9,0,0,2,0,0,0,0,4.829522,0,0,1
68,59,1,0,29,0,0,2,0,0,0,0,4.5566254,0,1,1
23,4,11,0,3,0,0,0,0,0,0,0,4.1100936,1,0,1
43,21,14,0,0,0,0,2,0,0,0,1,4.1116295,0,0,1
23,4,11,0,1,0,0,0,0,0,0,0,3.9361804,1,0,1
42,21,13,0,0,0,0,2,0,0,0,0,4.1392417,0,0,1
23,4,11,0,3,0,0,0,0,0,0,0,3.9361804,1,0,1
43,21,14,0,0,0,0,2,0,0,0,1,4.1116295,0,0,1
23,4,11,0,4,0,0,0,0,0,0,0,3.9361804,1,0,1
23,4,11,0,2,0,0,0,0,0,0,0,4.1100936,1,0,1
23,4,11,0,1,0,0,0,0,0,0,0,4.023137,1,0,1
23,4,11,0,3,0,0,0,0,0,0,0,4.1100936,1,0,1
23,4,11,0,0,0,0,0,0,0,0,0,3.8164027,1,0,1
217,21,31,156,22,4,2,2,0,0,0,0,5.669939,0,0,1
23,4,11,0,1,0,0,0,0,0,0,0,4.023137,1,0,1
217,21,31,156,16,4,2,2,0,0,0,0,5.6765656,0,0,1
30,21,1,0,0,0,0,2,0,0,0,0,3.8729055,0,0,1
62,43,11,0,18,1,0,1,0,0,0,0,4.6959176,0,0,1
62,43,11,0,22,1,0,1,0,0,0,0,4.6679287,0,0,1
62,43,11,0,20,1,0,1,0,0,0,0,4.7340555,0,0,1
65,43,14,0,23,1,0,1,0,0,0,0,4.7370005,0,0,1
190,15,108,58,14,1,4,1,0,0,0,0,5.51814,0,0,1
28,19,1,0,0,0,0,1,0,0,0,0,3.9946804,0,0,1
84,15,61,0,11,1,0,1,0,0,0,0,4.986209,0,0,1
84,15,61,0,11,0,0,1,0,0,0,0,5.0857863,0,0,1
84,15,61,0,5,1,0,1,0,0,0,0,5.067813,0,0,1
84,15,61,0,10,1,0,1,0,0,0,0,5.17173,0,0,1
84,15,61,0,10,0,0,1,0,0,0,0,5.17173,0,0,1
84,15,61,0,5,1,0,1,0,0,0,0,5.1705413,0,0,1
84,15,61,0,6,2,0,1,0,0,0,0,5.2239966,0,0,1
84,15,61,0,11,1,0,1,0,0,0,0,5.2004943,0,0,1
84,15,61,0,6,0,0,1,0,0,0,0,5.158404,0,0,1
84,15,61,0,10,1,0,1,0,0,0,0,5.2298326,0,0,1
84,15,61,0,11,1,0,1,0,0,0,0,5.0814466,0,0,1
84,15,61,0,7,0,0,1,0,0,0,0,5.186553,0,0,1
84,15,61,0,6,2,0,1,0,0,0,0,5.298576,0,0,1
84,15,61,0,11,1,0,1,0,0,0,0,5.244655,0,0,1
84,15,61,0,5,3,0,1,0,0,0,0,5.143581,0,0,1
84,15,61,0,8,0,0,1,0,0,0,0,5.1868606,0,0,1
84,15,61,0,4,1,0,1,0,0,0,0,5.263818,0,0,1
84,15,61,0,8,0,0,1,0,0,0,0,5.1537566,0,0,1
84,15,61,0,11,0,0,1,0,0,0,0,5.152568,0,0,1
84,15,61,0,9,0,0,1,0,0,0,0,5.3204236,0,0,1
84,15,61,0,7,1,0,1,0,0,0,0,5.344233,0,0,1
84,15,61,0,9,0,0,1,0,0,0,0,5.1720376,0,0,1
84,15,61,0,11,2,0,1,0,0,0,0,5.2193494,0,0,1
32,16,1,6,0,0,1,0,0,0,0,0,4.2417293,0,1,1
46,7,2,28,1,1,1,1,0,0,0,0,4.38162,0,0,1
46,7,2,28,1,1,1,1,0,0,0,0,4.38162,0,0,1
46,7,2,28,2,1,1,1,0,0,0,0,4.338142,0,0,1
33,11,14,0,0,1,0,0,0,0,0,0,4.1501584,1,0,1
27,6,13,0,0,0,0,0,0,0,0,0,4.3285995,0,0,1
27,6,13,0,0,0,0,0,0,0,0,0,4.282484,0,0,1
63,17,38,0,5,1,0,1,0,0,0,0,4.532271,0,0,1
31,11,12,0,0,0,0,0,0,0,0,0,4.2359815,1,0,1
36,11,17,0,2,0,0,0,0,0,0,0,4.0623055,1,0,1
35,26,1,0,0,1,0,1,0,0,0,0,4.0715814,0,0,1
41,18,15,0,0,0,0,1,0,0,0,0,4.053066,0,0,1
33,24,1,0,2,0,0,1,0,0,0,0,4.2107644,0,0,1
40,31,1,0,0,1,0,1,0,0,0,0,4.296439,0,0,1
29,20,1,0,4,0,0,1,0,0,0,0,3.909368,0,0,1
34,25,1,0,0,1,0,1,0,0,0,0,4.057476,0,0,1
40,31,1,0,3,0,0,1,0,0,0,0,4.4464393,0,0,1
26,17,1,0,3,0,0,1,0,0,0,0,4.10391,0,0,1
34,25,1,0,0,0,0,1,0,0,0,0,3.8768375,0,0,1
35,26,1,0,0,0,0,1,0,0,0,0,4.150293,0,0,1
32,23,1,0,0,0,0,1,0,0,0,0,4.1792293,0,0,1
45,36,1,0,0,0,0,1,0,0,0,0,4.2144322,0,1,1
35,26,1,0,0,0,0,1,0,0,0,0,4.1014495,0,0,1
35,26,1,0,0,3,0,1,0,0,0,0,4.3432894,0,0,1
31,22,1,0,2,0,0,1,0,0,0,0,4.1958165,0,0,1
37,28,1,0,0,2,0,1,0,0,0,0,4.2266283,0,0,1
32,23,1,0,0,0,0,1,0,0,0,0,4.0542293,0,0,1
38,29,1,0,0,0,0,1,0,0,0,0,4.3064947,0,0,1
58,49,1,0,0,0,0,1,0,0,0,0,4.287402,0,1,1
34,25,1,0,0,0,0,1,0,0,0,0,3.9176264,0,0,1
40,31,1,0,0,2,0,1,0,0,0,0,4.3250704,0,0,1
40,31,1,0,3,1,0,1,0,0,0,0,4.1561985,0,0,1
28,19,1,0,0,0,0,1,0,0,0,0,4.0661087,0,0,1
31,22,1,0,0,4,0,1,0,0,0,0,3.977917,0,0,1
47,38,1,0,0,5,0,1,0,0,0,0,4.171744,0,0,1
52,43,1,0,0,5,0,1,0,0,0,0,4.1939263,0,0,1
42,33,1,0,7,0,0,1,0,0,0,0,4.4429293,0,0,1
36,28,0,0,7,1,0,1,0,0,0,0,4.2736845,0,0,1
39,32,0,0,10,1,0,1,0,0,0,0,4.265545,0,0,1
26,10,8,0,1,0,0,0,0,0,0,0,3.9790978,1,0,1
48,40,0,0,10,1,0,1,0,0,0,0,4.5301876,0,0,1
33,15,10,0,0,0,0,0,0,0,0,0,4.187889,0,0,1
36,29,0,0,7,1,0,1,0,0,0,0,4.141604,0,0,1
63,56,0,0,23,1,0,1,0,0,0,0,4.4949927,0,0,1
44,37,0,0,7,1,0,1,0,0,0,0,4.263314,0,0,1
45,38,0,0,7,0,0,1,0,0,0,0,4.483318,0,0,1
33,24,1,0,0,2,0,1,0,0,0,0,3.8212266,0,0,1
88,30,16,33,16,1,2,1,0,0,0,0,5.1452413,0,0,1
22,7,8,0,4,0,0,0,0,0,0,0,3.7544417,0,0,1
36,29,0,0,7,1,0,1,0,0,0,0,4.252715,0,0,1
46,16,22,0,15,0,0,1,0,0,0,0,4.259671,0,0,1
54,9,37,0,1,0,0,0,0,0,0,0,4.52514,0,1,1
56,10,38,0,1,0,0,0,0,0,0,0,4.367548,0,1,1
37,21,8,0,0,0,0,0,0,0,0,0,3.8846006,0,0,1
23,12,3,0,0,1,0,1,0,0,0,0,3.7622674,0,0,1
44,37,0,0,7,1,0,1,0,0,0,0,4.354223,0,0,1
36,21,8,0,0,0,0,0,0,0,0,0,3.8638263,0,0,1
24,15,1,0,0,0,0,0,0,0,0,0,3.7201755,0,0,1
49,16,25,0,18,0,0,1,0,0,0,0,4.3699403,0,0,1
88,23,32,0,0,1,1,0,0,1,0,0,4.3065004,0,0,1
51,21,22,0,3,0,0,2,0,0,0,0,4.593611,0,0,1
47,40,0,0,15,1,0,1,0,0,0,0,4.479497,0,0,1
55,48,0,0,15,1,0,1,0,0,0,0,4.4971924,0,0,1
42,35,0,0,6,1,0,1,0,0,0,0,4.3297176,0,0,1
43,36,0,0,7,1,0,1,0,0,0,0,4.4348884,0,0,1
36,29,0,0,7,1,0,1,0,0,0,0,4.19716,0,0,1
44,37,0,0,7,1,0,1,0,0,0,0,4.3087683,0,0,1
36,10,18,0,5,0,0,0,0,0,0,0,4.4931326,0,0,1
43,36,0,0,7,1,0,1,0,0,0,0,4.4348884,0,0,1
52,19,25,0,0,0,0,1,0,0,0,0,4.507824,0,1,1
41,33,1,0,4,1,0,1,0,0,0,0,4.2994037,0,0,1
173,19,20,125,26,2,5,1,0,0,0,0,4.941208,0,0,1
36,10,18,0,4,0,0,0,0,0,0,0,4.548688,0,0,1
39,32,0,0,10,1,0,1,0,0,0,0,4.438747,0,0,1
36,10,18,0,8,0,0,0,0,0,0,0,4.4721637,0,0,1
36,10,18,0,9,0,0,0,0,0,0,0,4.284528,0,0,1
36,10,18,0,6,0,0,0,0,0,0,0,4.437577,0,0,1
36,27,1,0,0,1,0,1,0,0,0,0,3.9830067,0,0,1
36,10,18,0,5,0,0,0,0,0,0,0,4.437577,0,0,1
36,10,18,0,7,0,0,0,0,0,0,0,4.3610525,0,0,1
36,10,18,0,5,0,0,0,0,0,0,0,4.437577,0,0,1
42,35,0,0,5,1,0,1,0,0,0,0,4.252453,0,0,1
99,15,76,0,11,1,0,1,0,0,0,0,5.334601,0,0,1
76,25,1,41,26,1,2,1,0,0,0,0,4.9072657,0,0,1
76,25,1,41,25,1,2,1,0,0,0,0,4.924199,0,0,1
76,25,1,41,24,1,2,1,0,0,0,0,4.8578124,0,0,1
76,25,1,41,22,1,2,1,0,0,0,0,4.93031,0,0,1
76,25,1,41,27,1,2,1,0,0,0,0,4.861084,0,0,1
33,18,7,0,0,1,0,0,0,0,0,0,3.7407713,0,0,1
46,28,10,0,0,3,0,0,0,0,0,0,4.3545523,0,0,1
38,30,0,0,0,1,0,1,0,0,0,0,3.9880774,0,0,1
24,7,9,0,0,0,0,0,0,0,0,0,3.8553886,0,0,1
53,16,29,0,16,0,0,1,0,0,0,0,4.1970634,0,0,1
31,22,1,0,0,2,0,0,0,0,0,0,4.042433,0,0,1
37,22,7,0,0,2,0,0,0,0,0,0,4.121219,0,0,1
30,21,1,0,0,2,0,0,0,0,0,0,4.0314016,0,0,1
36,21,7,0,0,2,0,0,0,0,0,0,4.0623055,0,0,1
35,26,1,0,0,2,0,0,0,0,0,0,4.0715814,0,0,1
41,26,7,0,0,2,0,0,0,0,0,0,4.094761,0,0,1
32,23,1,0,0,2,0,0,0,0,0,0,4.030639,0,0,1
38,23,7,0,0,2,0,0,0,0,0,0,4.1287346,0,0,1
18,9,1,0,0,0,0,0,0,0,0,0,3.4193819,0,0,1
23,14,1,0,0,1,0,0,0,0,0,0,3.7294462,0,0,1
28,14,6,0,0,1,0,0,0,0,0,0,3.842371,0,0,1
33,17,8,0,0,0,0,0,0,0,0,0,4.1501584,0,0,1
25,16,1,0,0,1,0,0,0,0,0,0,3.7834651,0,0,1
25,16,1,0,0,0,0,0,0,0,0,0,3.6128788,0,0,1
23,14,1,0,2,0,0,1,0,0,0,0,3.522712,0,0,1
36,18,10,0,0,1,0,0,0,0,0,0,4.2045116,0,0,1
26,17,1,0,0,2,0,0,0,0,0,0,3.9500637,0,0,1
32,17,7,0,0,2,0,0,0,0,0,0,3.9764097,0,0,1
42,14,20,0,15,0,0,1,0,0,0,0,4.4632807,0,0,1
185,19,24,133,21,0,5,1,0,0,0,0,4.704961,0,0,1
38,29,1,0,0,2,0,0,0,0,0,0,4.1356997,0,0,1
42,14,20,0,15,0,0,1,0,0,0,0,4.4336348,0,0,1
76,25,1,41,28,1,2,1,0,0,0,0,4.877678,0,0,1
27,18,1,0,3,1,0,1,0,0,0,0,4.0784187,0,0,1
37,28,1,0,0,1,0,1,0,0,0,0,4.1185203,0,0,1
68,20,11,28,14,0,2,1,0,0,0,0,5.1973257,0,0,1
30,21,1,0,0,2,0,1,0,0,0,0,3.7395723,0,0,1
35,20,7,0,0,2,0,0,0,0,0,0,3.9357276,0,0,1
339,18,16,334,43,4,2,0,0,0,1,0,5.8267226,0,0,1
351,17,16,347,39,4,4,1,0,0,1,0,5.8316402,0,0,1
343,22,16,334,43,4,2,1,0,0,1,0,5.8318357,0,0,1
345,25,9,344,38,6,2,1,0,0,1,0,5.8000584,0,0,1
366,15,10,370,49,4,9,1,0,0,1,0,5.847487,0,0,1
350,15,10,354,44,4,6,0,0,0,1,0,5.879293,0,0,1
362,11,10,370,49,4,9,0,0,0,1,0,5.8418307,0,0,1
24,17,0,0,3,1,0,0,0,0,0,0,4.1368423,0,0,1
28,11,9,0,0,0,0,0,0,0,0,0,3.9946804,0,0,1
37,28,1,0,0,2,0,0,0,0,0,0,4.1344686,0,0,1
55,9,38,0,1,0,0,0,0,0,0,0,4.3720913,0,1,1
27,18,1,0,0,0,0,0,0,0,0,0,4.0784187,0,0,1
39,24,7,0,0,1,0,0,0,0,0,0,4.1629806,0,0,1
39,23,8,0,0,0,0,0,0,0,0,0,4.1629806,0,0,1
26,9,9,0,0,0,0,0,0,0,0,0,4.10391,0,0,1
33,13,12,0,0,0,0,0,0,0,0,0,4.0895524,0,0,1
26,11,7,0,0,0,0,0,0,0,0,0,3.9021747,0,0,1
31,22,1,0,1,0,0,1,0,0,0,0,4.0582466,0,0,1
41,33,0,0,1,4,0,1,0,0,0,0,4.22671,0,0,1
131,15,108,0,16,2,0,1,0,0,0,0,5.535172,0,0,1
52,22,22,0,7,1,0,1,0,0,0,0,4.5250664,0,0,1
21,10,3,0,0,0,0,0,0,0,0,0,3.784942,0,0,1
50,43,0,0,18,1,0,1,0,0,0,0,4.4030743,0,0,1
55,9,38,0,1,0,0,0,0,0,0,0,4.342825,0,1,1
56,10,38,0,1,0,0,0,0,0,0,0,4.338343,0,1,1
166,14,145,0,21,0,0,0,0,0,0,0,5.463277,0,0,1
33,26,0,0,5,1,0,1,0,0,0,0,4.2107644,0,0,1
118,15,46,48,15,1,3,1,0,0,0,0,5.3559294,0,1,1
58,14,8,28,0,0,2,0,0,1,0,0,4.345074,0,0,1
58,51,0,0,18,1,0,1,0,0,0,0,4.441792,0,0,1
37,30,0,0,7,1,0,1,0,0,0,0,4.409193,0,0,1
128,25,13,81,12,0,7,1,0,0,0,0,5.0855894,0,0,1
27,18,1,0,0,0,0,0,0,0,0,0,3.8561964,0,0,1
34,18,8,0,0,0,0,0,0,0,0,0,3.7999794,0,0,1
38,22,8,0,0,0,0,1,0,0,0,0,3.9182084,0,0,1
59,51,0,0,18,1,0,1,0,0,0,0,4.503252,0,0,1
51,43,0,0,18,1,0,1,0,0,0,0,4.470774,0,0,1
52,20,24,0,0,0,0,1,0,0,0,0,4.0726476,0,1,1
43,23,12,0,0,1,0,1,0,0,0,0,3.977877,0,0,1
48,41,0,0,11,1,0,1,0,0,0,0,4.488521,0,0,1
175,15,108,43,18,3,3,1,0,0,0,0,5.5849237,0,0,1
47,40,0,0,9,1,0,1,0,0,0,0,4.5116196,0,0,1
23,7,8,0,4,0,0,0,0,0,0,0,3.8492239,0,0,1
61,54,0,0,21,1,0,1,0,0,0,0,4.596572,0,0,1
53,46,0,0,21,1,0,1,0,0,0,0,4.5716147,0,0,1
47,40,0,0,15,1,0,1,0,0,0,0,4.5806646,0,0,1
55,48,0,0,15,1,0,1,0,0,0,0,4.5836453,0,0,1
32,17,7,0,0,1,0,1,0,0,0,0,4.2417293,0,0,1
101,36,12,44,29,2,1,2,0,0,0,0,4.8414073,0,0,1
27,12,7,0,1,0,0,0,0,0,0,0,3.986188,0,0,1
27,15,4,0,0,1,0,1,0,0,0,0,3.9302704,0,0,1
28,17,3,0,0,0,0,1,0,0,0,0,4.039149,0,0,1
133,15,61,48,25,2,3,1,0,0,0,0,5.142059,0,0,1
76,25,1,41,29,1,2,1,0,0,0,0,4.899197,0,0,1
44,20,16,0,4,0,0,1,0,0,0,0,4.618078,0,0,1
37,28,1,0,7,1,0,1,0,0,0,0,4.3914895,0,0,1
30,19,3,0,0,1,0,1,0,0,0,0,4.0314016,0,0,1
35,20,7,0,0,2,0,0,0,0,0,0,3.957296,0,0,1
133,15,61,48,15,4,3,1,0,0,0,0,5.213755,0,0,1
27,7,12,0,4,0,0,0,0,0,0,0,4.106377,0,0,1
32,21,3,0,0,1,0,1,0,0,0,0,4.2417293,0,0,1
32,22,2,0,4,0,0,1,0,0,0,1,3.9886086,0,0,1
45,37,0,0,7,1,0,1,0,0,0,0,4.30554,0,0,1
42,18,16,0,3,0,0,1,0,0,0,0,4.5585184,0,0,1
37,29,0,0,7,1,0,1,0,0,0,0,4.188523,0,0,1
276,15,4,249,228,0,1,0,0,0,0,0,3.8046913,0,0,1
38,20,10,0,0,2,0,0,0,0,0,0,4.155565,0,1,1
51,15,28,0,0,0,0,0,0,0,0,0,4.1891165,0,0,1
131,15,108,0,14,3,0,1,0,0,0,0,5.491977,0,0,1
27,12,7,0,2,0,0,0,0,0,0,0,3.912114,0,0,1
95,18,34,34,7,2,1,1,0,0,0,0,4.994194,0,0,1
26,10,8,0,0,0,1,0,0,1,0,0,3.8402655,0,0,1
25,7,10,0,0,0,0,0,0,0,0,0,3.8332696,0,0,1
36,29,0,0,7,1,0,1,0,0,0,0,4.252715,0,0,1
27,19,1,0,6,0,0,1,0,0,0,0,4.134336,0,0,1
26,17,1,0,0,1,0,0,0,0,0,0,3.9979527,0,0,1
35,17,10,0,0,1,0,0,0,0,0,0,4.300153,0,0,1
73,21,44,0,0,0,0,0,0,0,0,0,4.2519474,0,0,1
44,35,1,0,6,2,0,1,0,0,0,0,4.401947,0,0,1
133,15,61,48,17,4,3,1,0,0,0,0,5.2091446,0,0,1
133,15,61,48,16,4,3,1,0,0,0,0,5.246571,0,0,1
47,12,27,0,3,1,0,1,0,0,0,0,4.669277,0,0,1
47,12,27,0,1,0,0,1,0,0,0,0,4.466942,0,0,1
76,25,1,41,22,1,2,1,0,0,0,0,4.94321,0,0,1
129,15,57,48,24,4,3,1,0,0,0,0,5.4498835,0,0,1
76,25,1,41,24,1,2,1,0,0,0,0,4.957939,0,0,1
76,25,1,41,19,1,2,1,0,0,0,0,4.8578124,0,0,1
76,25,1,41,24,1,2,1,0,0,0,0,4.920377,0,0,1
38,30,0,0,1,2,0,1,0,0,0,0,4.050302,0,0,1
28,10,10,0,0,0,0,0,0,0,0,0,3.7534344,0,0,1
21,13,0,0,0,0,0,1,0,0,0,0,3.4273336,0,0,1
23,14,1,0,0,1,0,0,0,0,0,0,3.882045,0,0,1
33,25,0,0,0,1,0,1,0,0,0,0,4.006071,0,0,1
22,13,1,0,0,1,0,0,0,0,0,0,3.845351,0,0,1
31,22,1,0,0,1,0,0,0,0,0,0,3.8488846,0,0,1
33,17,8,0,0,0,0,0,0,0,0,0,3.9306097,0,0,1
34,19,7,0,0,1,0,0,0,0,0,0,3.8443844,0,0,1
33,8,17,0,0,0,0,0,0,0,0,0,3.9831955,0,0,1
37,15,14,0,0,0,0,0,0,0,0,0,4.0236616,0,1,1
36,27,1,0,1,0,0,0,0,0,0,0,4.46132,0,0,1
22,13,1,0,0,0,0,0,0,0,0,0,3.7544417,0,0,1
29,13,8,0,0,0,0,0,0,0,0,0,3.7102494,0,0,1
85,25,19,0,3,2,0,1,0,0,0,0,5.00157,0,0,1
41,34,0,0,13,1,0,1,0,0,0,0,4.424268,0,0,1
34,27,0,0,6,1,0,1,0,0,0,0,4.278352,0,0,1
24,10,6,0,0,0,0,0,0,0,0,0,3.9701755,0,0,1
25,10,7,0,0,0,0,0,0,0,0,0,3.9238563,0,0,1
29,20,1,0,0,2,0,0,0,0,0,0,3.9353986,0,0,1
35,20,7,0,0,2,0,0,0,0,0,0,3.9432895,0,0,1
55,33,14,0,0,0,0,0,0,0,0,0,4.061299,0,0,1
40,31,1,0,0,0,0,0,0,0,0,0,3.9537017,0,0,1
45,31,6,0,0,0,0,0,0,0,0,0,4.0534296,0,1,1
40,31,1,0,0,0,0,0,0,0,0,0,3.9939427,0,0,1
47,31,1,6,0,0,1,0,0,0,0,0,4.1048236,0,0,1
45,31,6,0,0,0,0,0,0,0,0,0,4.0891995,0,1,1
28,19,1,0,0,0,0,1,0,0,0,0,4.2089663,0,0,1
28,19,1,0,0,0,0,1,0,0,0,0,3.9946804,0,0,1
29,20,1,0,0,1,0,1,0,0,0,0,4.090234,0,0,1
40,31,1,0,3,1,0,1,0,0,0,0,4.2037015,0,0,1
40,31,1,0,4,1,0,1,0,0,0,0,4.262815,0,0,1
34,25,1,0,0,0,0,1,0,0,0,0,4.138502,0,0,1
59,50,1,0,3,0,0,1,0,0,0,0,4.228409,0,0,1
42,33,1,0,5,0,0,1,0,0,0,0,4.3563704,0,0,1
32,23,1,0,6,0,0,1,0,0,0,0,4.1167293,0,0,1
37,28,1,0,3,0,0,1,0,0,0,0,4.2762284,0,0,1
28,19,1,0,0,0,0,1,0,0,0,0,3.8962915,0,0,1
49,13,28,0,0,0,0,0,0,0,0,0,4.0916653,0,0,1
54,17,29,0,0,0,0,0,0,0,0,0,4.231171,0,0,1
51,17,26,0,0,0,0,0,0,0,0,0,4.0982943,0,0,1
58,14,36,0,4,0,0,0,0,0,0,1,4.758422,0,1,1
54,27,19,0,0,1,0,0,0,0,0,0,4.3819437,0,1,1
42,27,7,0,0,0,0,1,0,0,0,0,4.0167356,0,0,1
26,9,9,0,1,0,0,0,0,0,0,0,3.9790978,0,0,1
66,27,31,0,1,1,0,0,0,0,0,0,4.3321257,0,1,1
170,27,9,125,82,0,2,1,0,0,0,0,4.626606,0,0,1
44,37,0,0,7,1,0,1,0,0,0,0,4.354223,0,0,1
47,20,19,0,0,1,0,1,0,0,0,0,4.155133,0,1,1
32,24,0,0,0,0,0,1,0,0,0,0,3.9917293,0,0,1
34,26,0,0,0,1,0,1,0,0,0,0,3.8414474,0,0,1
34,26,0,0,0,0,0,1,0,0,0,0,4.032336,0,0,1
28,20,0,0,0,0,0,1,0,0,0,0,3.824863,0,0,1
37,29,0,0,0,0,0,1,0,0,0,0,3.9696074,0,0,1
35,27,0,0,0,0,0,1,0,0,0,0,4.0144386,0,0,1
27,19,0,0,0,0,0,1,0,0,0,0,3.736007,0,0,1
31,23,0,0,0,0,0,1,0,0,0,0,4.0022683,0,0,1
32,24,0,0,0,0,0,1,0,0,0,0,3.9917293,0,0,1
32,13,11,0,0,1,0,0,0,0,0,0,3.8195488,0,0,1
37,28,1,0,1,0,0,0,0,0,0,0,4.445544,0,0,1
55,10,37,0,2,0,0,0,0,0,0,0,4.380713,0,1,1
56,10,38,0,2,0,0,0,0,0,0,0,4.33656,0,1,1
30,21,1,0,0,1,0,0,0,0,0,0,3.9395723,0,0,1
34,18,8,0,0,0,0,0,0,0,0,0,3.9620316,0,0,1
57,19,8,22,0,0,2,0,0,1,0,0,4.1835346,0,0,1
67,17,42,0,19,4,0,1,0,0,0,0,4.575189,0,0,1
68,18,42,0,19,4,0,1,0,0,0,0,4.535613,0,0,1
133,15,61,48,19,4,3,1,0,0,0,0,5.218192,0,0,1
51,21,22,0,1,0,0,2,0,0,0,0,4.618025,0,0,1
95,20,7,59,23,1,3,1,0,0,0,0,4.935388,0,0,1
108,24,27,48,21,7,1,1,0,0,0,0,5.1318283,0,0,1
75,24,1,41,26,1,2,1,0,0,0,0,4.839741,0,0,1
44,35,1,0,0,5,0,1,0,0,0,0,3.9600186,0,0,1
40,31,1,0,0,2,0,1,0,0,0,0,3.8561983,0,0,1
38,29,1,0,0,2,0,1,0,0,0,0,4.0734754,0,0,1
34,25,1,0,0,1,0,1,0,0,0,0,3.9146893,0,1,1
39,30,1,0,0,2,0,1,0,0,0,0,4.067203,0,0,1
39,30,1,0,0,1,0,1,0,0,0,0,4.0991287,0,0,1
39,30,1,0,0,4,0,1,0,0,0,0,4.004013,0,0,1
40,31,1,0,0,5,0,1,0,0,0,0,3.9659574,0,1,1
36,29,0,0,7,1,0,1,0,0,0,0,4.19716,0,0,1
37,28,1,0,0,3,0,1,0,0,0,0,4.013111,0,0,1
38,29,1,0,0,3,0,1,0,0,0,0,4.1684656,0,0,1
35,26,1,0,0,3,0,1,0,0,0,0,4.036007,0,1,1
42,33,1,0,0,3,0,1,0,0,0,0,3.9274178,0,0,1
43,34,1,0,0,2,0,1,0,0,0,0,3.9398427,0,0,1
32,23,1,0,0,1,0,1,0,0,0,0,3.9292293,0,0,1
36,27,1,0,0,2,0,1,0,0,0,0,4.2499413,0,1,1
34,20,6,0,2,0,0,1,0,0,0,0,4.219528,0,0,1
36,18,10,0,0,0,0,0,0,0,0,0,3.8638263,0,0,1
33,24,1,0,0,0,0,0,0,0,0,0,3.8242528,0,0,1
49,23,18,0,4,1,0,1,0,0,0,0,4.558089,0,0,1
31,22,1,0,8,0,0,1,0,0,0,0,4.1471143,0,0,1
54,16,30,0,0,1,0,0,0,0,0,0,4.2772865,0,0,1
38,20,10,0,0,0,0,1,0,0,0,0,4.0208435,0,0,1
33,21,4,0,0,0,0,2,0,0,0,0,4.127283,0,0,1
30,10,12,0,1,1,0,0,0,0,0,0,3.9898982,0,0,1
31,10,13,0,1,1,0,0,0,0,0,0,3.9621031,0,0,1
107,4,11,83,0,1,3,0,0,0,0,0,4.6319084,1,0,1
41,32,1,0,10,1,0,1,0,0,0,0,4.424268,0,0,1
20,6,6,0,0,0,0,0,0,0,0,0,3.8841836,0,0,1
20,6,6,0,2,0,0,0,0,0,0,0,3.8841836,0,0,1
23,4,11,0,1,0,0,0,0,0,0,0,3.9361804,1,0,1
23,4,11,0,2,0,0,0,0,0,0,0,4.023137,1,0,1
23,4,11,0,1,0,0,0,0,0,0,0,3.9361804,1,0,1
32,22,3,0,3,0,0,2,0,0,0,0,3.9917293,0,0,1
25,6,11,0,1,1,0,0,0,0,0,0,3.9434652,0,0,1
28,11,9,0,1,0,0,0,0,0,0,0,4.2264743,1,0,1
124,15,64,36,25,4,1,1,0,0,0,0,5.4103317,0,0,1
21,6,7,0,0,1,0,0,0,0,0,0,3.8442328,0,0,1
23,8,7,0,0,0,0,1,0,0,0,0,3.9690015,0,0,1
38,15,15,0,0,0,0,1,0,0,0,0,3.862949,0,0,1
25,10,7,0,4,0,0,0,0,0,0,0,4.133661,1,0,1
28,11,9,0,2,0,0,0,0,0,0,0,4.056657,1,0,1
62,43,11,0,21,1,0,1,0,0,0,0,4.621884,0,0,1
39,16,15,0,0,0,0,1,0,0,0,0,4.006574,0,0,1
62,43,11,0,18,1,0,1,0,0,0,0,4.6672535,0,0,1
62,43,11,0,25,1,0,1,0,0,0,0,4.5445175,0,0,1
84,15,61,0,11,1,0,1,0,0,0,0,5.1528754,0,0,1
84,15,61,0,6,0,0,1,0,0,0,0,5.1392417,0,0,1
84,15,61,0,8,0,0,1,0,0,0,0,5.2716155,0,0,1
84,15,61,0,5,2,0,1,0,0,0,0,5.2004943,0,0,1
84,15,61,0,8,0,0,1,0,0,0,0,5.3238816,0,0,1
84,15,61,0,6,2,0,1,0,0,0,0,5.2060227,0,0,1
84,15,61,0,8,3,0,1,0,0,0,0,5.14477,0,0,1
84,15,61,0,7,0,0,1,0,0,0,0,5.109098,0,0,1
84,15,61,0,6,0,0,1,0,0,0,0,5.195847,0,0,1
84,15,61,0,8,1,0,1,0,0,0,0,5.219657,0,0,1
84,15,61,0,10,1,0,1,0,0,0,0,5.2193494,0,0,1
84,15,61,0,10,2,0,1,0,0,0,0,5.161862,0,0,1
84,15,61,0,3,0,0,1,0,0,0,0,5.054179,0,0,1
84,15,61,0,9,0,0,1,0,0,0,0,5.1003017,0,0,1
84,15,61,0,4,2,0,1,0,0,0,0,5.1912003,0,0,1
84,15,61,0,5,1,0,1,0,0,0,0,5.0840993,0,0,1
84,15,61,0,5,0,0,1,0,0,0,0,5.0768,0,0,1
84,15,61,0,7,0,0,1,0,0,0,0,5.1662016,0,0,1
84,15,61,0,7,0,0,1,0,0,0,0,5.104949,0,0,1
84,15,61,0,10,1,0,1,0,0,0,0,5.0675054,0,0,1
84,15,61,0,9,1,0,1,0,0,0,0,5.2091737,0,0,1
29,11,10,0,4,0,0,0,0,0,0,0,4.047299,1,0,1
28,11,9,0,0,0,0,0,0,0,0,0,3.7673757,1,0,1
27,11,8,0,3,0,0,0,0,0,0,0,4.226567,1,0,1
33,20,5,0,0,0,0,0,0,0,0,0,4.0030446,0,0,1
39,21,10,0,0,2,0,0,0,0,0,0,4.143625,0,0,1
25,16,1,0,0,1,0,0,0,0,0,0,3.5132697,0,0,1
34,14,12,0,0,1,0,0,0,0,0,0,3.9620316,0,0,1
37,14,15,0,0,1,0,0,0,0,0,0,4.003259,0,0,1
27,18,1,0,0,2,0,0,0,0,0,0,4.134336,0,0,1
33,18,7,0,0,2,0,0,0,0,0,0,4.127283,0,0,1
283,10,4,261,232,1,1,0,0,0,0,0,3.7996223,0,0,1
43,22,13,0,0,1,0,0,0,0,0,0,3.7348914,0,0,1
47,16,23,0,4,0,0,1,0,0,0,0,4.100574,0,0,1
23,8,7,0,1,0,0,0,0,0,0,0,3.7622674,0,0,1
20,6,6,0,3,0,0,0,0,0,0,0,3.8841836,0,0,1
65,38,19,0,0,1,0,1,0,0,0,0,4.3336816,0,0,1
28,11,9,0,4,0,0,0,0,0,0,0,4.3962917,1,0,1
43,34,1,0,6,2,0,1,0,0,0,0,4.3441873,0,0,1
28,19,1,0,0,2,0,0,0,0,0,0,3.94076,0,0,1
34,19,7,0,0,2,0,0,0,0,0,0,4.057476,0,0,1
40,16,16,0,0,0,0,1,0,0,0,0,3.9561982,0,0,1
147,15,75,48,12,7,3,1,0,0,0,0,5.455212,0,0,1
29,11,10,0,0,0,0,0,0,0,0,0,4.0212684,0,0,1
133,15,61,48,20,4,3,1,0,0,0,0,5.178178,0,0,1
133,15,61,48,15,1,3,1,0,0,0,0,5.518119,0,0,1
120,15,48,48,19,1,3,1,0,0,0,0,5.181,0,0,1
133,15,61,48,12,4,3,1,0,0,0,0,5.156031,0,0,1
108,15,48,36,9,1,2,1,0,0,0,0,5.0633664,0,0,1
52,18,26,0,2,4,0,1,0,0,0,0,4.472088,0,0,1
28,19,1,0,0,2,0,0,0,0,0,0,4.110577,0,0,1
34,19,7,0,0,2,0,0,0,0,0,0,4.175123,0,0,1
29,20,1,0,0,2,0,0,0,0,0,0,3.8404026,0,0,1
42,14,20,0,15,0,0,1,0,0,0,0,4.397688,0,0,1
76,25,1,41,20,1,2,1,0,0,0,0,4.8526764,0,0,1
28,19,1,0,0,2,0,0,0,0,0,0,4.0121884,0,0,1
34,19,7,0,0,2,0,0,0,0,0,0,4.0796785,0,0,1
37,16,13,0,0,1,0,0,0,0,0,0,4.0804143,0,0,1
70,17,45,0,6,1,0,1,0,0,0,0,4.5328746,0,0,1
33,24,1,0,0,1,0,0,0,0,0,0,3.9831955,0,0,1
37,28,1,0,0,1,0,1,0,0,0,0,4.0804143,0,0,1
52,10,34,0,3,0,0,0,0,0,0,0,4.132636,0,0,1
41,34,0,0,8,0,0,1,0,0,0,0,4.4058557,0,0,1
42,33,1,0,0,2,0,0,0,0,0,0,4.2368574,0,0,1
48,33,7,0,0,2,0,0,0,0,0,0,4.282268,0,0,1
32,23,1,0,0,1,0,0,0,0,0,0,4.0542293,0,0,1
30,21,1,0,0,2,0,1,0,0,0,0,3.9110806,0,0,1
25,10,7,0,3,0,0,0,0,0,0,0,4.023465,1,0,1
44,37,0,0,7,1,0,1,0,0,0,0,4.4622884,0,0,1
23,14,1,0,0,0,0,0,0,0,0,0,4.0559583,0,1,1
47,19,20,0,1,0,0,1,0,0,0,0,4.2059913,0,0,1
43,20,15,0,0,1,0,1,0,0,0,0,4.173374,0,0,1
44,15,21,0,4,2,0,0,0,0,0,0,4.195576,0,0,1
40,24,8,0,0,1,0,1,0,0,0,0,4.2750707,0,0,1
43,34,1,0,6,2,0,1,0,0,0,0,4.2748747,0,0,1
124,15,64,36,30,4,1,1,0,0,0,0,5.4159517,0,0,1
33,24,1,0,0,0,0,1,0,0,0,0,4.006071,0,0,1
37,28,1,0,0,0,0,1,0,0,0,0,4.046763,0,0,1
87,17,62,0,45,4,0,0,0,0,0,0,4.7525096,0,0,1
175,15,108,43,14,3,3,1,0,0,0,0,5.6291246,0,0,1
20,11,1,0,0,0,0,0,0,0,0,0,3.6841838,0,0,1
124,15,64,36,28,4,1,1,0,0,0,0,5.4164195,0,0,1
87,15,64,0,6,0,0,1,0,0,0,0,5.2112365,0,0,1
37,15,14,0,4,0,0,1,0,0,0,0,4.262979,0,0,1
42,14,20,0,15,0,0,1,0,0,0,0,4.3141217,0,0,1
76,25,1,41,23,1,2,1,0,0,0,0,4.8360825,0,0,1
75,24,1,41,23,1,2,1,0,0,0,0,4.860216,0,0,1
33,24,1,0,0,0,0,1,0,0,0,0,3.957294,0,0,1
30,21,1,0,0,0,0,1,0,0,0,0,3.8817277,0,0,1
35,26,1,0,0,0,0,1,0,0,0,0,3.9316788,0,0,1
29,20,1,0,0,0,0,1,0,0,0,0,3.9262724,0,0,1
36,27,1,0,0,0,0,1,0,0,0,0,4.1625733,0,0,1
36,27,1,0,0,0,0,1,0,0,0,0,4.228972,0,0,1
35,26,1,0,0,0,0,1,0,0,0,0,4.0715814,0,0,1
124,21,1,93,1,0,4,1,0,0,0,0,4.586164,0,1,1
26,17,1,0,0,0,0,1,0,0,0,0,3.9500637,0,0,1
26,17,1,0,0,0,0,1,0,0,0,0,4.10391,0,0,1
33,24,1,0,0,0,0,1,0,0,0,0,4.248495,0,0,1
29,20,1,0,0,0,0,1,0,0,0,0,3.9783335,0,0,1
28,19,1,0,0,0,0,1,0,0,0,0,4.2089663,0,0,1
25,16,1,0,0,0,0,1,0,0,0,0,4.023465,0,0,1
30,21,1,0,0,0,0,1,0,0,0,0,4.0980687,0,0,1
34,25,1,0,0,0,0,1,0,0,0,0,4.017918,0,0,1
28,19,1,0,0,0,0,1,0,0,0,0,3.8962915,0,0,1
29,20,1,0,0,0,0,1,0,0,0,0,3.7974677,0,0,1
49,23,18,0,0,1,0,0,0,0,0,0,4.033405,0,0,1
30,21,1,0,0,0,0,1,0,0,0,0,3.8947396,0,0,1
39,30,1,0,6,2,0,1,0,0,0,0,4.336183,0,0,1
133,15,61,48,15,4,3,1,0,0,0,0,5.5597196,0,0,1
133,15,61,48,11,4,3,1,0,0,0,0,5.162021,0,0,1
133,15,61,48,16,4,3,1,0,0,0,0,5.1830497,0,0,1
74,15,51,0,4,3,0,1,0,0,0,0,4.6695175,0,0,1
129,15,57,48,20,3,3,1,0,0,0,0,5.3732624,0,0,1
75,24,1,41,19,1,2,1,0,0,0,0,4.8022356,0,0,1
76,25,1,41,22,1,2,1,0,0,0,0,4.9566255,0,0,1
75,24,1,41,22,1,2,1,0,0,0,0,4.920299,0,0,1
75,24,1,41,23,1,2,1,0,0,0,0,4.910234,0,0,1
75,24,1,41,28,1,2,1,0,0,0,0,4.834881,0,0,1
75,24,1,41,16,1,2,1,0,0,0,0,4.7701507,0,0,1
76,25,1,41,28,1,2,1,0,0,0,0,4.879332,0,0,1
76,25,1,41,22,1,2,1,0,0,0,0,4.862609,0,0,1
75,24,1,41,27,1,2,1,0,0,0,0,4.775011,0,0,1
75,24,1,41,19,1,2,1,0,0,0,0,4.8800383,0,0,1
75,24,1,41,26,1,2,1,0,0,0,0,4.9482975,0,0,1
75,24,1,41,19,1,2,1,0,0,0,0,4.921631,0,0,1
75,24,1,41,16,1,2,1,0,0,0,0,4.778232,0,0,1
75,24,1,41,22,1,2,1,0,0,0,0,4.7968173,0,0,1
75,24,1,41,25,1,2,1,0,0,0,0,4.9115653,0,0,1
76,25,1,41,25,1,2,1,0,0,0,0,4.868085,0,0,1
76,25,1,41,27,1,2,1,0,0,0,0,4.9039936,0,0,1
76,25,1,41,27,1,2,1,0,0,0,0,4.90913,0,0,1
24,17,0,0,3,1,0,0,0,0,0,0,3.938722,0,0,1
133,23,32,69,22,1,3,1,0,0,0,0,5.3998823,0,0,1
23,8,7,0,1,0,0,0,0,0,0,0,3.7950885,0,0,1
67,27,32,0,0,1,0,1,0,0,0,0,4.099453,0,0,1
21,9,4,0,0,0,0,0,0,0,0,0,3.916127,0,0,1
21,9,4,0,0,0,0,0,0,0,0,0,3.7256508,0,0,1
22,10,4,0,1,0,0,0,0,0,0,0,3.5503407,0,0,1
21,9,4,0,0,0,0,0,0,0,0,0,3.916127,0,0,1
21,9,4,0,0,0,0,0,0,0,0,0,3.5944657,0,0,1
21,9,4,0,0,0,0,0,0,0,0,0,3.4992275,0,0,1
21,9,4,0,0,0,0,0,0,0,0,0,3.916127,0,0,1
121,48,635,0,5,13,0,2,0,0,1,0,5.0798335,0,1,1
83,10,635,0,2,6,0,0,0,0,1,0,4.7117577,0,0,1
93,20,635,0,2,6,0,1,0,0,1,0,4.909458,0,0,1
99,26,635,0,2,6,0,2,0,0,1,0,5.0225697,0,1,1
72,13,51,0,0,0,0,0,0,0,0,0,4.1978393,0,1,1
337,56,155,125,16,4,7,2,0,1,1,0,5.5916386,0,0,1
49,18,23,0,3,1,0,0,0,0,0,0,4.227482,0,1,1
39,30,1,0,0,3,0,1,0,0,0,0,4.0023484,0,0,1
41,32,1,0,0,3,0,1,0,0,0,0,4.073913,0,0,1
39,30,1,0,0,3,0,1,0,0,0,0,4.079773,0,1,1
35,26,1,0,1,3,0,1,0,0,0,0,3.9900172,0,0,1
40,31,1,0,0,3,0,1,0,0,0,0,3.918454,0,0,1
34,25,1,0,0,2,0,1,0,0,0,0,3.8558657,0,0,1
40,31,1,0,0,3,0,1,0,0,0,0,4.0159574,0,0,1
39,30,1,0,0,2,0,1,0,0,0,0,4.0604167,0,1,1
41,32,1,0,0,3,0,1,0,0,0,0,4.0275683,0,0,1
45,36,1,0,0,3,0,1,0,0,0,0,4.1336436,0,0,1
28,19,1,0,0,1,0,1,0,0,0,0,3.726474,0,0,1
37,28,1,0,0,2,0,1,0,0,0,0,4.0369105,0,0,1
37,28,1,0,0,2,0,1,0,0,0,0,4.172574,0,0,1
32,23,1,0,0,2,0,1,0,0,0,0,4.0778193,0,0,1
36,27,1,0,0,0,0,1,0,0,0,0,3.7736843,0,0,1
33,24,1,0,0,0,0,1,0,0,0,0,3.9077342,0,0,1
35,26,1,0,0,3,0,1,0,0,0,0,3.8401568,0,0,1
39,30,1,0,0,3,0,1,0,0,0,0,3.9510663,0,0,1
29,20,1,0,0,1,0,1,0,0,0,0,3.8404026,0,0,1
46,37,1,0,0,1,0,1,0,0,0,0,3.8910928,0,0,1
35,26,1,0,0,2,0,1,0,0,0,0,3.795825,0,0,1
55,46,1,0,0,4,0,1,0,0,0,0,4.2197175,0,0,1
38,29,1,0,1,1,0,1,0,0,0,0,4.076103,0,0,1
62,29,27,0,2,1,0,1,0,0,1,0,4.308146,0,0,1
55,46,1,0,13,2,0,1,0,0,0,0,4.4834676,0,0,1
68,25,14,20,17,3,1,1,0,0,0,0,4.77446,0,1,1
84,15,61,0,12,1,0,1,0,0,0,0,5.2239966,0,0,1
84,15,61,0,11,1,0,1,0,0,0,0,5.198998,0,0,1
84,15,61,0,13,1,0,1,0,0,0,0,5.253642,0,0,1
84,15,61,0,9,0,0,1,0,0,0,0,5.1970363,0,0,1
84,15,61,0,6,2,0,1,0,0,0,0,5.167391,0,0,1
46,7,2,28,2,1,1,1,0,0,0,0,4.38162,0,0,1
46,7,2,28,0,1,1,1,0,0,0,0,4.4250984,0,0,1
71,50,1,11,0,0,1,1,0,0,0,0,4.3375177,0,0,1
89,43,13,24,29,1,1,1,0,0,0,0,4.9323826,0,0,1
62,43,11,0,22,1,0,1,0,0,0,0,4.746231,0,0,1
30,21,1,0,0,0,0,1,0,0,0,0,3.7614064,0,0,1
20,6,6,0,1,1,0,0,0,0,0,0,3.7841837,0,0,1
42,33,1,0,3,2,0,1,0,0,0,0,4.243159,0,0,1
23,4,11,0,1,0,0,0,0,0,0,0,3.882045,1,0,1
51,20,23,0,0,0,0,1,0,0,0,0,4.0734277,0,0,1
23,4,11,0,3,0,0,0,0,0,0,0,3.7950885,1,0,1
25,10,7,0,6,0,0,0,0,0,0,0,4.2136607,1,0,1
28,11,9,0,2,0,0,0,0,0,0,0,4.253434,1,0,1
28,11,9,0,5,0,0,0,0,0,0,0,4.324863,1,0,1
20,7,5,0,0,0,0,0,0,0,0,0,3.6841838,0,0,1
59,18,33,0,0,1,0,0,0,0,0,0,4.02419,0,0,1
28,11,9,0,1,0,0,0,0,0,0,0,4.253434,1,0,1
21,9,4,0,0,0,0,0,0,0,0,0,3.8208888,0,0,1
91,33,16,33,16,1,2,1,0,0,0,0,5.103504,0,0,1
33,18,7,0,1,0,0,0,0,0,0,0,4.0895524,0,0,1
30,21,1,0,0,0,0,1,0,0,0,0,4.0980687,0,0,1
36,29,0,0,7,1,0,1,0,0,0,0,4.19716,0,0,1
44,37,0,0,7,1,0,1,0,0,0,0,4.3087683,0,0,1
76,6,62,0,40,5,0,0,0,0,0,0,4.450515,0,0,1
35,26,1,0,0,1,0,1,0,0,0,0,4.1362863,0,1,1
38,29,1,0,3,1,0,1,0,0,0,0,4.188331,0,0,1
52,43,1,0,3,0,0,1,0,0,0,0,4.368051,0,0,1
53,44,1,0,0,0,0,1,0,0,0,0,4.0055766,0,0,1
35,26,1,0,11,0,0,1,0,0,0,0,4.4220004,0,0,1
36,29,0,0,7,1,0,1,0,0,0,0,4.141604,0,0,1
44,37,0,0,7,1,0,1,0,0,0,0,4.263314,0,0,1
88,18,62,0,35,4,0,0,0,0,0,0,4.7154074,0,0,1
47,12,27,0,2,0,0,1,0,0,0,0,4.6050315,0,0,1
47,12,27,0,2,1,0,1,0,0,0,0,4.7139554,0,0,1
69,26,35,0,16,3,0,1,0,0,0,0,4.7208633,0,0,1
46,26,12,0,0,0,0,1,0,0,0,0,4.214022,0,0,1
52,19,25,0,1,0,0,1,0,0,0,0,4.3327584,0,0,1
54,21,25,0,5,0,0,1,0,0,0,0,4.370241,0,0,1
47,12,27,0,5,0,0,1,0,0,0,0,4.815123,0,0,1
47,12,27,0,6,1,0,1,0,0,0,0,4.596726,0,0,1
47,12,27,0,3,1,0,1,0,0,0,0,4.7383223,0,0,1
42,26,8,0,0,0,0,1,0,0,0,0,4.4336348,0,0,1
51,26,17,0,0,2,0,1,0,0,0,0,4.5099897,0,0,1
65,26,31,0,0,3,0,1,0,0,0,0,4.426235,0,0,1
109,26,61,13,38,4,1,1,0,0,0,0,4.905326,0,0,1
92,26,44,13,22,3,1,1,0,0,0,0,4.964865,0,0,1
45,26,11,0,0,1,0,1,0,0,0,0,4.2859716,0,0,1
43,15,20,0,15,0,0,1,0,0,0,0,4.3441873,0,0,1
42,14,20,0,15,0,0,1,0,0,0,0,4.3141217,0,0,1
43,15,20,0,15,0,0,1,0,0,0,0,4.3152313,0,0,1
42,14,20,0,15,0,0,1,0,0,0,0,4.300072,0,0,1
42,14,20,0,15,0,0,1,0,0,0,0,4.4156613,0,0,1
42,14,20,0,15,0,0,1,0,0,0,0,4.397688,0,0,1
42,14,20,0,15,0,0,1,0,0,0,0,4.3204236,0,0,1
42,14,20,0,15,0,0,1,0,0,0,0,4.386016,0,0,1
26,12,6,0,0,0,0,0,0,0,0,0,3.8252518,0,0,1
27,12,7,0,0,0,0,0,0,0,0,0,3.5319412,0,0,1
76,25,1,41,24,1,2,1,0,0,0,0,4.906962,0,0,1
27,12,7,0,0,0,0,0,0,0,0,0,4.060262,0,0,1
27,12,7,0,0,0,0,0,0,0,0,0,3.912114,0,0,1
27,12,7,0,1,0,0,0,0,0,0,0,3.884155,0,0,1
27,12,7,0,1,0,0,0,0,0,0,0,3.986188,0,0,1
27,12,7,0,1,0,0,0,0,0,0,0,3.986188,0,0,1
76,25,1,41,28,1,2,1,0,0,0,0,4.8578124,0,0,1
76,25,1,41,22,1,2,1,0,0,0,0,4.8658805,0,0,1
76,25,1,41,23,1,2,1,0,0,0,0,4.905097,0,0,1
76,25,1,41,21,1,2,1,0,0,0,0,4.8655767,0,0,1
45,28,9,0,0,0,0,1,0,0,0,0,3.9739916,0,0,1
44,26,10,0,4,2,0,1,0,0,0,0,4.416834,0,0,1
46,22,16,0,7,0,0,1,0,0,0,0,4.368792,0,0,1
39,21,10,0,3,2,0,1,0,0,0,0,4.3429694,0,0,1
39,21,10,0,3,2,0,1,0,0,0,0,4.336183,0,0,1
40,22,10,0,6,2,0,1,0,0,0,0,4.3464394,0,0,1
40,22,10,0,4,2,0,1,0,0,0,0,4.2653117,0,0,1
43,29,6,0,0,0,0,1,0,0,0,0,4.228363,0,0,1
39,21,10,0,3,2,0,1,0,0,0,0,4.265545,0,0,1
46,28,10,0,2,2,0,1,0,0,0,0,4.2818356,0,0,1
76,25,1,41,26,1,2,1,0,0,0,0,4.82636,0,0,1
76,25,1,41,20,1,2,1,0,0,0,0,4.8145633,0,0,1
75,24,1,41,26,1,2,1,0,0,0,0,4.91191,0,0,1
76,25,1,41,23,1,2,1,0,0,0,0,4.919826,0,0,1
76,25,1,41,23,1,2,1,0,0,0,0,4.8129454,0,0,1
76,25,1,41,23,1,2,1,0,0,0,0,4.8404555,0,0,1
76,25,1,41,24,1,2,1,0,0,0,0,4.8465657,0,0,1
75,24,1,41,25,1,2,1,0,0,0,0,4.7847686,0,0,1
35,26,1,0,0,2,0,1,0,0,0,0,4.2074356,0,0,1
33,24,1,0,9,0,0,1,0,0,0,0,4.453189,0,0,1
26,17,1,0,0,1,0,1,0,0,0,0,4.209867,0,0,1
40,31,1,0,2,1,0,1,0,0,0,0,4.2464395,0,0,1
40,31,1,0,0,0,0,1,0,0,0,0,4.1750703,0,0,1
27,18,1,0,1,0,0,1,0,0,0,0,4.134336,0,0,1
64,55,1,0,13,0,0,1,0,0,0,0,4.6007986,0,0,1
46,21,17,0,0,1,0,0,0,0,0,0,4.0814166,0,0,1
58,9,9,31,1,1,1,0,0,0,0,0,4.435507,0,0,1
36,29,0,0,7,1,0,1,0,0,0,0,4.0860486,0,0,1
44,37,0,0,7,1,0,1,0,0,0,0,4.2178593,0,0,1
58,50,0,0,17,1,0,1,0,0,0,0,4.5452404,0,0,1
37,28,1,0,0,2,0,1,0,0,0,0,4.229327,0,0,1
78,69,1,0,25,6,0,2,0,0,0,0,4.735812,0,0,1
51,21,22,0,3,0,0,2,0,0,0,0,4.5099897,0,0,1
51,21,22,0,0,0,0,2,0,0,0,0,4.495188,0,0,1
36,28,0,0,7,1,0,1,0,0,0,0,4.308271,0,0,1
55,10,37,0,1,0,0,0,0,0,0,0,4.4285164,0,1,1
54,9,38,0,1,0,0,0,0,0,0,0,4.4148035,0,1,1
37,17,111,0,2,0,0,1,0,0,1,0,4.594456,0,0,1
37,29,0,0,7,1,0,1,0,0,0,0,4.188523,0,0,1
44,37,0,0,7,1,0,1,0,0,0,0,4.2916117,0,0,1
30,22,0,0,0,0,0,1,0,0,0,0,3.9232314,0,0,1
30,22,0,0,0,0,0,1,0,0,0,0,3.9232314,0,0,1
54,9,38,0,1,0,0,0,0,0,0,0,4.4075747,0,1,1
54,9,37,0,1,0,0,0,0,0,0,0,4.349033,0,1,1
49,42,0,0,17,1,0,1,0,0,0,0,4.511871,0,0,1
27,19,0,0,0,0,0,0,0,0,0,0,4.0043445,0,0,1
44,36,0,0,7,1,0,1,0,0,0,0,4.3996773,0,0,1
34,26,0,0,0,1,0,1,0,0,0,0,4.278352,0,0,1
36,29,0,0,8,1,0,1,0,0,0,0,4.350209,0,0,1
55,48,0,0,19,1,0,1,0,0,0,0,4.694552,0,0,1
44,37,0,0,8,1,0,1,0,0,0,0,4.3996773,0,0,1
56,49,0,0,16,1,0,1,0,0,0,0,4.4167423,0,0,1
131,15,108,0,10,3,0,1,0,0,0,0,5.3916855,0,0,1
41,34,0,0,5,1,0,1,0,0,0,0,4.317816,0,0,1
29,15,6,0,0,1,0,1,0,0,0,0,3.9783335,0,0,1
26,18,0,0,0,0,0,0,0,0,0,0,3.7962177,0,0,1
45,38,0,0,9,1,0,1,0,0,0,0,4.438874,0,0,1
43,16,20,0,0,0,0,1,0,0,0,0,4.158141,0,0,1
131,15,108,0,18,1,0,1,0,0,0,0,5.570797,0,0,1
184,33,151,0,48,8,0,3,0,0,1,0,5.1161323,0,0,1
45,9,28,0,10,0,0,0,0,0,0,0,4.3200965,0,1,1
43,36,0,0,7,1,0,1,0,0,0,0,4.341865,0,0,1
28,19,1,0,0,0,0,0,0,0,0,0,4.083617,0,0,1
35,26,1,0,0,0,0,0,0,0,0,0,4.1858673,0,0,1
36,23,5,0,0,0,0,1,0,0,0,0,3.8191142,0,0,1
32,21,3,0,0,1,0,1,0,0,0,0,4.1792293,0,0,1
39,26,5,0,0,1,0,1,0,0,0,0,4.272331,0,0,1
30,21,1,0,0,0,0,0,0,0,0,0,3.8980684,0,0,1
42,35,0,0,6,1,0,1,0,0,0,0,4.282099,0,0,1
34,27,0,0,5,1,0,1,0,0,0,0,4.138502,0,0,1
31,16,7,0,0,1,0,0,0,0,0,0,3.9937305,0,0,1
39,31,0,0,7,1,0,1,0,0,0,0,4.426177,0,0,1
58,50,0,0,4,4,0,1,0,0,0,0,4.4480767,0,0,1
43,15,20,0,15,0,0,1,0,0,0,0,4.118385,0,0,1
43,15,20,0,15,0,0,1,0,0,0,0,4.332787,0,0,1
43,15,20,0,15,0,0,1,0,0,0,0,4.027684,0,0,1
42,14,20,0,15,0,0,1,0,0,0,0,4.2728043,0,0,1
42,14,20,0,15,0,0,1,0,0,0,0,4.4273334,0,0,1
42,14,20,0,15,0,0,1,0,0,0,0,4.243159,0,0,1
42,14,20,0,15,0,0,1,0,0,0,0,4.3024497,0,0,1
42,14,20,0,15,0,0,1,0,0,0,0,4.445307,0,0,1
54,19,27,0,0,6,0,1,0,0,0,0,4.136664,0,0,1
87,12,9,67,2,0,2,0,0,0,1,0,4.5138683,0,0,1
20,5,7,0,2,0,0,0,0,0,0,0,3.7464395,0,0,1
56,20,8,20,2,0,2,1,0,1,0,0,4.2538958,0,0,1
24,15,1,0,0,1,0,0,0,0,0,0,3.9701755,0,0,1
30,15,7,0,0,1,0,0,0,0,0,0,3.9483943,0,0,1
167,15,108,35,16,3,3,1,0,0,0,0,5.5062423,0,0,1
63,43,12,0,5,1,0,1,0,0,0,0,4.623308,0,0,1
41,33,0,0,1,4,0,1,0,0,0,0,4.2386665,0,0,1
25,16,1,0,0,1,0,0,0,0,0,0,3.6732697,0,0,1
31,16,7,0,0,1,0,0,0,0,0,0,3.7080934,0,0,1
22,15,0,0,2,0,0,0,0,0,0,0,3.6635327,0,0,1
28,19,1,0,0,2,0,0,0,0,0,0,3.8962915,0,0,1
34,19,7,0,0,2,0,0,0,0,0,0,3.939829,0,0,1
63,25,14,15,1,2,2,1,0,1,0,0,4.527149,0,0,1
90,21,12,48,25,6,1,1,0,0,0,0,4.7889824,0,0,1
96,27,12,48,26,6,1,1,0,0,0,0,4.9013906,0,0,1
55,10,38,0,1,0,0,0,0,0,0,0,4.42218,0,1,1
28,17,3,0,0,0,0,1,0,0,0,0,3.842371,0,0,1
53,33,12,0,2,8,0,1,0,0,0,0,4.1131315,0,0,1
32,17,7,0,0,0,0,1,0,0,0,0,3.7386086,0,0,1
25,17,0,0,0,1,0,0,0,0,0,0,3.9736607,0,0,1
41,20,13,0,0,1,0,0,0,0,0,0,4.004285,0,0,1
47,16,23,0,0,0,0,1,0,0,0,0,4.0518403,0,0,1
42,14,20,0,15,0,0,1,0,0,0,0,4.350069,0,0,1
27,12,7,0,1,0,0,0,0,0,0,0,3.884155,0,0,1
27,12,7,0,1,0,0,0,0,0,0,0,4.060262,0,0,1
27,12,7,0,0,0,0,0,0,0,0,0,3.810081,0,0,1
27,12,7,0,1,0,0,0,0,0,0,0,3.986188,0,0,1
27,12,7,0,1,0,0,0,0,0,0,0,3.958229,0,0,1
27,12,7,0,0,0,0,0,0,0,0,0,3.986188,0,0,1
27,12,7,0,0,0,0,0,0,0,0,0,3.884155,0,0,1
38,14,16,0,0,1,0,0,0,0,0,0,4.0562377,0,0,1
28,15,5,0,0,0,0,0,0,0,0,0,3.651479,0,0,1
32,14,10,0,0,0,0,0,0,0,0,0,3.9528196,0,0,1
64,14,23,18,7,1,2,0,0,0,0,0,4.7672834,0,0,1
72,13,35,15,1,1,2,0,0,1,0,0,4.3670573,0,0,1
23,14,1,0,0,1,0,0,0,0,0,0,3.534219,0,1,1
61,9,44,0,0,0,0,0,0,0,0,0,4.1513057,0,0,1
54,21,25,0,1,0,0,1,0,0,0,0,4.7111,0,0,1
57,24,25,0,5,0,0,1,0,0,0,0,4.6708055,0,0,1
65,32,25,0,1,0,0,1,0,0,0,0,4.5477757,0,0,1
52,19,25,0,2,0,0,1,0,0,0,0,4.635361,0,0,1
63,30,25,0,1,0,0,1,0,0,0,0,4.7869034,0,0,1
64,31,25,0,3,0,0,1,0,0,0,0,4.6525183,0,0,1
57,24,25,0,3,0,0,1,0,0,0,0,4.690444,0,0,1
54,21,25,0,3,0,0,1,0,0,0,0,4.609067,0,0,1
75,24,1,41,26,1,2,1,0,0,0,0,4.931696,0,0,1
56,49,0,0,16,1,0,1,0,0,0,0,4.474691,0,0,1
48,41,0,0,16,1,0,1,0,0,0,0,4.448935,0,0,1
31,22,1,0,0,1,0,0,0,0,0,0,3.8890495,0,0,1
37,22,7,0,0,1,0,0,0,0,0,0,3.9386547,0,0,1
30,21,1,0,0,1,0,0,0,0,0,0,3.8444138,0,0,1
36,21,7,0,0,1,0,0,0,0,0,0,3.8746698,0,0,1
27,18,1,0,0,2,0,0,0,0,0,0,4.0323033,0,0,1
33,18,7,0,0,2,0,0,0,0,0,0,4.0289464,0,0,1
55,10,37,0,3,0,0,0,0,0,0,0,4.3647027,0,1,1
30,15,7,0,0,1,0,0,0,0,0,0,3.9232314,0,0,1
36,27,1,0,4,0,0,1,0,0,0,0,4.252715,0,0,1
37,29,0,0,0,1,0,1,0,0,0,0,4.172574,0,0,1
185,21,1,154,13,1,1,1,0,0,0,0,5.7700195,0,0,1
19,10,1,0,0,0,0,1,0,0,0,0,3.6818807,0,0,1
100,40,18,33,5,2,2,1,0,1,0,0,4.7148557,0,0,1
39,30,1,0,0,2,0,1,0,0,0,0,4.02593,0,0,1
39,30,1,0,0,3,0,1,0,0,0,0,3.9165797,0,0,1
39,30,1,0,0,3,0,1,0,0,0,0,4.0410604,0,0,1
38,29,1,0,0,3,0,1,0,0,0,0,4.1684656,0,1,1
35,26,1,0,0,2,0,1,0,0,0,0,4.0931497,0,1,1
41,32,1,0,0,4,0,1,0,0,0,0,4.1411057,0,0,1
35,26,1,0,0,2,0,1,0,0,0,0,3.9328744,0,1,1
29,20,1,0,0,0,0,1,0,0,0,0,4.0212684,0,0,1
70,26,36,0,0,1,0,3,0,0,0,0,4.2545323,0,1,1
27,12,7,0,0,0,0,0,0,0,0,0,3.7639658,0,0,1
140,19,119,5,0,1,1,0,0,0,1,0,4.618762,0,1,1
65,20,37,0,0,1,0,0,0,0,0,0,4.1914487,0,1,1
35,17,12,0,0,0,0,0,0,0,1,0,4.321721,0,0,1
34,17,11,0,0,0,0,0,0,0,1,0,4.3515935,0,0,1
31,10,13,0,1,1,0,0,0,0,0,0,3.950344,0,0,1
32,10,14,0,1,1,0,0,0,0,0,0,3.9261086,0,0,1
107,4,11,83,2,1,3,0,0,0,0,0,4.691567,1,0,1
36,12,16,0,0,1,0,0,0,0,0,0,4.0623055,0,1,1
47,8,31,0,0,3,0,0,0,0,0,0,4.1199946,0,0,1
46,8,30,0,0,3,0,0,0,0,0,0,4.128327,0,0,1
44,35,1,0,0,3,0,1,0,0,0,0,4.2438874,0,0,1
83,74,1,0,4,0,0,2,0,0,0,0,4.6918273,0,0,1
20,6,6,0,1,0,0,0,0,0,0,0,3.7464395,0,0,1
84,15,61,0,5,1,0,1,0,0,0,0,5.257982,0,0,1
84,15,61,0,10,0,0,1,0,0,0,0,5.2611322,0,0,1
84,15,61,0,8,0,0,1,0,0,0,0,5.201376,0,0,1
46,7,2,28,3,1,1,1,0,0,0,0,4.38162,0,0,1
46,7,2,28,2,1,1,1,0,0,0,0,4.38162,0,0,1
106,15,10,72,2,0,2,1,0,0,0,0,4.730536,0,0,1
23,4,11,0,2,0,0,0,0,0,0,0,4.023137,1,0,1
47,38,1,0,6,1,0,3,0,0,0,0,4.3223305,0,0,1
23,4,11,0,0,0,0,0,0,0,0,0,4.023137,1,0,1
24,11,5,0,0,0,0,0,0,0,0,1,3.4549868,0,0,1
23,4,11,0,0,0,0,0,0,0,0,0,3.7950885,1,0,1
64,34,22,0,0,1,0,1,0,0,0,0,4.4232836,0,0,1
101,11,10,72,2,0,2,0,0,0,0,0,4.755368,0,0,1
62,43,11,0,20,1,0,1,0,0,0,0,4.6889467,0,0,1
62,43,11,0,20,1,0,1,0,0,0,0,4.7584066,0,0,1
1110,23,38,1040,142,15,4,0,0,0,0,0,6.0126243,0,0,1
29,22,0,0,5,0,0,0,0,0,0,0,4.0867906,0,0,1
1102,23,38,1032,142,15,4,0,0,0,0,0,6.0058193,0,0,1
20,7,5,0,0,0,0,0,0,0,0,0,3.6464393,0,0,1
20,5,7,0,1,0,0,0,0,0,0,0,3.7841837,0,0,1
28,11,9,0,3,0,0,0,0,0,0,0,4.083617,1,0,1
28,11,9,0,3,0,0,0,0,0,0,0,4.2803946,1,0,1
62,43,11,0,21,1,0,1,0,0,0,0,4.6080976,0,0,1
28,11,9,0,4,0,0,0,0,0,0,0,4.324863,1,0,1
28,11,9,0,4,0,0,0,0,0,0,0,4.324863,1,0,1
28,11,9,0,3,0,0,0,0,0,0,0,4.2803946,1,0,1
32,12,12,0,0,0,0,0,0,0,0,0,4.0542293,0,0,1
31,12,11,0,0,0,0,0,0,0,0,0,4.0825977,0,0,1
42,30,4,0,0,2,0,0,0,0,0,0,4.0323315,0,0,1
30,11,11,0,0,0,0,0,0,0,0,0,4.1232314,0,0,1
38,29,1,0,0,0,0,1,0,0,0,0,4.273729,0,1,1
30,21,1,0,0,0,0,1,0,0,0,0,4.215061,0,0,1
40,31,1,0,1,1,0,1,0,0,0,0,4.1348295,0,0,1
31,22,1,0,0,0,0,1,0,0,0,0,4.2359815,0,0,1
29,20,1,0,0,0,0,1,0,0,0,0,4.1422954,0,0,1
27,18,1,0,0,0,0,1,0,0,0,0,4.1804514,0,0,1
31,22,1,0,0,0,0,1,0,0,0,0,4.0266194,0,0,1
31,22,1,0,1,0,0,1,0,0,0,0,3.950344,0,0,1
27,19,1,0,0,0,0,0,0,0,0,0,4.0043445,0,0,1
133,15,61,48,18,4,3,1,0,0,0,0,5.4793644,0,0,1
133,15,61,48,19,4,3,1,0,0,0,0,5.316592,0,0,1
133,15,61,48,15,4,3,1,0,0,0,0,5.1439815,0,0,1
144,15,72,48,8,5,3,1,0,0,0,0,5.0597115,0,0,1
133,15,61,48,15,4,3,1,0,0,0,0,5.1451674,0,0,1
133,15,61,48,18,4,3,1,0,0,0,0,5.1666317,0,0,1
26,17,1,0,0,0,0,1,0,0,0,0,3.5944824,0,0,1
46,37,1,0,14,0,0,1,0,0,0,0,4.6917214,0,0,1
47,20,19,0,0,0,0,1,0,0,0,0,4.1230097,0,0,1
83,39,36,0,21,2,0,1,0,0,0,0,4.5209394,0,0,1
44,36,1,0,7,1,0,1,0,0,0,0,4.3825207,0,0,1
43,23,12,0,0,0,0,1,0,0,0,0,4.187097,0,0,1
37,29,0,0,0,2,0,1,0,0,0,0,4.046763,0,0,1
26,13,5,0,0,1,0,1,0,0,0,0,4.10391,0,0,1
21,12,1,0,1,0,0,0,0,0,0,0,3.5225716,0,0,1
30,21,1,0,0,2,0,0,0,0,0,0,4.0980687,0,0,1
36,21,7,0,0,2,0,0,0,0,0,0,4.1070175,0,0,1
52,16,1,26,11,0,1,0,0,0,0,0,4.6208444,0,0,1
43,36,0,0,7,1,0,1,0,0,0,0,4.370821,0,0,1
60,15,37,0,25,4,0,1,0,0,0,0,4.7773166,0,0,1
207,25,15,158,14,0,10,1,0,0,0,0,4.752022,0,0,1
21,9,5,0,1,0,0,0,0,0,0,0,3.88018,0,0,1
30,21,1,0,0,2,0,0,0,0,0,0,3.8477428,0,0,1
36,21,7,0,0,2,0,0,0,0,0,0,3.8956387,0,0,1
76,25,1,41,20,1,2,1,0,0,0,0,4.79852,0,0,1
25,16,1,0,0,0,0,2,0,0,0,0,3.563074,0,0,1
32,23,1,0,0,1,0,0,0,0,0,0,3.9917293,0,0,1
41,23,10,0,0,1,0,0,0,0,0,0,4.110737,0,0,1
35,27,0,0,0,0,0,1,0,0,0,0,3.929283,0,0,1
43,15,20,0,15,0,0,1,0,0,0,0,4.1756964,0,0,1
58,36,14,0,4,2,0,1,0,0,0,0,4.407309,0,0,1
26,17,1,0,0,2,0,1,0,0,0,0,3.7192945,0,0,1
31,22,1,0,0,1,0,0,0,0,0,0,3.8890495,0,0,1
37,22,7,0,0,1,0,0,0,0,0,0,3.895151,0,0,1
33,26,0,0,5,1,0,1,0,0,0,0,4.2713704,0,0,1
37,29,0,0,5,1,0,1,0,0,0,0,4.270132,0,0,1
49,42,0,0,7,2,0,1,0,0,0,0,4.3111525,0,0,1
53,31,14,0,2,3,0,1,0,0,0,0,4.3618145,0,0,1
35,26,1,0,0,2,0,1,0,0,0,0,4.0220003,0,0,1
52,17,27,0,8,0,0,1,0,0,0,0,4.6883397,0,1,1
26,17,1,0,0,0,0,0,0,0,0,0,3.9500637,0,1,1
20,11,1,0,0,0,0,1,0,0,0,0,3.7841837,0,0,1
41,29,4,0,3,1,0,1,0,0,0,0,4.2939024,0,0,1
39,27,4,0,1,1,0,1,0,0,0,0,4.3429694,0,0,1
35,27,0,0,1,1,0,1,0,0,0,0,4.2505717,0,0,1
75,26,41,0,2,2,0,1,0,0,0,0,4.3212485,0,0,1
54,13,33,0,0,2,0,0,0,0,0,0,4.1226845,0,0,1
22,10,4,0,0,0,0,0,0,0,0,0,3.732159,0,0,1
20,9,3,0,0,0,0,0,0,0,0,0,3.5464394,0,0,1
66,13,45,0,1,0,0,0,0,0,0,0,4.14816,0,1,1
32,25,0,0,0,0,0,0,0,0,0,0,3.8903196,0,0,1
46,21,17,0,0,0,0,2,0,0,0,0,4.162058,0,0,1
70,24,38,0,0,5,0,0,0,0,0,0,4.2131524,0,0,1
62,16,8,30,0,0,2,0,0,1,0,0,4.271878,0,0,1
183,25,15,134,14,0,10,1,0,0,0,0,4.87689,0,0,1
38,29,1,0,0,1,0,1,0,0,0,0,4.076103,0,0,1
117,45,64,0,11,9,0,1,0,0,0,0,4.5172815,0,0,1
21,9,5,0,1,0,0,0,0,0,0,0,3.88018,0,0,1
55,48,0,0,15,1,0,1,0,0,0,0,4.5335565,0,0,1
42,35,0,0,5,1,0,1,0,0,0,0,4.2344794,0,0,1
34,27,0,0,5,1,0,1,0,0,0,0,4.1162996,0,0,1
47,40,0,0,15,1,0,1,0,0,0,0,4.52205,0,0,1
36,23,5,0,0,1,0,1,0,0,0,0,4.0168757,0,1,1
35,26,1,0,0,0,0,1,0,0,0,0,3.9357276,0,0,1
38,25,5,0,1,0,0,1,0,0,0,0,4.0079427,0,0,1
35,22,5,0,0,1,0,1,0,0,0,0,4.1071563,0,0,1
40,31,1,0,2,1,0,1,0,0,0,0,4.1037016,0,0,1
26,17,1,0,4,0,0,1,0,0,0,0,3.9790978,0,0,1
24,15,1,0,0,0,0,1,0,0,0,0,3.5383203,0,0,1
167,15,108,35,20,3,3,1,0,0,0,0,5.4975905,0,0,1
28,11,9,0,3,0,0,0,0,0,0,0,4.182006,1,0,1
56,11,8,29,0,0,2,0,0,1,0,0,4.1415653,0,0,1
101,16,77,0,30,5,0,1,0,0,0,0,4.6864424,0,0,1
42,35,0,0,7,1,0,1,0,0,0,0,4.264125,0,0,1
25,16,1,0,0,1,0,0,0,0,0,0,3.9132698,0,0,1
31,16,7,0,0,1,0,0,0,0,0,0,3.950344,0,0,1
46,32,6,0,0,1,0,1,0,0,0,0,4.0964155,0,1,1
75,24,1,41,23,1,2,1,0,0,0,0,4.839312,0,0,1
49,42,0,0,5,2,0,1,0,0,0,0,4.408191,0,0,1
68,14,47,0,29,0,0,0,0,0,0,0,4.644623,0,0,1
39,16,15,0,0,0,0,1,0,0,0,0,3.942722,0,0,1
42,14,20,0,15,0,0,1,0,0,0,0,4.243159,0,0,1
27,19,0,0,0,2,0,0,0,0,0,0,3.958229,0,0,1
34,19,7,0,0,2,0,0,0,0,0,0,3.9735126,0,0,1
42,14,20,0,15,0,0,1,0,0,0,0,4.207212,0,0,1
34,25,1,0,4,0,0,1,0,0,0,0,4.0796785,0,0,1
43,15,20,0,15,0,0,1,0,0,0,0,4.1756964,0,0,1
25,18,0,0,0,0,0,1,0,0,0,0,4.003856,0,0,1
43,15,20,0,15,0,0,1,0,0,0,0,4.1756964,0,0,1
42,14,20,0,15,0,0,1,0,0,0,0,4.3141217,0,0,1
33,24,1,0,0,2,0,0,0,0,0,0,3.9225895,0,0,1
39,24,7,0,0,2,0,0,0,0,0,0,3.987218,0,0,1
59,21,30,0,1,0,0,2,0,0,0,0,4.393686,0,0,1
55,33,14,0,0,2,0,1,0,0,0,0,4.2126203,0,0,1
35,26,1,0,3,3,0,1,0,0,0,0,4.2861466,0,0,1
32,10,14,0,1,1,0,0,0,0,0,0,3.9917293,0,0,1
33,10,15,0,1,1,0,0,0,0,0,0,3.9683404,0,0,1
37,10,19,0,0,1,0,0,0,0,0,0,4.064466,0,0,1
36,10,18,0,0,1,0,0,0,0,0,0,4.0832744,0,0,1
27,10,9,0,1,0,0,0,0,0,0,0,3.7043495,0,0,1
28,10,10,0,1,0,0,0,0,0,0,0,3.6784391,0,0,1
107,4,11,83,2,1,3,0,0,0,0,0,4.6679673,1,0,1
32,14,10,0,0,0,0,0,0,0,0,0,3.8042293,0,0,1
41,18,15,0,7,0,0,1,0,0,0,0,4.385008,0,0,1
54,35,11,0,0,1,0,1,0,0,0,0,4.2531543,0,0,1
67,19,40,0,1,2,0,1,0,0,0,0,4.344324,0,0,1
95,22,65,0,3,2,0,1,0,0,0,0,4.35814,0,1,1
84,15,61,0,11,1,0,1,0,0,0,0,5.204834,0,0,1
23,4,11,0,2,0,0,0,0,0,0,0,4.023137,1,0,1
23,4,11,0,1,0,0,0,0,0,0,0,3.7294462,1,0,1
23,4,11,0,0,0,0,0,0,0,0,0,4.023137,1,0,1
36,24,4,0,0,0,0,0,0,0,0,0,3.6524475,0,0,1
23,4,11,0,0,0,0,0,0,0,0,0,3.8164027,1,0,1
23,4,11,0,2,0,0,0,0,0,0,0,3.7622674,1,0,1
32,22,3,0,2,0,0,2,0,0,0,0,3.9292293,0,0,1
33,22,4,0,2,0,0,2,0,0,0,0,3.9077342,0,0,1
62,43,11,0,18,1,0,1,0,0,0,0,4.6510673,0,0,1
62,43,11,0,26,1,0,1,0,0,0,0,4.611319,0,0,1
62,43,11,0,25,1,0,1,0,0,0,0,4.6859837,0,0,1
62,43,11,0,23,1,0,1,0,0,0,0,4.708093,0,0,1
42,33,1,0,0,3,0,1,0,0,0,0,3.9297955,0,1,1
28,11,9,0,2,0,0,0,0,0,0,0,4.0121884,1,0,1
28,11,9,0,3,0,0,0,0,0,0,0,4.253434,1,0,1
20,6,6,0,1,0,0,0,0,0,0,0,3.7841837,0,0,1
29,15,6,0,0,0,0,1,0,0,0,0,4.004364,0,0,1
28,11,9,0,4,0,0,0,0,0,0,0,4.1550455,1,0,1
29,18,4,0,2,3,0,0,0,0,0,0,4.2541957,0,0,1
28,11,9,0,3,0,0,0,0,0,0,0,4.253434,1,0,1
28,11,9,0,3,0,0,0,0,0,0,0,4.039149,1,0,1
28,11,9,0,3,0,0,0,0,0,0,0,4.253434,1,0,1
34,11,15,0,0,0,0,0,0,0,0,0,4.175123,1,0,1
43,16,19,0,0,0,0,1,0,0,0,0,3.943739,0,0,1
43,15,20,0,15,0,0,1,0,0,0,0,4.222208,0,0,1
28,16,4,0,0,0,0,0,0,0,0,0,3.7979026,0,0,1
53,24,1,20,8,0,2,1,0,0,0,0,4.6898155,0,0,1
32,23,1,0,0,3,0,0,0,0,0,0,4.0070486,0,0,1
38,23,7,0,0,3,0,0,0,0,0,0,4.05361,0,0,1
45,37,0,0,7,1,0,1,0,0,0,0,4.324535,0,0,1
31,22,1,0,0,1,0,0,0,0,0,0,3.8488846,0,0,1
37,22,7,0,0,1,0,0,0,0,0,0,3.8641982,0,0,1
45,19,18,0,7,1,0,0,0,0,0,0,4.1168685,0,0,1
23,14,1,0,0,1,0,0,0,0,0,0,3.7950885,0,0,1
29,14,7,0,0,1,0,0,0,0,0,0,3.8143718,0,0,1
34,25,1,0,0,3,0,0,0,0,0,0,4.1529207,0,0,1
40,25,7,0,0,3,0,0,0,0,0,0,4.206198,0,0,1
38,29,1,0,0,3,0,0,0,0,0,0,4.000978,0,0,1
44,29,7,0,0,3,0,0,0,0,0,0,4.036041,0,0,1
27,18,1,0,0,2,0,0,0,0,0,0,3.9302704,0,0,1
33,18,7,0,0,2,0,0,0,0,0,0,4.043802,0,0,1
29,8,13,0,0,0,0,0,0,0,0,0,3.7679935,0,0,1
105,91,9,20,0,2,2,2,0,1,1,0,5.123703,0,0,1
22,10,4,0,0,0,0,0,0,0,0,0,3.4817145,0,0,1
23,8,7,0,0,0,0,0,0,0,0,0,3.8492239,0,0,1
167,15,108,35,14,2,3,1,0,0,0,0,5.6131783,0,0,1
175,15,108,43,14,2,3,1,0,0,0,0,5.6117787,0,0,1
28,11,9,0,4,0,0,0,0,0,0,0,4.021641,0,0,1
43,34,1,0,0,3,0,1,0,0,0,0,4.3792987,0,0,1
40,31,1,0,0,0,0,1,0,0,0,0,4.0250707,0,0,1
45,36,1,0,0,0,0,1,0,0,0,0,4.2800903,0,0,1
35,26,1,0,0,0,0,1,0,0,0,0,4.1718607,0,1,1
39,21,10,0,1,2,0,1,0,0,0,0,4.02593,0,0,1
28,19,1,0,0,0,0,1,0,0,0,0,4.182006,0,0,1
35,26,1,0,4,0,0,1,0,0,0,0,4.2505717,0,0,1
52,43,1,0,0,3,0,1,0,0,0,0,4.324944,0,0,1
34,25,1,0,1,0,0,1,0,0,0,0,4.233947,0,0,1
37,28,1,0,0,0,0,1,0,0,0,0,4.0777154,0,0,1
34,25,1,0,0,1,0,1,0,0,0,0,4.0796785,0,0,1
26,17,1,0,5,0,0,1,0,0,0,0,4.10391,0,0,1
33,26,0,0,5,1,0,1,0,0,0,0,4.2713704,0,0,1
44,37,0,0,7,1,0,1,0,0,0,0,4.246157,0,0,1
61,54,0,0,21,1,0,1,0,0,0,0,4.4406743,0,0,1
53,46,0,0,21,1,0,1,0,0,0,0,4.3921847,0,0,1
131,15,108,0,10,2,0,1,0,0,0,0,5.5659733,0,0,1
37,30,0,0,0,1,0,1,0,0,0,0,4.262979,0,0,1
39,31,0,0,0,2,0,1,0,0,0,0,4.109138,0,0,1
23,4,11,0,3,0,0,0,0,0,0,0,4.023137,1,0,1
54,47,0,0,6,2,0,1,0,0,0,0,4.405001,0,0,1
42,35,0,0,6,1,0,1,0,0,0,0,4.424956,0,0,1
48,41,0,0,6,2,0,1,0,0,0,0,4.2959146,0,0,1
42,35,0,0,7,1,0,1,0,0,0,0,4.3297176,0,0,1
35,20,7,0,0,1,0,0,0,0,0,0,4.1071563,0,0,1
34,27,0,0,7,1,0,1,0,0,0,0,4.219528,0,0,1
36,28,0,0,7,1,0,1,0,0,0,0,4.2736845,0,0,1
167,33,130,0,56,9,0,3,0,0,1,0,5.1261153,0,1,1
31,22,1,0,0,2,0,0,0,0,0,0,4.0825977,0,0,1
37,22,7,0,0,2,0,0,0,0,0,0,4.188523,0,0,1
52,45,0,0,20,1,0,1,0,0,0,0,4.375558,0,0,1
60,53,0,0,20,1,0,1,0,0,0,0,4.423662,0,0,1
42,19,15,0,0,1,0,0,0,0,0,0,3.9011462,0,0,1
27,19,0,0,0,1,0,0,0,0,0,0,3.958229,0,0,1
38,29,1,0,4,1,0,1,0,0,0,0,4.418723,0,0,1
139,27,104,0,43,9,0,2,0,0,0,0,4.7511716,0,0,1
38,29,1,0,1,1,0,1,0,0,0,0,4.3988576,0,0,1
30,22,0,0,0,0,0,2,0,0,0,0,3.615061,0,0,1
34,26,0,0,0,0,0,2,0,0,0,0,3.822182,0,0,1
31,23,0,0,0,0,0,2,0,0,0,0,3.5506551,0,0,1
40,31,1,0,0,1,0,1,0,0,0,0,4.177567,0,0,1
33,24,1,0,0,0,0,1,0,0,0,0,4.043802,0,0,1
52,45,0,0,20,1,0,1,0,0,0,0,4.492863,0,0,1
30,15,7,0,0,0,0,1,0,0,0,0,3.7647352,0,0,1
31,15,8,0,0,0,0,1,0,0,0,0,3.7442036,0,0,1
29,20,1,0,2,0,0,1,0,0,0,0,4.116265,0,0,1
34,25,1,0,0,2,0,0,0,0,0,0,3.9513102,0,0,1
40,25,7,0,0,2,0,0,0,0,0,0,3.9873261,0,0,1
48,33,7,0,0,0,0,4,0,0,0,0,4.019641,0,0,1
26,7,11,0,0,0,0,0,0,0,0,0,4.0269866,0,0,1
33,24,1,0,0,3,0,0,0,0,0,0,4.119263,0,0,1
39,24,7,0,0,3,0,0,0,0,0,0,4.17299,0,0,1
32,23,1,0,0,1,0,0,0,0,0,0,3.816428,0,0,1
38,23,7,0,0,1,0,0,0,0,0,0,3.8828142,0,0,1
42,33,1,0,6,2,0,1,0,0,0,0,4.2704268,0,0,1
22,8,6,0,1,0,0,0,0,0,0,0,3.879664,0,0,1
76,25,1,41,21,1,2,1,0,0,0,0,4.811631,0,0,1
76,25,1,41,26,1,2,1,0,0,0,0,4.8314967,0,0,1
76,25,1,41,24,1,2,1,0,0,0,0,4.9152403,0,0,1
76,25,1,41,18,1,2,1,0,0,0,0,4.721437,0,0,1
76,25,1,41,19,1,2,1,0,0,0,0,4.8301826,0,0,1
76,25,1,41,24,1,2,1,0,0,0,0,4.953143,0,0,1
75,24,1,41,17,1,2,1,0,0,0,0,4.796473,0,0,1
62,14,40,0,4,3,0,1,0,0,0,0,4.3871236,0,0,1
24,15,1,0,0,1,0,0,0,0,0,0,3.8553886,0,0,1
30,15,7,0,0,1,0,0,0,0,0,0,3.9232314,0,0,1
38,31,0,0,7,1,0,1,0,0,0,0,4.451489,0,0,1
36,10,18,0,7,0,0,0,0,0,0,0,4.5696573,0,0,1
36,10,18,0,6,0,0,0,0,0,0,0,4.5696573,0,0,1
31,23,0,0,1,2,0,1,0,0,0,0,4.0392118,0,0,1
36,10,18,0,4,0,0,0,0,0,0,0,4.437577,0,0,1
36,28,0,0,1,2,0,1,0,0,0,0,4.0623055,0,0,1
28,19,1,0,0,2,0,0,0,0,0,0,3.94076,0,0,1
34,19,7,0,0,2,0,0,0,0,0,0,4.0352736,0,0,1
167,15,108,35,20,3,3,1,0,0,0,0,5.570643,0,0,1
153,25,1,120,41,2,4,1,0,0,1,0,4.9310317,0,0,1
76,25,1,41,21,1,2,1,0,0,0,0,4.8025527,0,0,1
54,21,25,0,4,0,0,1,0,0,0,0,4.616296,0,0,1
47,38,1,0,3,2,0,1,0,0,0,0,4.392266,0,1,1
53,20,25,0,4,0,0,1,0,0,0,0,4.6055818,0,0,1
92,13,72,0,10,0,0,0,0,0,0,0,5.2354803,0,0,1
75,24,1,41,28,1,2,1,0,0,0,0,4.855569,0,0,1
26,17,1,0,4,0,0,1,0,0,0,0,3.9500637,0,0,1
91,13,71,0,9,0,0,0,0,0,0,0,5.138911,0,0,1
40,16,16,0,15,0,0,1,0,0,0,0,4.227567,0,0,1
30,23,0,0,0,1,0,0,0,0,0,0,4.0729055,0,0,1
60,26,26,0,1,2,0,0,0,0,0,0,4.3614063,0,0,1
67,28,31,0,0,1,0,0,0,0,0,0,4.3906436,0,1,1
40,25,7,0,0,3,0,1,0,0,0,0,4.1250706,0,0,1
47,38,1,0,0,4,0,1,0,0,0,0,4.208116,0,0,1
41,32,1,0,1,0,0,1,0,0,0,0,4.0619564,0,0,1
38,29,1,0,0,0,0,1,0,0,0,0,4.1684656,0,0,1
33,24,1,0,4,0,0,1,0,0,0,0,4.104408,0,0,1
30,21,1,0,1,0,0,1,0,0,0,0,4.215061,0,0,1
31,22,1,0,0,1,0,1,0,0,0,0,4.2603326,0,0,1
38,29,1,0,0,2,0,1,0,0,0,0,4.115834,0,0,1
36,27,1,0,0,0,0,1,0,0,0,0,4.0168757,0,0,1
40,31,1,0,4,3,0,1,0,0,0,0,4.5275674,0,0,1
43,34,1,0,0,0,0,1,0,0,0,0,4.2953534,0,0,1
33,24,1,0,0,0,0,1,0,0,0,0,4.0895524,0,0,1
46,37,1,0,0,0,0,1,0,0,0,0,4.050766,0,0,1
32,23,1,0,0,0,0,1,0,0,0,0,4.1167293,0,0,1
27,18,1,0,0,1,0,1,0,0,0,0,4.0323033,0,0,1
55,46,1,0,0,4,0,1,0,0,0,0,4.256842,0,0,1
34,25,1,0,0,0,0,1,0,0,0,0,4.175123,0,1,1
30,21,1,0,2,0,0,1,0,0,0,0,4.189898,0,0,1
27,18,1,0,0,0,0,1,0,0,0,0,4.0323033,0,0,1
29,20,1,0,0,0,0,1,0,0,0,0,3.9783335,0,0,1
40,31,1,0,2,1,0,1,0,0,0,0,4.3153114,0,0,1
33,24,1,0,4,0,0,1,0,0,0,0,4.392583,0,0,1
38,29,1,0,1,1,0,1,0,0,0,0,4.2935944,0,0,1
39,32,0,0,6,0,0,1,0,0,0,0,4.387465,0,0,1
35,28,0,0,7,1,0,1,0,0,0,0,4.400432,0,0,1
25,17,1,0,5,0,0,1,0,0,0,0,4.023465,0,0,1
48,41,0,0,6,2,0,1,0,0,0,0,4.2959146,0,0,1
177,13,156,0,76,0,0,1,0,0,0,0,4.697357,0,0,1
502,32,9,452,89,6,9,1,0,0,0,0,5.39033,0,0,1
35,26,1,0,0,0,0,0,0,0,0,0,3.8645785,0,0,1
34,27,0,0,6,0,0,1,0,0,0,0,4.2417307,0,0,1
58,18,8,24,0,0,2,1,0,1,0,0,4.3872876,0,0,1
91,13,71,0,8,0,0,0,0,0,0,0,5.019168,0,0,1
28,19,1,0,0,1,0,1,0,0,0,0,3.9137995,0,0,1
91,13,71,0,8,0,0,0,0,0,0,0,5.019168,0,0,1
27,19,1,0,6,0,0,1,0,0,0,0,4.060262,0,0,1
47,12,27,0,4,0,0,1,0,0,0,0,4.5681095,0,0,1
41,8,25,0,0,0,0,0,0,0,0,0,4.0595207,0,0,1
38,25,5,0,0,0,0,0,0,0,0,0,3.850048,0,0,1
42,35,0,0,7,1,0,1,0,0,0,0,4.300072,0,0,1
131,15,108,0,11,3,0,1,0,0,0,0,5.4583406,0,0,1
25,11,6,0,0,0,0,1,0,0,0,0,3.6732697,0,0,1
21,7,6,0,0,0,0,0,0,0,0,0,3.5585186,0,0,1
26,17,1,0,0,1,0,0,0,0,0,0,3.9210296,0,1,1
33,17,8,0,0,1,0,0,0,0,0,0,3.8589573,0,1,1
20,11,1,0,0,0,0,0,0,0,0,0,3.6841838,0,0,1
21,12,1,0,0,0,0,1,0,0,0,0,3.5585186,0,0,1
119,22,89,0,6,2,0,1,0,0,0,0,4.5094204,0,0,1
45,27,10,0,4,2,0,1,0,0,0,0,4.2669773,0,0,1
91,13,71,0,9,0,0,0,0,0,0,0,5.0866594,0,0,1
37,28,1,0,0,2,0,0,0,0,0,0,4.0671654,0,0,1
52,28,16,0,0,2,0,0,0,0,0,0,4.272273,0,0,1
75,24,1,41,26,1,2,1,0,0,0,0,4.857245,0,0,1
75,24,1,41,18,1,2,1,0,0,0,0,4.8215003,0,0,1
91,13,71,0,9,0,0,0,0,0,0,0,5.1086373,0,0,1
32,23,1,0,0,2,0,0,0,0,0,0,4.0153193,0,0,1
41,23,10,0,0,2,0,0,0,0,0,0,4.17391,0,0,1
64,13,44,0,29,0,0,0,0,0,0,0,4.5275183,0,0,1
75,24,1,41,26,1,2,1,0,0,0,0,4.8095455,0,0,1
34,27,0,0,7,1,0,1,0,0,0,0,4.1973257,0,0,1
57,10,39,0,16,4,0,0,0,0,0,0,4.299836,0,0,1
42,14,20,0,15,0,0,1,0,0,0,0,4.4273334,0,0,1
76,25,1,41,24,1,2,1,0,0,0,0,4.796562,0,0,1
76,25,1,41,28,1,2,1,0,0,0,0,4.9039936,0,0,1
51,18,25,0,2,0,0,1,0,0,0,0,4.332451,0,0,1
37,19,10,0,0,1,0,0,0,0,0,0,4.154871,0,0,1
30,21,1,0,0,1,0,0,0,0,0,0,3.7647352,0,0,1
41,25,8,0,0,1,0,1,0,0,0,0,3.9763522,0,0,1
37,21,8,0,0,1,0,0,0,0,0,0,3.8614993,0,0,1
181,21,1,156,25,0,3,1,0,0,1,0,5.6781006,0,0,1
38,29,1,0,0,2,0,0,0,0,0,0,4.1684656,0,0,1
27,10,9,0,2,0,0,0,0,0,0,0,4.2084103,0,0,1
36,28,0,0,7,1,0,1,0,0,0,0,4.350209,0,0,1
22,13,1,0,0,1,0,0,0,0,0,0,3.879664,0,0,1
36,29,0,0,4,1,0,1,0,0,0,0,4.215355,0,0,1
30,21,1,0,0,1,0,1,0,0,0,0,3.981076,0,0,1
26,17,1,0,0,1,0,0,0,0,0,0,3.8919954,0,0,1
53,16,30,0,1,0,0,0,0,0,0,0,4.244351,0,0,1
53,16,30,0,1,0,0,0,0,0,0,0,4.244351,0,0,1
54,16,31,0,2,0,0,0,0,0,0,0,4.2987914,0,0,1
54,16,31,0,2,0,0,0,0,0,0,0,4.2987914,0,0,1
54,16,31,0,2,0,0,0,0,0,0,0,4.2987914,0,0,1
54,16,31,0,2,0,0,0,0,0,0,0,4.2987914,0,0,1
54,16,31,0,2,0,0,0,0,0,0,0,4.2987914,0,0,1
54,16,31,0,2,0,0,0,0,0,0,0,4.2987914,0,0,1
54,16,31,0,2,0,0,0,0,0,0,0,4.2987914,0,0,1
54,16,31,0,2,0,0,0,0,0,0,0,4.2617545,0,0,1
54,16,31,0,2,0,0,0,0,0,0,0,4.2987914,0,0,1
54,16,31,0,2,0,0,0,0,0,0,0,4.2987914,0,0,1
40,17,15,0,4,0,0,0,0,0,0,0,4.3775673,0,0,1
32,19,5,0,0,1,0,1,0,0,0,0,4.0900183,0,0,1
84,15,61,0,5,1,0,1,0,0,0,0,5.067813,0,0,1
1103,24,38,1032,142,15,4,0,0,0,0,0,6.0052314,0,0,1
1111,24,38,1040,142,15,4,0,0,0,0,0,6.0120444,0,0,1
27,20,0,0,0,0,0,0,0,0,0,0,3.708048,0,0,1
23,4,11,0,3,0,0,0,0,0,0,0,3.882045,1,0,1
23,4,11,0,0,0,0,0,0,0,0,0,4.023137,1,0,1
23,4,11,0,2,0,0,0,0,0,0,0,4.1100936,1,0,1
25,16,1,0,0,1,0,0,0,0,0,0,3.9736607,0,0,1
29,20,1,0,0,1,0,1,0,0,0,0,4.047299,0,0,1
80,20,18,33,24,1,1,1,0,0,0,0,5.030875,0,0,1
67,11,48,0,0,1,0,0,0,0,0,0,3.9507854,0,0,1
23,4,11,0,4,0,0,0,0,0,0,0,4.023137,1,0,1
32,10,14,0,5,0,0,0,0,0,0,0,4.3278193,1,0,1
26,10,8,0,3,0,0,0,0,0,0,0,4.132944,1,0,1
63,17,38,0,5,1,0,1,0,0,0,0,4.532271,0,0,1
37,22,7,0,0,2,0,0,0,0,0,0,4.114066,0,0,1
26,10,8,0,3,0,0,0,0,0,0,0,4.209867,1,0,1
35,26,1,0,4,0,0,2,0,0,0,0,4.2645783,0,0,1
40,31,1,0,0,2,0,1,0,0,0,0,4.134184,0,0,1
150,30,55,56,25,4,2,1,0,0,0,0,4.9691176,0,0,1
34,25,1,0,2,0,0,1,0,0,0,0,3.9735126,0,0,1
75,24,1,41,24,1,2,1,0,0,0,0,4.921631,0,0,1
76,25,1,41,25,1,2,1,0,0,0,0,4.9005113,0,0,1
38,8,22,0,0,0,0,0,0,0,0,0,3.9983501,0,0,1
37,14,15,0,0,1,0,0,0,0,0,0,4.1185203,0,0,1
137,37,93,0,0,17,2,1,0,1,0,0,4.354312,0,0,1
32,13,12,0,0,0,0,1,0,0,0,0,3.9681392,0,0,1
33,13,12,0,0,0,0,1,0,0,0,0,3.9831955,0,0,1
34,25,1,0,6,1,0,1,0,0,0,0,4.395999,0,0,1
44,35,1,0,1,2,0,1,0,0,0,0,4.1292195,0,0,1
43,35,1,0,6,1,0,1,0,0,0,0,4.306754,0,0,1
44,36,0,0,7,1,0,1,0,0,0,0,4.3825207,0,0,1
37,28,1,0,11,0,0,1,0,0,0,0,4.1752734,0,0,1
46,34,4,0,0,0,0,1,0,0,0,0,4.05561,0,0,1
37,22,7,0,0,2,0,1,0,0,0,0,4.121219,0,0,1
40,31,1,0,2,1,0,1,0,0,0,0,4.1841836,0,0,1
36,27,1,0,0,0,0,1,0,0,0,0,3.9857807,0,0,1
70,61,1,0,1,0,0,1,0,0,0,0,4.3334746,0,0,1
25,16,1,0,0,2,0,1,0,0,0,0,3.9434652,0,0,1
40,31,1,0,5,1,0,1,0,0,0,0,4.303056,0,0,1
30,21,1,0,4,1,0,1,0,0,0,0,4.4817276,0,0,1
34,25,1,0,0,0,0,1,0,0,0,0,3.939829,0,0,1
40,31,1,0,1,1,0,1,0,0,0,0,4.056198,0,0,1
40,31,1,0,1,1,0,1,0,0,0,0,4.2153115,0,0,1
30,22,0,0,0,2,0,1,0,0,0,0,4.148394,0,0,1
29,21,0,0,0,2,0,1,0,0,0,0,3.909368,0,0,1
36,23,5,0,0,0,0,0,0,0,0,0,4.058814,0,0,1
26,17,1,0,0,0,0,0,0,0,0,0,3.8150723,0,0,1
36,29,0,0,7,1,0,1,0,0,0,0,4.252715,0,0,1
51,16,27,0,8,0,0,1,0,0,0,0,4.3415565,0,0,1
75,16,51,0,8,4,0,0,0,0,0,0,4.6901507,0,0,1
32,23,1,0,0,0,0,0,0,0,0,0,3.816428,0,0,1
39,23,8,0,0,0,0,0,0,0,0,0,3.7972202,0,0,1
70,7,55,0,0,2,0,0,0,0,0,0,4.239559,0,0,1
104,26,71,23,12,1,2,0,0,0,1,0,4.794547,0,0,1
36,29,0,0,7,1,0,1,0,0,0,0,4.19716,0,0,1
50,43,0,0,18,1,0,1,0,0,0,0,4.4279766,0,0,1
58,51,0,0,18,1,0,1,0,0,0,0,4.463259,0,0,1
35,28,0,0,7,1,0,1,0,0,0,0,4.2861466,0,0,1
31,22,1,0,0,2,0,0,0,0,0,0,3.9937305,0,0,1
37,22,7,0,0,2,0,0,0,0,0,0,4.0369105,0,0,1
34,27,0,0,6,1,0,1,0,0,0,0,4.395999,0,0,1
35,27,0,0,6,1,0,1,0,0,0,0,4.4575753,0,0,1
42,24,10,0,3,2,0,1,0,0,0,0,4.240781,0,0,1
24,17,0,0,3,1,0,0,0,0,0,0,4.1368423,0,0,1
57,18,31,0,0,3,0,0,0,0,0,0,4.292988,0,0,1
55,33,14,0,0,0,0,2,0,0,0,0,4.2156663,0,1,1
77,69,0,0,22,6,0,2,0,0,0,0,4.821029,0,0,1
44,37,0,0,7,1,0,1,0,0,0,0,4.3087683,0,0,1
36,28,0,0,5,1,0,1,0,0,0,0,4.215355,0,0,1
37,28,1,0,0,0,0,1,0,0,0,0,4.222174,0,1,1
28,19,1,0,0,0,0,1,0,0,0,0,4.1375375,0,0,1
31,22,1,0,0,0,0,1,0,0,0,0,4.2846837,0,0,1
29,20,1,0,0,0,0,1,0,0,0,0,4.07333,0,0,1
27,18,1,0,0,0,0,1,0,0,0,0,4.134336,0,0,1
42,25,9,0,0,1,0,1,0,0,0,0,4.2344794,0,0,1
36,27,1,0,0,0,0,1,0,0,0,0,4.1625733,0,0,1
35,26,1,0,4,0,0,1,0,0,0,0,4.321721,0,0,1
36,27,1,0,0,0,0,1,0,0,0,0,4.141604,0,0,1
32,23,1,0,0,0,0,1,0,0,0,0,4.16391,0,0,1
31,22,1,0,0,0,0,1,0,0,0,0,4.2201676,0,0,1
29,20,1,0,0,0,0,1,0,0,0,0,4.1852303,0,0,1
40,31,1,0,1,0,0,1,0,0,0,0,4.2561984,0,0,1
40,31,1,0,0,3,0,1,0,0,0,0,4.0848293,0,0,1
33,24,1,0,0,0,0,1,0,0,0,0,3.998051,0,0,1
31,22,1,0,0,0,0,1,0,0,0,0,4.0911355,0,1,1
22,4,11,0,2,0,0,0,0,0,0,0,3.845351,1,0,1
37,28,1,0,0,0,0,2,0,0,0,0,4.005958,0,0,1
32,6,6,11,3,0,1,0,0,0,0,0,4.60141,0,0,1
32,6,6,11,1,0,1,0,0,0,0,0,4.35141,0,0,1
39,30,1,0,0,0,0,1,0,0,0,0,4.047847,0,0,1
37,22,0,6,6,0,1,0,0,0,0,0,4.371087,0,0,1
25,17,0,0,0,0,0,1,0,0,0,0,3.843856,0,0,1
26,18,0,0,0,0,0,1,0,0,0,0,3.854286,0,0,1
152,41,104,0,14,0,0,1,0,0,0,0,5.357432,0,0,1
76,25,1,41,30,1,2,1,0,0,0,0,4.847329,0,0,1
62,29,25,0,1,0,0,1,0,0,0,0,4.847274,0,0,1
43,15,20,0,15,0,0,1,0,0,0,0,4.4723215,0,0,1
30,10,12,0,0,0,0,1,0,0,0,0,4.015061,0,0,1
36,22,6,0,0,0,0,2,0,0,0,0,3.8847954,0,0,1
29,18,3,0,0,0,0,1,0,0,0,0,4.090234,0,0,1
470,32,9,420,89,6,9,1,0,0,0,0,5.47761,0,0,1
31,6,6,10,1,0,1,0,0,0,0,0,4.3650136,0,0,1
42,35,0,0,6,1,0,1,0,0,0,0,4.424956,0,0,1
34,25,1,0,0,0,0,1,0,0,0,0,4.1973257,0,0,1
31,11,12,0,0,0,0,1,0,0,0,0,3.735666,0,0,1
60,8,45,0,29,0,0,0,0,0,0,0,4.591993,0,0,1
45,36,1,0,0,3,0,1,0,0,0,0,3.8443205,0,0,1
43,36,0,0,0,3,0,1,0,0,0,0,3.8302372,0,0,1
50,29,13,0,0,0,0,1,0,0,0,0,4.078243,0,1,1
40,26,6,0,0,1,0,1,0,0,0,0,4.2250705,0,1,1
40,10,22,0,0,2,0,0,0,0,0,0,4.0964394,0,0,1
80,26,71,0,12,1,0,0,0,0,1,0,4.6062,0,0,1
438,32,9,388,89,6,9,1,0,0,0,0,5.5475917,0,0,1
41,26,7,0,0,0,0,1,0,0,0,0,4.454636,0,0,1
74,23,43,0,0,0,0,1,0,0,0,0,4.158268,0,1,1
61,28,25,0,4,1,0,1,0,0,0,0,4.69261,0,0,1
20,5,7,0,2,0,0,0,0,0,0,0,3.6464393,1,0,1
40,22,10,0,2,2,0,1,0,0,0,0,4.1750703,0,0,1
99,15,76,0,3,0,0,0,0,0,0,0,4.8471785,0,0,1
67,13,47,0,30,0,0,0,0,0,0,0,4.672297,0,0,1
24,17,0,0,3,1,0,0,0,0,0,0,4.0535088,0,0,1
39,23,8,0,0,0,0,0,0,0,0,0,3.8972237,0,0,1
24,17,0,0,3,1,0,0,0,0,0,0,4.0535088,0,0,1
29,20,1,0,0,0,0,1,0,0,0,0,3.9262724,0,0,1
39,32,0,0,10,1,0,1,0,0,0,0,4.2336187,0,0,1
47,40,0,0,10,1,0,1,0,0,0,0,4.3497124,0,0,1
35,28,0,0,7,1,0,1,0,0,0,0,4.3432894,0,0,1
56,48,0,0,23,1,0,1,0,0,0,0,4.462994,0,0,1
48,40,0,0,10,1,0,1,0,0,0,0,4.4051876,0,0,1
40,32,0,0,10,1,0,1,0,0,0,0,4.296439,0,0,1
64,56,0,0,23,1,0,1,0,0,0,0,4.509624,0,0,1
20,7,5,0,0,0,0,0,0,0,0,0,3.5841837,0,0,1
38,15,15,0,0,0,0,0,0,0,0,0,4.0605745,0,0,1
37,29,0,0,7,1,0,1,0,0,0,0,4.208925,0,0,1
45,37,0,0,7,1,0,1,0,0,0,0,4.3223157,0,0,1
56,22,26,0,0,0,0,1,0,0,0,0,4.310061,0,0,1
57,17,32,0,0,0,0,1,0,0,0,0,4.350373,0,1,1
36,29,0,0,8,0,0,1,0,0,0,0,4.315623,0,0,1
40,24,8,0,0,1,0,1,0,0,0,0,4.162815,0,0,1
52,10,34,0,4,0,0,1,0,0,0,0,4.202549,0,0,1
70,15,48,0,0,0,0,0,0,0,0,0,4.2999244,0,0,1
50,16,27,0,0,0,0,0,0,0,0,0,4.0141773,0,0,1
33,10,15,0,1,1,0,0,0,0,0,0,4.0407753,0,0,1
34,10,16,0,1,1,0,0,0,0,0,0,4.017918,0,0,1
34,10,16,0,1,1,0,0,0,0,0,0,3.822182,0,0,1
35,10,17,0,1,1,0,0,0,0,0,0,3.8074355,0,0,1
107,4,11,83,3,1,3,0,0,0,0,0,4.7573857,1,0,1
23,4,11,0,1,0,0,0,0,0,0,0,3.9361804,1,0,1
23,4,11,0,3,0,0,0,0,0,0,0,4.023137,1,0,1
23,4,11,0,4,0,0,0,0,0,0,0,3.9361804,1,0,1
23,4,11,0,4,0,0,0,0,0,0,0,3.8492239,1,0,1
23,4,11,0,0,0,0,0,0,0,0,0,3.9361804,1,0,1
21,6,7,0,0,1,0,0,0,0,0,0,3.8442328,0,0,1
800,27,10,758,96,6,10,2,0,0,1,0,5.9816318,0,0,1
136,5,7,115,6,0,5,0,0,0,0,0,4.875769,0,0,1
47,32,7,0,1,2,0,1,0,0,0,0,4.120885,0,0,1
175,15,108,43,26,1,3,1,0,0,0,0,5.4781556,0,0,1
131,15,108,0,20,3,0,1,0,0,0,0,5.529729,0,0,1
131,15,108,0,22,1,0,1,0,0,0,0,5.4539585,0,0,1
32,6,6,11,0,0,1,0,0,0,0,0,4.6403193,0,0,1
41,34,0,0,5,1,0,1,0,0,0,0,4.366596,0,0,1
46,39,0,0,14,1,0,1,0,0,0,0,4.452166,0,0,1
41,32,1,0,0,0,0,0,0,0,0,0,4.0459805,0,0,1
36,29,0,0,7,1,0,1,0,0,0,0,4.252715,0,0,1
27,9,10,0,0,1,0,0,0,0,0,0,3.8063824,0,0,1
26,9,9,0,0,1,0,0,0,0,0,0,3.854286,0,0,1
131,15,108,0,13,2,0,1,0,0,0,0,5.515667,0,0,1
48,41,0,0,16,1,0,1,0,0,0,0,4.459148,0,0,1
35,26,1,0,0,1,0,1,0,0,0,0,4.0004325,0,0,1
36,27,1,0,0,0,0,1,0,0,0,0,4.2181287,0,0,1
42,33,1,0,0,0,0,1,0,0,0,0,4.254831,0,0,1
32,23,1,0,0,0,0,1,0,0,0,0,4.28891,0,0,1
47,38,1,0,0,0,0,1,0,0,0,0,4.222053,0,0,1
38,29,1,0,0,0,0,1,0,0,0,0,4.188331,0,0,1
28,19,1,0,0,0,0,1,0,0,0,0,4.0121884,0,0,1
30,21,1,0,0,0,0,1,0,0,0,0,4.015061,0,1,1
32,23,1,0,0,2,0,1,0,0,0,0,4.2028193,0,0,1
31,22,1,0,0,0,0,1,0,0,0,0,4.2201676,0,0,1
27,18,1,0,0,0,0,1,0,0,0,0,4.134336,0,0,1
37,28,1,0,2,0,0,1,0,0,0,0,4.2497296,0,0,1
27,18,1,0,4,0,0,1,0,0,0,0,4.282484,0,0,1
29,20,1,0,0,0,0,1,0,0,0,0,4.090234,0,0,1
48,39,1,0,0,0,0,1,0,0,0,0,3.9494731,0,0,1
45,36,1,0,0,0,0,1,0,0,0,0,4.081099,0,1,1
29,20,1,0,0,0,0,1,0,0,0,0,4.1591997,0,0,1
29,20,1,0,0,0,0,1,0,0,0,0,4.1852303,0,1,1
36,21,5,0,0,0,0,1,0,0,0,0,4.027719,0,0,1
20,5,7,0,0,0,0,0,0,0,0,0,3.3841836,0,0,1
59,52,0,0,19,1,0,1,0,0,0,0,4.4354553,0,0,1
29,21,1,0,8,0,0,1,0,0,0,0,4.1422954,0,0,1
28,11,9,0,2,0,0,0,0,0,0,0,4.1550455,1,0,1
28,11,9,0,2,0,0,0,0,0,0,0,4.324863,1,0,1
32,6,6,11,2,0,1,0,0,0,0,0,4.5778193,0,0,1
20,11,1,0,0,0,0,0,0,0,0,0,3.4464393,0,0,1
88,54,1,0,11,5,0,3,0,0,0,0,4.9092083,0,0,1
44,37,0,0,7,1,0,1,0,0,0,0,4.354223,0,0,1
32,19,6,0,0,0,0,0,0,0,0,0,3.9292293,0,0,1
55,47,0,0,14,1,0,1,0,0,0,0,4.4834676,0,0,1
38,12,18,0,6,0,0,0,0,0,0,0,4.659387,0,0,1
28,11,9,0,3,0,0,0,0,0,0,0,3.8518233,0,0,1
47,12,27,0,5,1,0,1,0,0,0,0,4.610663,0,0,1
51,18,25,0,0,0,0,1,0,0,0,0,4.630868,0,0,1
42,14,20,0,15,0,0,1,0,0,0,0,4.397688,0,0,1
42,14,20,0,15,0,0,1,0,0,0,0,4.3024497,0,0,1
76,25,1,41,26,1,2,1,0,0,0,0,4.9341316,0,0,1
76,25,1,41,23,1,2,1,0,0,0,0,4.82025,0,0,1
75,24,1,41,21,1,2,1,0,0,0,0,4.892301,0,0,1
41,23,10,0,1,2,0,1,0,0,0,0,4.1530623,0,0,1
37,19,10,0,2,2,0,1,0,0,0,0,4.064466,0,0,1
82,34,40,0,7,0,0,1,0,0,0,0,4.5891404,0,0,1
50,12,30,0,0,0,0,0,0,0,0,0,4.166887,0,0,1
34,27,0,0,7,1,0,1,0,0,0,0,4.3371754,0,0,1
43,35,0,0,7,1,0,1,0,0,0,0,4.4348884,0,0,1
27,18,1,0,0,0,0,0,0,0,0,0,4.0323033,0,0,1
34,13,13,0,0,0,0,0,0,0,0,0,3.900271,0,0,1
41,13,20,0,0,0,0,0,0,0,0,0,3.9714808,0,0,1
42,13,21,0,0,0,0,0,0,0,0,0,3.953304,0,0,1
31,22,1,0,0,0,0,1,0,0,0,0,4.0667844,0,0,1
27,18,1,0,0,0,0,1,0,0,0,0,4.134336,0,0,1
28,19,1,0,0,0,0,1,0,0,0,0,4.2089663,0,0,1
27,18,1,0,0,0,0,1,0,0,0,0,4.106377,0,0,1
41,32,1,0,0,2,0,1,0,0,0,0,4.1411057,0,0,1
31,22,1,0,0,2,0,1,0,0,0,0,4.1313004,0,0,1
27,18,1,0,0,0,0,1,0,0,0,0,4.060262,0,0,1
41,32,1,0,0,0,0,1,0,0,0,0,4.1506267,0,0,1
40,31,1,0,3,1,0,1,0,0,0,0,4.2653117,0,0,1
36,27,1,0,0,0,0,1,0,0,0,0,4.2736845,0,0,1
34,25,1,0,2,0,0,1,0,0,0,0,4.1133623,0,0,1
29,20,1,0,0,0,0,1,0,0,0,0,4.1591997,0,0,1
29,20,1,0,0,0,0,1,0,0,0,0,4.1422954,0,0,1
34,25,1,0,0,0,0,1,0,0,0,0,4.0796785,0,0,1
34,25,1,0,0,0,0,1,0,0,0,0,3.8924866,0,0,1
35,26,1,0,0,0,0,1,0,0,0,0,4.164299,0,0,1
32,23,1,0,2,1,0,0,0,0,0,0,4.1792293,0,0,1
75,24,1,41,23,1,2,1,0,0,0,0,4.8367705,0,0,1
29,21,0,0,0,0,0,1,0,0,0,0,3.9783335,0,0,1
134,26,80,21,19,2,2,1,0,0,1,0,5.3849382,0,0,1
43,18,17,0,2,0,1,1,0,1,0,0,4.5829005,0,0,1
40,16,16,0,15,0,0,1,0,0,0,0,4.1964393,0,0,1
75,24,1,41,22,1,2,1,0,0,0,0,4.838102,0,0,1
47,40,0,0,10,1,0,1,0,0,0,0,4.376204,0,0,1
34,25,1,0,0,1,0,1,0,0,0,0,3.830726,0,0,1
34,12,14,0,0,0,0,0,0,0,0,0,3.6793952,0,0,1
57,4,11,33,10,0,3,0,0,1,0,0,4.8168173,1,0,1
140,25,21,0,25,0,5,1,0,1,0,0,5.3118854,0,0,1
28,7,13,0,5,0,0,0,0,0,0,0,4.110577,0,0,1
27,12,7,0,0,0,0,0,0,0,0,0,3.912114,0,0,1
86,28,34,15,23,1,1,1,0,0,0,0,4.7497754,0,0,1
25,7,10,0,4,0,0,0,0,0,0,0,4.133661,0,0,1
190,15,108,58,17,1,4,1,0,0,0,0,5.4729767,0,0,1
131,15,108,0,15,2,0,1,0,0,0,0,5.5813837,0,0,1
127,15,104,0,14,2,0,1,0,0,0,0,5.617078,0,0,1
49,16,25,0,8,0,0,0,0,0,0,0,4.558089,0,0,1
42,28,6,0,0,0,0,1,0,0,0,0,4.0167356,0,1,1
167,15,108,35,23,2,3,1,0,0,0,0,5.576514,0,0,1
94,32,9,44,21,5,1,1,0,0,0,0,4.8100414,0,0,1
26,17,1,0,0,2,0,0,0,0,0,0,3.9500637,0,0,1
32,17,7,0,0,2,0,0,0,0,0,0,3.9917293,0,0,1
62,16,43,0,6,2,0,1,0,0,1,0,4.5050273,0,1,1
27,18,1,0,0,2,0,0,0,0,0,0,3.8561964,0,0,1
33,18,7,0,0,2,0,0,0,0,0,0,3.9454648,0,0,1
40,31,1,0,6,2,0,1,0,0,0,0,4.068454,0,0,1
75,24,1,41,20,1,2,1,0,0,0,0,4.856343,0,0,1
75,24,1,41,21,1,2,1,0,0,0,0,4.8716125,0,0,1
75,24,1,41,28,1,2,1,0,0,0,0,4.9369006,0,0,1
89,25,1,54,27,1,3,1,0,0,0,0,4.8615227,0,0,1
76,25,1,41,23,1,2,1,0,0,0,0,4.877127,0,0,1
76,25,1,41,23,1,2,1,0,0,0,0,4.8564987,0,0,1
76,25,1,41,21,1,2,1,0,0,0,0,4.7409625,0,0,1
76,25,1,41,27,1,2,1,0,0,0,0,4.862609,0,0,1
42,35,0,0,7,1,0,1,0,0,0,0,4.386016,0,0,1
46,19,19,0,0,1,0,1,0,0,0,0,4.2818356,0,0,1
186,17,12,120,20,0,1,0,0,0,0,0,5.6556625,0,0,1
76,25,1,41,28,1,2,1,0,0,0,0,4.836633,0,0,1
61,22,4,26,2,2,1,1,0,0,0,0,4.674521,0,0,1
237,30,11,187,105,12,1,2,0,0,0,0,4.590409,0,0,1
38,17,13,0,0,1,0,0,0,0,0,0,4.1684656,0,0,1
43,22,13,0,0,0,0,1,0,0,0,0,4.004883,0,0,1
25,16,1,0,0,2,0,0,0,0,0,0,3.8936608,0,0,1
29,20,1,0,0,2,0,1,0,0,0,0,3.9783335,0,0,1
37,20,9,0,1,0,0,0,0,0,0,0,3.9794595,0,0,1
76,25,1,41,26,1,2,1,0,0,0,0,4.898647,0,0,1
34,25,1,0,6,1,0,1,0,0,0,0,4.43262,0,0,1
66,57,1,0,4,4,0,2,0,0,0,0,4.386183,0,0,1
47,40,0,0,10,1,0,1,0,0,0,0,4.376204,0,0,1
35,20,7,0,0,2,0,0,0,0,0,0,3.9357276,0,0,1
42,13,21,0,0,2,0,1,0,0,0,0,4.189238,0,0,1
59,51,0,0,18,1,0,1,0,0,0,0,4.511561,0,0,1
34,20,6,0,0,0,0,1,0,0,0,0,3.7604213,0,0,1
32,20,4,0,0,0,0,1,0,0,0,0,3.7928379,0,0,1
45,25,12,0,0,0,0,2,0,0,0,0,4.2057576,0,1,1
63,22,1,31,5,2,1,1,0,0,0,0,4.9634023,0,0,1
32,6,6,11,0,0,1,0,0,0,0,0,4.60141,0,0,1
32,6,6,11,3,0,1,0,0,0,0,0,4.5153193,0,0,1
44,37,0,0,8,1,0,1,0,0,0,0,4.3996773,0,0,1
42,16,18,0,0,0,0,1,0,0,0,0,3.8604436,0,0,1
48,24,16,0,2,0,0,0,0,0,0,0,4.3061275,0,0,1
37,25,4,0,10,3,0,1,0,0,0,0,4.411892,0,0,1
38,13,18,0,0,0,0,0,0,0,0,0,4.201232,0,0,1
31,17,6,0,0,0,0,0,0,0,0,0,3.9134007,0,0,1
69,37,1,22,12,0,1,1,0,0,0,0,4.791222,0,0,1
68,37,1,22,12,0,1,1,0,0,0,0,4.7985106,0,0,1
42,33,1,0,0,4,0,1,0,0,0,0,3.8355536,0,0,1
40,19,14,0,6,0,0,2,0,0,0,0,4.043943,0,0,1
23,4,11,0,2,0,0,0,0,0,0,0,3.9361804,1,0,1
23,4,11,0,2,0,0,0,0,0,0,0,4.023137,1,0,1
23,4,11,0,3,0,0,0,0,0,0,0,3.7950885,1,0,1
23,4,11,0,3,0,0,0,0,0,0,0,3.9361804,1,0,1
23,4,11,0,1,0,0,0,0,0,0,0,3.882045,1,0,1
46,7,2,28,0,1,1,1,0,0,0,0,4.1584754,0,0,1
46,7,2,28,1,1,1,1,0,0,0,0,4.3110743,0,0,1
26,11,7,0,1,1,0,0,0,0,0,0,4.10391,0,0,1
62,43,11,0,22,1,0,1,0,0,0,0,4.6293745,0,0,1
62,43,11,0,19,1,0,1,0,0,0,0,4.772193,0,0,1
62,43,11,0,20,1,0,1,0,0,0,0,4.746231,0,0,1
62,43,11,0,25,1,0,1,0,0,0,0,4.5921726,0,0,1
34,25,1,0,0,2,0,1,0,0,0,0,3.984234,0,0,1
37,28,1,0,0,3,0,1,0,0,0,0,4.154871,0,1,1
26,17,1,0,0,0,0,1,0,0,0,0,3.8441064,0,0,1
26,17,1,0,0,0,0,1,0,0,0,0,3.9021747,0,0,1
39,32,0,0,10,1,0,1,0,0,0,0,4.387465,0,0,1
48,41,0,0,16,1,0,1,0,0,0,0,4.459148,0,0,1
47,40,0,0,10,1,0,1,0,0,0,0,4.477372,0,0,1
56,49,0,0,16,1,0,1,0,0,0,0,4.4834447,0,0,1
45,36,1,0,3,2,0,1,0,0,0,0,4.3857546,0,0,1
46,37,1,0,7,3,0,1,0,0,0,0,4.7352,0,0,1
51,42,1,0,10,2,0,1,0,0,0,0,4.7748876,0,0,1
46,37,1,0,0,0,0,1,0,0,0,0,4.3009787,0,0,1
26,17,1,0,0,1,0,1,0,0,0,0,3.9021747,0,0,1
45,36,1,0,0,4,0,1,0,0,0,0,4.1336436,0,0,1
30,21,1,0,0,0,0,1,0,0,0,0,3.9647353,0,0,1
33,24,1,0,0,0,0,1,0,0,0,0,4.2107644,0,0,1
45,36,1,0,0,0,0,1,0,0,0,0,4.261096,0,0,1
30,21,1,0,0,0,0,1,0,0,0,0,4.1232314,0,0,1
38,29,1,0,0,0,0,1,0,0,0,0,3.734091,0,0,1
33,24,1,0,0,0,0,1,0,0,0,0,4.2107644,0,1,1
41,32,1,0,1,2,0,1,0,0,0,0,4.210734,0,1,1
30,21,1,0,0,0,0,1,0,0,0,0,3.644414,0,0,1
39,30,1,0,0,0,0,1,0,0,0,0,4.070426,0,0,1
41,34,0,0,11,1,0,1,0,0,0,0,4.519393,0,0,1
87,44,1,33,20,2,1,1,0,0,0,0,5.1136475,0,0,1
26,17,1,0,3,0,0,1,0,0,0,0,4.0269866,0,0,1
29,20,1,0,0,1,0,1,0,0,0,0,4.047299,0,0,1
39,32,0,0,10,1,0,1,0,0,0,0,4.265545,0,0,1
27,12,7,0,0,1,0,1,0,0,0,0,3.8380399,0,0,1
23,4,11,0,1,0,0,0,0,0,0,0,4.023137,1,0,1
55,17,8,22,0,0,2,0,0,1,0,0,4.1559033,0,0,1
31,17,6,0,0,0,0,0,0,0,0,0,3.769388,0,0,1
39,32,0,0,10,1,0,1,0,0,0,0,4.387465,0,0,1
47,40,0,0,10,1,0,1,0,0,0,0,4.477372,0,0,1
28,13,7,0,0,1,0,1,0,0,0,0,3.6654203,0,0,1
23,4,11,0,2,0,0,0,0,0,0,0,3.9361804,1,0,1
33,19,6,0,0,0,0,0,0,0,0,0,4.006071,0,0,1
42,27,7,0,0,0,0,0,0,0,0,0,3.833176,0,0,1
274,20,144,101,42,0,5,0,0,0,0,0,5.2112503,0,0,1
23,15,1,0,0,0,0,0,0,0,0,0,3.882045,0,0,1
42,14,20,0,15,0,0,1,0,0,0,0,4.445307,0,0,1
42,14,20,0,15,0,0,1,0,0,0,0,4.266503,0,0,1
42,14,20,0,15,0,0,1,0,0,0,0,4.347691,0,0,1
42,14,20,0,15,0,0,1,0,0,0,0,4.4336348,0,0,1
43,15,20,0,15,0,0,1,0,0,0,0,4.2777977,0,0,1
17,4,6,0,1,0,0,0,0,0,0,0,3.4104173,0,0,1
89,19,7,54,25,1,5,1,0,0,0,0,5.1673574,0,0,1
75,24,1,41,24,1,2,1,0,0,0,0,4.780216,0,0,1
76,25,1,41,24,1,2,1,0,0,0,0,4.8892646,0,0,1
75,24,1,41,18,1,2,1,0,0,0,0,4.741595,0,0,1
75,24,1,41,24,1,2,1,0,0,0,0,4.878707,0,0,1
75,24,1,41,23,1,2,1,0,0,0,0,4.8022356,0,0,1
75,24,1,41,23,1,2,1,0,0,0,0,4.757078,0,0,1
75,24,1,41,25,1,2,1,0,0,0,0,4.8367705,0,0,1
76,25,1,41,25,1,2,1,0,0,0,0,4.9069257,0,0,1
76,25,1,41,30,1,2,1,0,0,0,0,4.945379,0,0,1
53,31,1,13,2,2,1,1,0,0,0,0,4.3425255,0,0,1
33,24,1,0,0,0,0,1,0,0,0,0,3.9454648,0,0,1
23,4,11,0,3,0,0,0,0,0,0,0,4.023137,1,0,1
62,20,26,7,0,6,1,1,0,0,0,0,4.0341735,0,0,1
75,24,43,0,3,1,1,1,0,1,0,0,4.402488,0,0,1
76,25,1,41,22,1,2,1,0,0,0,0,4.7826877,0,0,1
75,24,1,41,22,1,2,1,0,0,0,0,4.8335495,0,0,1
75,24,1,41,25,1,2,1,0,0,0,0,4.8621054,0,0,1
75,24,1,41,27,1,2,1,0,0,0,0,4.839741,0,0,1
76,25,1,41,22,1,2,1,0,0,0,0,4.834979,0,0,1
75,24,1,41,26,1,2,1,0,0,0,0,4.8835673,0,0,1
75,24,1,41,28,1,2,1,0,0,0,0,4.693372,0,0,1
75,24,1,41,20,1,2,1,0,0,0,0,4.8783627,0,0,1
75,24,1,41,25,1,2,1,0,0,0,0,4.840299,0,0,1
76,25,1,41,23,1,2,1,0,0,0,0,4.921691,0,0,1
29,22,0,0,1,1,0,1,0,0,0,0,3.909368,0,0,1
31,22,1,0,1,1,0,1,0,0,0,0,3.8890495,0,0,1
76,25,1,41,26,1,2,1,0,0,0,0,4.899197,0,0,1
76,25,1,41,22,1,2,1,0,0,0,0,4.7714405,0,0,1
75,24,1,41,26,1,2,1,0,0,0,0,4.7541075,0,0,1
34,16,10,0,0,1,0,0,0,0,0,0,3.9134586,0,0,1
41,25,8,0,2,1,0,1,0,0,0,0,4.3267064,0,0,1
76,25,1,41,21,1,2,1,0,0,0,0,4.8301826,0,0,1
76,25,1,41,24,1,2,1,0,0,0,0,4.8612947,0,0,1
41,24,9,0,0,0,0,1,0,0,0,0,4.1131725,0,0,1
44,12,24,0,0,1,0,0,0,0,0,0,4.2804704,0,0,1
45,9,28,0,1,2,0,0,0,0,0,0,4.174426,0,0,1
68,22,38,0,0,4,0,1,0,0,0,0,3.7808585,0,0,1
61,52,1,0,4,3,0,2,0,0,0,0,4.3292522,0,0,1
76,25,1,41,25,1,2,1,0,0,0,0,4.911758,0,0,1
60,53,0,0,20,1,0,1,0,0,0,0,4.4297376,0,0,1
42,35,0,0,7,1,0,1,0,0,0,0,4.386016,0,0,1
61,54,0,0,21,1,0,1,0,0,0,0,4.5186234,0,0,1
61,53,0,0,20,1,0,1,0,0,0,0,4.55141,0,0,1
47,40,0,0,10,1,0,1,0,0,0,0,4.4348187,0,0,1
39,32,0,0,10,1,0,1,0,0,0,0,4.336183,0,0,1
52,45,0,0,20,1,0,1,0,0,0,0,4.50738,0,0,1
33,25,1,0,1,2,0,1,0,0,0,0,4.187889,0,0,1
29,20,1,0,0,2,0,0,0,0,0,0,4.116265,0,0,1
35,20,7,0,3,0,0,1,0,0,0,0,4.1718607,0,0,1
70,25,16,20,16,3,1,1,0,0,0,0,4.790846,0,1,1
29,20,1,0,0,2,0,0,0,0,0,0,4.07333,0,0,1
31,16,7,0,0,1,0,0,0,0,0,0,4.0022683,0,0,1
26,14,4,0,0,0,0,0,0,0,0,0,3.8252518,0,0,1
25,14,3,0,0,0,0,0,0,0,0,0,3.863465,0,0,1
23,11,4,0,0,0,0,0,0,0,0,0,3.6539967,0,0,1
46,15,23,0,0,2,0,0,0,0,0,0,4.093683,0,0,1
95,54,1,0,12,5,0,3,0,0,0,0,5.0251994,0,0,1
23,9,6,0,0,0,0,0,0,0,0,0,3.882045,0,1,1
23,8,7,0,0,0,0,0,0,0,0,0,3.882045,0,1,1
22,8,6,0,0,0,0,0,0,0,0,0,3.93626,0,1,1
58,20,31,0,3,1,0,1,0,0,0,0,4.419603,0,1,1
453,43,9,0,59,5,9,1,0,0,1,0,5.66955,0,1,1
50,41,1,0,0,4,0,1,0,0,0,0,4.2332697,0,1,1
55,21,26,0,0,0,0,0,0,0,0,0,4.3540235,0,0,1
23,4,11,0,4,0,0,0,0,0,0,0,4.023137,1,0,1
23,4,11,0,1,0,0,0,0,0,0,0,4.023137,1,0,1
34,21,5,0,0,0,0,2,0,0,0,0,4.0796785,0,0,1
33,21,4,0,0,0,0,2,0,0,0,0,4.104408,0,0,1
23,4,11,0,1,0,0,0,0,0,0,0,3.882045,1,0,1
23,4,11,0,2,0,0,0,0,0,0,0,3.9361804,1,0,1
25,16,1,0,0,0,0,0,0,0,0,0,3.9736607,0,0,1
22,6,8,0,2,0,0,0,0,0,0,0,3.7544417,0,0,1
23,4,11,0,1,0,0,0,0,0,0,0,4.1100936,1,0,1
20,6,6,0,0,0,0,0,0,0,0,0,3.7841837,0,0,1
20,6,6,0,1,0,0,0,0,0,0,0,3.8841836,0,0,1
20,6,6,0,3,0,0,0,0,0,0,0,3.8841836,0,0,1
20,6,6,0,0,0,0,0,0,0,0,0,3.6464393,0,0,1
84,15,61,0,9,1,0,1,0,0,0,0,5.2684646,0,0,1
46,7,2,28,1,1,1,1,0,0,0,0,4.4250984,0,0,1
46,7,2,28,1,1,1,1,0,0,0,0,4.3652096,0,0,1
26,11,7,0,1,1,0,0,0,0,0,0,4.209867,0,0,1
41,34,0,0,7,1,0,1,0,0,0,0,4.5218287,0,0,1
23,14,1,0,0,1,0,0,0,0,0,0,3.6753109,0,0,1
32,24,0,0,0,0,0,1,0,0,0,0,4.0153193,0,0,1
32,6,6,11,0,0,1,0,0,0,0,0,4.5153193,0,0,1
32,6,6,11,0,0,1,0,0,0,0,0,4.53891,0,0,1
32,6,6,11,0,0,1,0,0,0,0,0,4.5153193,0,0,1
32,11,13,0,0,0,0,0,0,0,0,0,4.0153193,0,0,1
46,31,7,0,0,4,0,1,0,0,0,0,4.1514006,0,0,1
43,28,7,0,0,1,0,1,0,0,0,0,3.8553607,0,0,1
46,26,12,0,0,1,0,1,0,0,0,0,4.162058,0,0,1
31,22,1,0,0,0,0,1,0,0,0,0,3.9101794,0,1,1
30,21,1,0,0,0,0,1,0,0,0,0,3.9898982,0,0,1
27,18,1,0,0,0,0,1,0,0,0,0,4.060262,0,0,1
33,24,1,0,0,1,0,1,0,0,0,0,4.331977,0,0,1
36,27,1,0,2,2,0,1,0,0,0,0,4.46132,0,0,1
36,27,1,0,1,3,0,1,0,0,0,0,4.308271,0,0,1
32,23,1,0,1,0,0,1,0,0,0,0,4.1792293,0,0,1
35,26,1,0,4,0,0,1,0,0,0,0,4.24301,0,0,1
32,23,1,0,0,0,0,1,0,0,0,0,4.22641,0,0,1
30,21,1,0,2,0,0,1,0,0,0,0,3.815061,0,0,1
33,24,1,0,0,0,0,1,0,0,0,0,3.9831955,0,1,1
28,19,1,0,0,0,0,1,0,0,0,0,3.9137995,0,0,1
27,18,1,0,0,0,0,1,0,0,0,0,4.0323033,0,0,1
26,17,1,0,0,0,0,1,0,0,0,0,3.7381494,0,0,1
35,26,1,0,3,0,0,1,0,0,0,0,4.3648577,0,0,1
36,27,1,0,0,2,0,1,0,0,0,0,4.159799,0,1,1
32,23,1,0,0,0,0,1,0,0,0,0,4.1167293,0,0,1
27,18,1,0,0,0,0,1,0,0,0,0,4.0323033,0,0,1
40,31,1,0,0,0,0,1,0,0,0,0,4.3153114,0,0,1
38,29,1,0,0,0,0,1,0,0,0,0,4.083068,0,0,1
29,20,1,0,9,0,0,1,0,0,0,0,4.116265,0,0,1
58,49,1,0,31,0,0,1,0,0,0,0,4.2409043,0,0,1
61,16,37,0,5,0,0,1,0,0,0,0,4.434698,0,0,1
35,21,6,0,0,0,0,2,0,0,0,0,4.0144386,0,0,1
20,5,7,0,2,0,0,0,0,0,0,0,3.8841836,1,0,1
29,20,1,0,2,0,0,1,0,0,0,0,4.0212684,0,0,1
30,21,1,0,2,0,0,1,0,0,0,0,4.006239,0,0,1
35,18,9,0,3,0,0,1,0,0,0,0,4.24301,0,0,1
178,41,109,21,8,2,2,1,0,0,1,0,5.2295117,0,0,1
27,18,1,0,0,1,0,0,0,0,0,0,4.0323033,0,0,1
22,14,0,0,0,0,0,0,0,0,0,0,4.004886,0,0,1
42,14,20,0,15,0,0,1,0,0,0,0,4.350069,0,0,1
76,25,1,41,22,1,2,1,0,0,0,0,4.7554812,0,0,1
75,24,1,41,26,1,2,1,0,0,0,0,4.878707,0,0,1
24,17,0,0,3,1,0,0,0,0,0,0,4.0535088,0,0,1
43,15,20,0,15,0,0,1,0,0,0,0,4.2687197,0,0,1
34,19,7,0,0,2,0,0,0,0,0,0,3.9735126,0,0,1
32,24,1,0,1,2,0,1,0,0,0,0,4.030639,0,0,1
48,41,0,0,16,1,0,1,0,0,0,0,4.532268,0,0,1
45,36,1,0,1,2,0,1,0,0,0,0,4.2443204,0,0,1
47,40,0,0,10,1,0,1,0,0,0,0,4.4348187,0,0,1
26,12,6,0,0,0,0,0,0,0,0,0,4.0269866,0,0,1
55,36,11,0,0,0,0,1,0,0,0,0,4.128744,0,0,1
41,11,22,0,0,0,0,0,0,0,0,0,4.073913,0,0,1
20,11,1,0,0,0,0,1,0,0,0,0,3.6841838,0,0,1
39,23,8,0,5,1,0,0,0,0,0,0,4.458103,0,1,1
31,23,0,0,0,0,0,1,0,0,0,0,3.977917,0,0,1
27,18,1,0,0,0,0,1,0,0,0,0,4.134336,0,0,1
41,34,0,0,5,1,0,1,0,0,0,0,4.317816,0,0,1
40,24,8,0,1,0,0,4,0,0,0,0,4.3250704,0,0,1
22,13,1,0,0,1,0,0,0,0,0,0,3.7544417,0,1,1
25,13,4,0,0,1,0,0,0,0,0,0,3.6732697,0,1,1
76,25,1,41,27,1,2,1,0,0,0,0,4.853016,0,0,1
60,20,32,0,0,0,0,0,0,0,0,0,4.189677,0,0,1
35,26,1,0,0,1,0,1,0,0,0,0,4.150293,0,0,1
38,29,1,0,0,1,0,1,0,0,0,0,3.977805,0,0,1
48,15,25,0,3,0,0,1,0,0,0,0,4.653107,0,0,1
43,15,20,0,15,0,0,1,0,0,0,0,4.251164,0,0,1
26,17,1,0,0,1,0,1,0,0,0,0,3.6133373,0,0,1
68,20,8,31,4,1,1,1,0,0,0,0,4.989975,0,0,1
31,22,1,0,0,2,0,0,0,0,0,0,4.0825977,0,0,1
37,22,7,0,0,2,0,0,0,0,0,0,4.188523,0,0,1
28,10,8,0,3,0,0,0,0,0,0,0,3.9371932,0,1,1
21,7,6,0,1,0,0,0,0,0,0,0,3.88018,0,0,1
69,21,8,31,4,1,1,1,0,0,0,0,4.9399853,0,0,1
69,19,8,33,0,1,1,1,0,0,0,0,4.889119,0,0,1
70,20,8,33,2,1,1,1,0,0,0,0,4.9774375,0,0,1
38,25,1,3,1,1,1,1,0,0,0,0,4.1986036,0,0,1
32,23,1,0,4,1,0,0,0,0,0,0,4.2417293,0,0,1
36,23,5,0,4,1,0,0,0,0,0,0,4.239098,0,0,1
35,28,0,0,7,1,0,1,0,0,0,0,4.2074356,0,0,1
34,27,0,0,6,1,0,1,0,0,0,0,4.2561493,0,0,1
40,31,1,0,0,1,0,2,0,0,0,0,3.7995818,0,0,1
53,23,22,0,0,1,0,0,0,0,0,0,3.9108684,0,0,1
40,11,21,0,5,1,0,0,0,0,0,0,4.272574,0,0,1
27,18,1,0,0,0,0,0,0,0,0,0,3.7541635,0,0,1
34,18,8,0,0,0,0,0,0,0,0,0,3.7015977,0,0,1
87,15,45,22,5,2,2,0,0,1,1,0,4.8392305,0,0,1
113,15,76,13,8,1,1,1,0,0,0,0,5.194172,0,0,1
35,9,18,0,4,0,0,0,0,0,0,0,4.571861,0,0,1
99,15,76,0,8,1,0,1,0,0,0,0,5.1540523,0,0,1
68,17,43,0,0,1,0,0,0,0,0,0,4.2601857,0,0,1
58,40,10,0,10,3,0,1,0,0,0,0,4.507916,0,0,1
53,45,1,0,24,0,0,2,0,0,0,0,4.524629,0,0,1
73,12,53,0,0,2,0,1,0,0,0,0,4.4275613,0,0,1
35,9,18,0,2,0,0,0,0,0,0,0,4.8220005,0,0,1
113,15,76,13,10,1,1,1,0,0,0,0,5.3621163,0,0,1
99,15,76,0,10,1,0,1,0,0,0,0,5.2954664,0,0,1
52,14,30,0,1,0,0,0,0,0,0,0,4.09181,0,0,1
29,22,0,0,0,2,0,0,0,0,0,0,3.8143718,0,0,1
31,24,0,0,0,2,0,0,0,0,0,0,3.950344,0,0,1
23,4,11,0,3,0,0,0,0,0,0,0,4.023137,1,0,1
23,4,11,0,3,0,0,0,0,0,0,0,4.1100936,1,0,1
23,4,11,0,2,0,0,0,0,0,0,0,4.023137,1,0,1
23,4,11,0,1,0,0,0,0,0,0,0,3.8492239,1,0,1
23,4,11,0,1,0,0,0,0,0,0,0,3.9361804,1,0,1
20,6,6,0,1,0,0,0,0,0,0,0,3.8841836,0,0,1
20,6,6,0,1,0,0,0,0,0,0,0,3.8841836,0,0,1
20,6,6,0,0,0,0,0,0,0,0,0,3.8841836,0,0,1
84,15,61,0,6,2,0,1,0,0,0,0,5.1185827,0,0,1
84,15,61,0,7,0,0,1,0,0,0,0,5.149417,0,0,1
46,7,2,28,2,1,1,1,0,0,0,0,4.38162,0,0,1
46,7,2,28,1,1,1,1,0,0,0,0,4.3545523,0,0,1
28,11,9,0,2,0,0,0,0,0,0,0,4.3962917,1,0,1
28,11,9,0,1,0,0,0,0,0,0,0,4.253434,1,0,1
28,11,9,0,3,0,0,0,0,0,0,0,4.2264743,1,0,1
22,7,7,0,0,0,0,0,0,0,0,0,3.697846,0,0,1
26,10,8,0,1,0,0,0,0,0,0,0,4.132944,1,0,1
28,11,9,0,2,0,0,0,0,0,0,0,4.110577,1,0,1
28,11,9,0,3,0,0,0,0,0,0,0,4.1550455,1,0,1
45,18,19,0,0,1,0,1,0,0,0,0,3.903321,0,0,1
28,11,9,0,3,0,0,0,0,0,0,0,4.324863,1,0,1
57,18,19,0,0,3,0,1,0,0,0,0,4.271597,0,0,1
26,10,1,6,1,0,1,0,0,0,0,0,4.2867904,0,0,1
31,6,17,0,0,0,0,0,0,0,0,0,4.0266194,1,0,1
28,11,9,0,2,0,0,0,0,0,0,0,4.324863,1,0,1
27,10,1,7,2,0,1,0,0,0,0,0,4.3565583,0,0,1
27,10,1,7,2,0,1,0,0,0,0,0,4.3565583,0,0,1
27,10,1,7,2,0,1,0,0,0,0,0,4.3565583,0,0,1
27,10,1,7,2,0,1,0,0,0,0,0,4.3565583,0,0,1
26,10,1,6,1,0,1,0,0,0,0,0,4.2867904,0,0,1
51,19,24,0,0,2,0,1,0,0,0,0,4.2483234,0,0,1
30,12,8,0,2,0,0,0,0,0,0,0,4.1199026,0,0,1
38,8,22,0,0,0,0,0,0,0,0,0,3.8603208,0,0,1
61,18,35,0,0,1,0,0,0,0,0,0,4.207629,0,0,1
128,21,20,78,14,2,8,0,0,0,0,0,5.1125026,0,0,1
25,16,1,0,0,0,0,0,0,0,0,0,3.669275,0,0,1
32,16,8,0,0,0,0,0,0,0,0,0,3.7806392,0,0,1
48,17,11,12,9,0,2,1,0,0,0,0,4.6551876,0,0,1
56,23,25,0,3,0,0,1,0,0,0,0,4.4834447,0,0,1
47,14,25,0,3,0,0,1,0,0,0,0,4.5178003,0,0,1
51,18,25,0,2,0,0,1,0,0,0,0,4.5916524,0,0,1
75,24,1,41,23,1,2,1,0,0,0,0,4.8656344,0,0,1
140,30,45,56,22,4,2,1,0,0,0,0,5.000592,0,0,1
138,30,43,56,21,5,2,1,0,0,0,0,4.889849,0,0,1
94,10,4,80,8,1,4,0,0,0,1,0,5.193808,0,0,1
36,27,1,0,0,3,0,1,0,0,0,0,4.141604,0,0,1
35,26,1,0,0,0,0,1,0,0,0,0,3.957296,0,0,1
30,21,1,0,0,0,0,1,0,0,0,0,4.231402,0,0,1
38,29,1,0,0,3,0,1,0,0,0,0,4.0509815,0,0,1
33,24,1,0,1,0,0,1,0,0,0,0,4.331977,0,0,1
32,23,1,0,0,0,0,1,0,0,0,0,4.1403193,0,0,1
33,24,1,0,0,1,0,1,0,0,0,0,4.248495,0,0,1
30,21,1,0,0,0,0,1,0,0,0,0,3.9647353,0,0,1
36,27,1,0,0,0,0,1,0,0,0,0,4.0860486,0,0,1
49,40,1,0,0,0,0,1,0,0,0,0,4.1812644,0,0,1
25,16,1,0,5,0,0,1,0,0,0,0,4.2136607,0,0,1
44,26,10,0,0,2,0,0,0,0,0,0,4.018884,0,1,1
60,19,18,14,7,0,1,1,0,0,0,0,4.777747,0,0,1
30,20,3,0,0,0,0,0,0,0,0,0,4.1647353,0,0,1
23,4,11,0,1,0,0,0,0,0,0,0,4.1100936,1,0,1
48,21,19,0,0,1,0,1,0,0,0,0,4.4285088,0,1,1
141,31,7,94,19,2,1,1,0,0,0,0,5.695304,0,0,1
24,8,8,0,2,0,0,0,0,0,0,0,3.8868423,0,0,1
48,39,1,0,6,3,0,1,0,0,0,0,4.4154005,0,0,1
38,17,13,0,3,1,0,1,0,0,0,0,4.438588,0,0,1
42,14,20,0,15,0,0,1,0,0,0,0,4.397688,0,0,1
76,25,1,41,23,1,2,1,0,0,0,0,4.7281914,0,0,1
75,24,1,41,16,1,2,1,0,0,0,0,4.741595,0,0,1
76,25,1,41,28,1,2,1,0,0,0,0,4.8176217,0,0,1
76,25,1,41,21,1,2,1,0,0,0,0,4.8616347,0,0,1
75,24,1,41,20,1,2,1,0,0,0,0,4.579955,0,0,1
75,24,1,41,25,1,2,1,0,0,0,0,4.9053736,0,0,1
75,24,1,41,19,1,2,1,0,0,0,0,4.807096,0,0,1
114,24,1,84,35,1,6,1,0,0,1,0,5.3397937,0,0,1
76,25,1,41,22,1,2,1,0,0,0,0,4.862949,0,0,1
76,25,1,41,19,1,2,1,0,0,0,0,4.774069,0,0,1
76,25,1,41,24,1,2,1,0,0,0,0,4.8905787,0,0,1
43,26,9,0,0,0,0,0,0,0,0,0,4.219886,0,0,1
76,25,1,41,23,1,2,1,0,0,0,0,4.8892646,0,0,1
54,34,12,0,1,2,0,1,0,0,0,0,4.3011193,0,0,1
48,39,1,0,1,0,0,1,0,0,0,0,4.079987,0,0,1
41,13,20,0,0,0,0,0,0,0,0,0,3.918681,0,0,1
51,44,0,0,19,1,0,1,0,0,0,0,4.4855757,0,0,1
47,10,29,0,0,0,0,0,0,0,0,0,4.1261754,0,0,1
45,8,29,0,0,0,0,0,0,0,0,0,4.0801687,0,0,1
53,20,25,0,3,0,0,1,0,0,0,0,4.5462375,0,0,1
47,12,27,0,5,1,0,1,0,0,0,0,4.7139554,0,0,1
47,12,27,0,3,0,0,1,0,0,0,0,4.7139554,0,0,1
56,37,11,0,0,0,0,1,0,0,0,0,4.267376,0,0,1
49,31,10,0,0,0,0,1,0,0,0,0,4.0842257,0,0,1
24,16,1,0,0,0,0,0,0,0,0,0,4.0535088,0,0,1
25,16,1,0,0,0,0,0,0,0,0,0,4.053661,0,0,1
76,25,1,41,18,1,2,1,0,0,0,0,4.854634,0,0,1
75,24,1,41,22,1,2,1,0,0,0,0,4.806109,0,0,1
76,25,1,41,28,1,2,1,0,0,0,0,4.8905787,0,0,1
76,25,1,41,25,1,2,1,0,0,0,0,4.906962,0,0,1
42,14,20,0,15,0,0,1,0,0,0,0,4.397688,0,0,1
76,25,1,41,22,1,2,1,0,0,0,0,4.719022,0,0,1
75,24,1,41,18,1,2,1,0,0,0,0,4.685504,0,0,1
75,24,1,41,23,1,2,1,0,0,0,0,4.6993504,0,0,1
47,12,27,0,4,1,0,1,0,0,0,0,4.7300167,0,0,1
51,11,31,0,4,1,0,0,0,0,0,0,4.4071445,0,0,1
49,42,0,0,17,1,0,1,0,0,0,0,4.5018663,0,0,1
59,52,0,0,19,1,0,1,0,0,0,0,4.482148,0,0,1
57,50,0,0,17,1,0,1,0,0,0,0,4.523606,0,0,1
34,27,0,0,6,1,0,1,0,0,0,0,4.1607046,0,0,1
27,18,1,0,0,0,0,1,0,0,0,0,4.2084103,0,0,1
37,28,1,0,0,0,0,1,0,0,0,0,4.114066,0,0,1
32,23,1,0,0,0,0,1,0,0,0,0,4.10141,0,0,1
37,28,1,0,0,0,0,1,0,0,0,0,4.2833815,0,0,1
46,37,1,0,7,3,0,1,0,0,0,0,4.778678,0,0,1
34,25,1,0,0,0,0,1,0,0,0,0,4.1607046,0,0,1
34,25,1,0,0,0,0,1,0,0,0,0,4.314973,0,0,1
33,24,1,0,2,0,0,1,0,0,0,0,4.187889,0,0,1
37,28,1,0,7,0,0,1,0,0,0,0,4.042933,0,0,1
38,29,1,0,8,0,0,1,0,0,0,0,3.9976702,0,0,1
30,21,1,0,0,1,0,1,0,0,0,0,4.0980687,0,0,1
36,27,1,0,0,0,0,1,0,0,0,0,4.260067,0,0,1
37,28,1,0,0,0,0,1,0,0,0,0,4.206226,0,0,1
34,25,1,0,0,0,0,1,0,0,0,0,3.939829,0,0,1
35,26,1,0,0,0,0,1,0,0,0,0,4.0687284,0,0,1
33,24,1,0,0,0,0,1,0,0,0,0,4.248495,0,0,1
36,27,1,0,0,0,0,1,0,0,0,0,4.1070175,0,1,1
35,26,1,0,0,0,0,1,0,0,0,0,4.2645783,0,0,1
47,38,1,0,0,0,0,1,0,0,0,0,4.296729,0,0,1
34,25,1,0,0,0,0,1,0,0,0,0,4.1162996,0,0,1
33,24,1,0,0,0,0,1,0,0,0,0,4.2336397,0,0,1
39,30,1,0,0,0,0,1,0,0,0,0,4.2117023,0,0,1
35,26,1,0,0,0,0,1,0,0,0,0,4.04716,0,0,1
34,25,1,0,0,0,0,1,0,0,0,0,4.219528,0,0,1
36,27,1,0,0,0,0,1,0,0,0,0,4.127987,0,0,1
33,24,1,0,0,0,0,1,0,0,0,0,3.8997142,0,0,1
36,27,1,0,0,0,0,1,0,0,0,0,4.1734166,0,0,1
40,31,1,0,3,1,0,1,0,0,0,0,4.384184,0,0,1
32,23,1,0,0,0,0,1,0,0,0,0,4.22641,0,0,1
38,29,1,0,0,0,0,1,0,0,0,0,4.155565,0,0,1
33,24,1,0,0,0,0,1,0,0,0,0,4.187889,0,0,1
36,27,1,0,1,0,0,1,0,0,0,0,4.315623,0,0,1
34,25,1,0,0,0,0,1,0,0,0,0,4.182907,0,0,1
33,24,1,0,0,0,0,1,0,0,0,0,4.078506,0,0,1
35,26,1,0,0,0,0,1,0,0,0,0,4.300153,0,0,1
32,23,1,0,0,0,0,1,0,0,0,0,4.2653193,0,0,1
33,24,1,0,0,0,0,1,0,0,0,0,4.187889,0,0,1
26,17,1,0,2,0,0,1,0,0,0,0,3.9790978,0,0,1
33,24,1,0,0,0,0,1,0,0,0,0,4.248495,0,0,1
37,28,1,0,3,0,0,1,0,0,0,0,4.3170333,0,0,1
46,37,1,0,3,0,0,1,0,0,0,0,4.2645154,0,0,1
35,26,1,0,0,0,0,1,0,0,0,0,4.150293,0,0,1
36,27,1,0,0,0,0,1,0,0,0,0,4.19716,0,0,1
71,62,1,0,5,0,0,1,0,0,0,0,4.6491084,0,1,1
34,25,1,0,0,0,0,1,0,0,0,0,4.3371754,0,0,1
34,25,1,0,0,0,0,1,0,0,0,0,4.2561493,0,0,1
31,22,1,0,0,0,0,1,0,0,0,0,4.1313004,0,0,1
36,27,1,0,0,0,0,1,0,0,0,0,4.1070175,0,0,1
36,27,1,0,0,0,0,1,0,0,0,0,3.940351,0,0,1
33,24,1,0,0,0,0,1,0,0,0,0,4.1124277,0,0,1
33,24,1,0,0,0,0,1,0,0,0,0,4.1730337,0,0,1
38,29,1,0,0,0,0,1,0,0,0,0,4.273729,0,0,1
34,25,1,0,0,0,0,1,0,0,0,0,4.233947,0,0,1
28,19,1,0,0,0,0,1,0,0,0,0,4.110577,0,0,1
37,28,1,0,0,0,0,1,0,0,0,0,4.2497296,0,0,1
33,24,1,0,0,0,0,1,0,0,0,0,4.2107644,0,0,1
34,25,1,0,0,0,0,1,0,0,0,0,4.395999,0,0,1
30,21,1,0,0,0,0,1,0,0,0,0,4.056565,0,0,1
32,23,1,0,0,0,0,1,0,0,0,0,4.22641,0,0,1
33,24,1,0,0,0,0,1,0,0,0,0,4.127283,0,0,1
32,23,1,0,0,0,0,1,0,0,0,0,4.0778193,0,0,1
35,26,1,0,0,0,0,1,0,0,0,0,4.229004,0,0,1
33,24,1,0,0,0,0,1,0,0,0,0,4.0895524,0,0,1
36,27,1,0,0,0,0,1,0,0,0,0,4.0650797,0,0,1
36,27,1,0,0,0,0,1,0,0,0,0,4.0934005,0,0,1
33,24,1,0,0,0,0,1,0,0,0,0,4.22562,0,0,1
33,24,1,0,0,0,0,1,0,0,0,0,4.248495,0,0,1
34,25,1,0,0,0,0,1,0,0,0,0,4.0718946,0,0,1
26,17,1,0,0,0,0,1,0,0,0,0,3.9500637,0,0,1
35,26,1,0,0,0,0,1,0,0,0,0,4.1287246,0,0,1
33,24,1,0,0,0,0,1,0,0,0,0,4.066677,0,0,1
33,24,1,0,0,0,0,1,0,0,0,0,4.187889,0,0,1
36,27,1,0,0,0,0,1,0,0,0,0,4.148956,0,0,1
30,21,1,0,0,1,0,1,0,0,0,0,4.281728,0,0,1
35,26,1,0,0,0,0,1,0,0,0,0,4.4575753,0,0,1
22,13,1,0,0,0,0,0,0,0,0,0,3.7544417,0,0,1
29,13,8,0,0,0,0,0,0,0,0,0,3.8143718,0,0,1
56,49,0,0,16,1,0,1,0,0,0,0,4.532639,0,0,1
48,41,0,0,16,1,0,1,0,0,0,0,4.5165415,0,0,1
45,23,8,6,0,0,1,0,0,0,0,0,4.1635323,0,0,1
42,35,0,0,6,1,0,1,0,0,0,0,4.424956,0,0,1
46,17,21,0,3,1,0,0,0,0,0,0,4.273911,0,0,1
25,16,1,0,0,0,0,1,0,0,0,0,3.5132697,0,0,1
895,24,29,828,132,22,13,1,0,1,1,0,5.898367,0,0,1
131,15,108,0,15,3,0,1,0,0,0,0,5.5577474,0,0,1
46,16,22,0,0,0,0,1,0,0,0,0,3.9017498,0,0,1
39,23,8,0,0,1,0,1,0,0,0,0,4.131055,0,0,1
101,21,26,45,45,0,1,1,0,0,0,0,4.6978984,0,0,1
27,18,1,0,0,0,0,1,0,0,0,0,3.8282375,0,0,1
29,20,1,0,0,1,0,0,0,0,0,0,3.9228287,0,0,1
25,17,0,0,0,0,0,0,0,0,0,0,3.9736607,0,0,1
29,21,0,0,0,1,0,1,0,0,0,0,4.047299,0,0,1
30,21,1,0,0,0,0,0,0,0,0,0,3.6062388,0,0,1
28,19,1,0,0,0,0,0,0,0,0,0,3.842371,0,0,1
26,17,1,0,0,1,0,0,0,0,0,0,3.6573853,0,0,1
35,17,10,0,0,1,0,0,0,0,0,0,4.01039,0,0,1
131,15,108,0,17,3,0,1,0,0,0,0,5.35243,0,0,1
60,36,16,0,0,2,0,0,0,0,0,0,4.31065,0,0,1
49,42,0,0,17,1,0,1,0,0,0,0,4.4456444,0,0,1
34,27,0,0,6,1,0,1,0,0,0,0,4.278352,0,0,1
39,30,1,0,0,2,0,1,0,0,0,0,4.079773,0,0,1
50,26,16,0,0,2,0,0,0,0,0,0,4.2063704,0,0,1
58,21,29,0,10,0,0,0,0,0,0,0,4.579723,0,0,1
57,50,0,0,17,1,0,1,0,0,0,0,4.4752746,0,0,1
42,35,0,0,7,1,0,1,0,0,0,0,4.338397,0,0,1
51,43,0,0,8,2,0,1,0,0,0,0,4.3659706,0,0,1
33,18,7,0,0,1,0,0,0,0,0,0,3.9454648,0,0,1
56,49,0,0,16,1,0,1,0,0,0,0,4.4254966,0,0,1
48,41,0,0,16,1,0,1,0,0,0,0,4.3915415,0,0,1
96,54,1,0,16,5,0,3,0,0,0,0,4.896117,0,0,1
69,20,41,0,25,0,0,0,0,0,0,0,4.655788,0,0,1
272,26,15,197,27,2,2,2,0,1,0,0,5.8406596,0,0,1
62,43,11,0,19,1,0,1,0,0,0,0,4.68104,0,0,1
28,11,9,0,2,0,0,0,0,0,0,0,4.2264743,1,0,1
28,11,9,0,4,0,0,0,0,0,0,0,4.3962917,1,0,1
28,11,9,0,5,0,0,0,0,0,0,0,4.253434,1,0,1
27,18,1,0,0,1,0,1,0,0,0,0,3.6484318,0,0,1
28,11,9,0,3,0,0,0,0,0,0,0,4.110577,1,0,1
66,10,48,0,18,4,0,1,0,0,0,0,4.5936575,0,1,1
28,11,9,0,3,0,0,0,0,0,0,0,4.182006,1,0,1
27,12,7,0,0,0,0,0,0,0,0,0,3.7821221,0,0,1
75,24,1,41,22,1,2,1,0,0,0,0,4.8446383,0,0,1
75,24,1,41,17,1,2,1,0,0,0,0,4.798707,0,0,1
75,24,1,41,19,1,2,1,0,0,0,0,4.7788844,0,0,1
75,24,1,41,19,1,2,1,0,0,0,0,4.808214,0,0,1
75,24,1,41,16,1,2,1,0,0,0,0,4.806883,0,0,1
18,11,0,0,0,0,0,0,0,0,0,0,3.8365917,0,0,1
65,43,14,0,21,1,0,1,0,0,0,0,4.610851,0,0,1
31,22,1,0,0,2,0,1,0,0,0,0,3.925993,0,0,1
31,23,0,0,0,2,0,1,0,0,0,0,3.977917,0,0,1
31,23,0,0,1,1,0,1,0,0,0,0,4.042433,0,0,1
30,18,4,0,0,0,0,0,0,0,0,0,3.8314018,0,0,1
45,18,20,0,0,0,0,0,0,0,0,0,4.0388737,0,0,1
29,13,8,0,1,0,0,0,0,0,0,0,3.9353986,0,0,1
29,12,9,0,1,0,0,0,0,0,0,0,3.8664331,0,0,1
41,13,20,0,0,0,0,1,0,0,0,0,3.8876822,0,0,1
86,45,33,0,36,0,0,1,0,0,0,0,4.212888,0,0,1
52,44,0,0,3,2,0,1,0,0,0,0,4.164892,0,0,1
42,23,11,0,0,1,0,1,0,0,0,0,4.2844763,0,1,1
64,17,39,0,2,1,0,0,0,0,0,0,3.6822078,0,0,1
78,20,17,32,19,0,1,0,0,0,0,0,4.7135644,0,0,1
49,12,30,0,0,1,0,0,0,0,0,0,4.1578918,0,1,1
52,11,33,0,0,1,0,0,0,0,0,0,4.29591,0,0,1
35,10,17,0,0,0,0,0,0,0,0,0,3.6931498,0,0,1
34,10,16,0,0,0,0,0,0,0,0,0,3.704535,0,0,1
133,21,9,94,0,1,3,0,0,0,0,0,4.5961576,0,1,1
41,20,13,0,0,0,0,1,0,0,0,0,4.013176,0,1,1
26,15,3,0,0,1,0,0,0,0,0,0,3.8252518,0,0,1
40,31,1,0,0,2,0,1,0,0,0,0,4.1464396,0,0,1
86,22,23,32,3,3,2,1,0,0,0,0,4.6729603,0,0,1
183,20,10,144,14,5,2,1,0,0,0,0,5.7459946,0,0,1
44,23,13,0,0,0,0,0,0,0,0,0,4.2572985,0,0,1
56,17,14,16,8,0,1,0,0,0,0,0,4.7159367,0,0,1
46,7,2,28,2,1,1,1,0,0,0,0,4.4250984,0,0,1
23,4,11,0,2,0,0,0,0,0,0,0,4.023137,1,0,1
23,4,11,0,1,0,0,0,0,0,0,0,3.882045,1,0,1
20,6,6,0,2,0,0,0,0,0,0,0,3.6841838,0,0,1
35,24,3,0,1,0,0,0,0,0,0,0,4.0931497,0,0,1
28,11,9,0,2,0,0,0,0,0,0,0,4.324863,1,0,1
25,16,1,0,0,1,0,0,0,0,0,0,4.053661,0,0,1
20,5,7,0,1,0,0,0,0,0,0,0,3.9841838,0,0,1
24,10,6,0,0,0,0,0,0,0,0,0,3.8553886,0,0,1
50,17,25,0,10,0,0,1,0,0,0,0,4.6312723,0,0,1
63,22,33,0,0,0,0,1,0,0,0,0,4.1144505,0,1,1
119,17,39,54,47,2,1,1,0,0,0,0,5.019484,0,0,1
21,6,7,0,1,1,0,0,0,0,0,0,3.6897037,0,0,1
21,6,7,0,0,1,0,0,0,0,0,0,3.939471,0,0,1
23,8,7,0,1,0,0,1,0,0,0,0,3.8492239,0,0,1
23,8,7,0,0,0,0,1,0,0,0,0,3.9690015,0,0,1
93,43,11,30,40,1,1,1,0,0,0,0,4.703394,0,0,1
62,43,11,0,23,1,0,1,0,0,0,0,4.7277594,0,0,1
23,14,1,0,0,0,0,0,0,0,0,0,3.6753109,0,0,1
55,11,32,3,3,2,1,0,0,0,0,0,4.431563,0,0,1
32,6,6,11,3,0,1,0,0,0,0,0,4.60141,0,0,1
99,14,4,80,8,1,4,1,0,0,1,0,5.192206,0,0,1
37,28,1,0,0,1,0,1,0,0,0,0,3.9723065,0,0,1
47,22,17,0,0,2,0,1,0,0,0,0,4.351837,0,1,1
50,16,26,0,0,3,0,1,0,0,0,0,4.0611477,0,0,1
49,24,17,0,9,0,0,1,0,0,0,0,4.532678,0,0,1
35,12,15,0,1,0,1,1,0,0,0,0,4.479143,0,0,1
36,16,12,0,2,0,0,1,0,0,0,0,4.4822893,0,0,1
48,19,21,0,1,0,1,1,0,1,0,1,4.543834,0,0,1
69,23,38,0,2,0,3,2,0,1,0,0,4.5901055,0,0,1
240,23,15,193,117,12,1,2,0,0,0,0,4.648234,0,0,1
131,15,108,0,13,1,0,1,0,0,0,0,5.631402,0,0,1
214,24,15,166,94,11,1,2,0,0,0,0,4.673281,0,0,1
37,8,21,0,0,1,0,0,0,0,0,0,3.9128542,0,0,1
31,23,0,0,0,0,0,0,0,0,0,0,3.8245335,0,0,1
86,11,6,0,21,0,0,0,0,0,0,0,5.3548813,0,0,1
20,13,0,0,0,1,0,0,0,0,0,0,3.7841837,0,0,1
35,9,18,0,4,0,0,0,0,0,0,0,4.0687284,0,0,1
48,16,25,0,1,2,0,0,0,0,0,0,4.4209146,0,0,1
85,45,36,0,1,3,0,3,0,0,1,0,4.5742445,0,0,1
31,19,4,0,0,0,0,1,0,0,0,0,3.9219382,0,0,1
36,24,4,0,0,0,0,1,0,0,0,0,4.0141015,0,0,1
41,24,9,0,0,2,0,1,0,0,0,0,3.8389018,0,0,1
33,24,1,0,4,2,0,1,0,0,0,0,4.476064,0,0,1
55,46,1,0,0,0,0,1,0,0,0,0,4.242647,0,0,1
59,50,1,0,5,2,0,1,0,0,0,0,4.592152,0,0,1
32,23,1,0,0,0,0,1,0,0,0,0,3.9917293,0,0,1
30,21,1,0,1,2,0,1,0,0,0,0,4.148394,0,0,1
43,34,1,0,0,0,0,1,0,0,0,0,4.158141,0,0,1
45,36,1,0,0,0,0,1,0,0,0,0,4.207977,0,0,1
30,21,1,0,1,1,0,1,0,0,0,0,3.828073,0,0,1
43,34,1,0,0,0,0,1,0,0,0,0,3.9811726,0,0,1
44,35,1,0,1,0,0,1,0,0,0,0,4.3713794,0,0,1
40,31,1,0,2,1,0,1,0,0,0,0,4.1464396,0,0,1
40,31,1,0,2,1,0,1,0,0,0,0,4.3153114,0,0,1
32,23,1,0,0,0,0,1,0,0,0,0,4.1792293,0,0,1
59,50,1,0,11,0,0,1,0,0,0,0,4.9373136,0,0,1
35,26,1,0,0,0,0,1,0,0,0,0,4.2074356,0,0,1
37,28,1,0,1,0,0,1,0,0,0,0,4.3374352,0,0,1
35,26,1,0,0,0,0,1,0,0,0,0,4.2861466,0,0,1
31,22,1,0,3,0,0,1,0,0,0,0,4.1556516,0,0,1
38,29,1,0,0,1,0,1,0,0,0,0,4.3591266,0,0,1
31,22,1,0,0,2,0,1,0,0,0,0,4.2603326,0,0,1
30,21,1,0,0,0,0,1,0,0,0,0,4.0980687,0,0,1
26,17,1,0,0,0,0,1,0,0,0,0,4.0560207,0,0,1
29,20,1,0,0,1,0,1,0,0,0,0,4.3491917,0,0,1
38,29,1,0,0,1,0,1,0,0,0,0,4.188331,0,0,1
25,16,1,0,0,0,0,1,0,0,0,0,3.9434652,0,0,1
32,23,1,0,0,0,0,1,0,0,0,0,4.0153193,0,0,1
35,26,1,0,0,0,0,1,0,0,0,0,3.9713023,0,0,1
29,20,1,0,0,0,0,1,0,0,0,0,3.9783335,0,0,1
31,22,1,0,0,0,0,1,0,0,0,0,4.0825977,0,0,1
31,22,1,0,0,0,0,1,0,0,0,0,4.0911355,0,0,1
45,36,1,0,0,4,0,1,0,0,0,0,4.358085,0,0,1
42,33,1,0,0,0,0,1,0,0,0,0,4.1485357,0,0,1
29,20,1,0,0,2,0,1,0,0,0,0,4.211261,0,0,1
30,21,1,0,0,3,0,1,0,0,0,0,4.189898,0,0,1
32,23,1,0,3,0,0,1,0,0,0,0,4.3278193,0,0,1
37,28,1,0,10,0,0,1,0,0,0,0,4.445544,0,0,1
28,19,1,0,1,0,0,1,0,0,0,0,3.985228,0,0,1
32,23,1,0,4,0,0,1,0,0,0,0,4.093139,0,0,1
27,18,1,0,7,0,0,1,0,0,0,0,3.986188,0,0,1
47,22,17,0,10,0,0,1,0,0,0,0,4.483003,0,0,1
43,15,20,0,15,0,0,1,0,0,0,0,4.3441873,0,0,1
126,15,54,48,8,1,3,1,0,0,0,0,5.0362115,0,0,1
75,24,1,41,23,1,2,1,0,0,0,0,4.877031,0,0,1
75,24,1,41,27,1,2,1,0,0,0,0,4.850709,0,0,1
75,24,1,41,25,1,2,1,0,0,0,0,4.9015,0,0,1
75,24,1,41,17,1,2,1,0,0,0,0,4.776343,0,0,1
75,24,1,41,24,1,2,1,0,0,0,0,4.985029,0,0,1
75,24,1,41,23,1,2,1,0,0,0,0,4.891743,0,0,1
75,24,1,41,21,1,2,1,0,0,0,0,4.818837,0,0,1
75,24,1,41,24,1,2,1,0,0,0,0,4.8615475,0,0,1
76,25,1,41,31,1,2,1,0,0,0,0,4.8564987,0,0,1
76,25,1,41,25,1,2,1,0,0,0,0,4.9142666,0,0,1
76,25,1,41,20,1,2,1,0,0,0,0,4.8879504,0,0,1
76,25,1,41,25,1,2,1,0,0,0,0,4.9039936,0,0,1
76,25,1,41,20,1,2,1,0,0,0,0,4.6553903,0,0,1
76,25,1,41,24,1,2,1,0,0,0,0,4.9251733,0,0,1
76,25,1,41,25,1,2,1,0,0,0,0,4.9005113,0,0,1
76,25,1,41,23,1,2,1,0,0,0,0,4.873645,0,0,1
75,24,1,41,25,1,2,1,0,0,0,0,4.8315654,0,0,1
76,25,1,41,23,1,2,1,0,0,0,0,4.788798,0,0,1
76,25,1,41,21,1,2,1,0,0,0,0,4.8250465,0,0,1
76,25,1,41,22,1,2,1,0,0,0,0,4.919826,0,0,1
41,22,11,0,0,0,0,2,0,0,0,0,4.0370893,0,0,1
75,25,42,0,3,4,0,1,0,0,0,0,4.7720404,0,0,1
52,25,7,13,0,1,1,2,0,0,1,0,4.4500637,0,0,1
38,29,1,0,0,3,0,1,0,0,0,0,3.968212,0,0,1
29,20,1,0,0,2,0,0,0,0,0,0,4.0212684,0,0,1
35,20,7,0,0,2,0,0,0,0,0,0,4.0687284,0,0,1
113,32,42,30,13,3,2,2,0,0,0,0,5.219065,0,0,1
30,21,1,0,0,2,0,1,0,0,0,0,4.0314016,0,0,1
44,28,8,0,0,3,0,1,0,0,0,0,4.220129,0,0,1
41,34,0,0,7,1,0,1,0,0,0,0,4.5034165,0,0,1
94,10,53,0,2,2,1,0,0,1,0,0,4.3856764,0,0,1
76,22,35,10,0,3,1,1,0,0,0,0,4.325599,0,1,1
97,37,52,0,17,7,0,1,0,0,0,0,4.5173316,0,0,1
36,27,1,0,0,0,0,1,0,0,0,0,4.1552215,0,0,1
27,18,1,0,0,1,0,0,0,0,0,0,4.106377,0,0,1
34,18,8,0,0,1,0,0,0,0,0,0,4.057476,0,0,1
33,18,7,0,0,1,0,0,0,0,0,0,3.8242528,0,0,1
20,11,1,0,0,0,0,0,0,0,0,0,3.7841837,0,0,1
62,25,29,0,15,0,0,1,0,0,0,0,4.4272885,0,1,1
66,20,21,0,0,0,1,0,0,1,0,0,4.348695,0,0,1
49,20,21,0,0,0,0,0,0,0,0,0,4.2395244,0,0,1
60,25,27,0,4,0,3,1,0,1,0,0,4.789898,0,0,1
112,14,4,93,6,0,4,1,0,0,1,0,5.164467,0,0,1
48,27,13,0,3,0,0,1,0,0,0,0,4.7303886,0,0,1
29,8,13,0,2,0,0,0,0,0,0,0,4.1422954,0,0,1
42,21,1,11,0,1,1,0,0,0,0,0,4.5585184,0,0,1
91,15,68,0,9,0,0,1,0,0,0,0,5.250612,0,0,1
23,6,9,0,0,0,0,0,0,0,0,0,3.1535718,1,0,1
43,10,25,0,0,0,0,0,0,0,0,0,4.118385,0,0,1
44,21,15,0,0,1,0,0,0,0,0,0,3.9345775,0,0,1
114,14,92,0,24,0,0,0,0,0,0,0,5.5937815,0,0,1
31,22,1,0,0,0,0,1,0,0,0,0,3.8488846,0,0,1
75,24,1,41,24,1,2,1,0,0,0,0,4.8835673,0,0,1
46,17,1,20,6,1,1,1,0,0,0,0,4.414441,0,0,1
34,26,0,0,0,1,0,0,0,0,0,0,4.057476,0,0,1
131,15,108,0,20,1,0,1,0,0,0,0,5.4974203,0,0,1
47,12,27,0,5,0,0,1,0,0,0,0,4.6874638,0,0,1
35,15,12,0,0,0,0,0,0,0,0,0,3.949734,0,0,1
75,24,1,41,25,1,2,1,0,0,0,0,4.8468356,0,0,1
36,21,7,0,0,2,0,0,0,0,0,0,4.096892,0,0,1
25,16,1,0,0,0,0,0,0,0,0,0,3.7834651,0,0,1
28,12,8,0,1,0,0,0,0,0,0,0,3.94076,0,0,1
75,24,1,41,25,1,2,1,0,0,0,0,4.918102,0,0,1
47,12,27,0,1,1,0,1,0,0,0,0,4.628849,0,0,1
36,7,21,0,4,2,0,0,0,0,0,0,4.302723,0,0,1
25,10,7,0,2,0,0,0,0,0,0,0,4.053661,1,0,1
35,12,11,9,0,0,1,0,0,0,1,0,3.7211626,0,0,1
38,30,1,0,0,2,0,0,0,0,0,0,4.0208435,0,0,1
38,30,1,0,0,2,0,1,0,0,0,0,4.2081966,0,0,1
37,22,7,0,0,2,0,0,0,0,0,0,4.057313,0,0,1
58,51,0,0,18,1,0,1,0,0,0,0,4.4892898,0,0,1
29,20,1,0,0,2,0,0,0,0,0,0,4.0212684,0,0,1
24,9,7,0,0,0,0,0,0,0,0,0,3.501629,0,0,1
34,27,0,0,0,2,0,1,0,0,0,0,4.0545387,0,0,1
59,18,33,0,1,0,3,1,0,1,0,0,4.657547,0,0,1
24,16,0,0,2,1,0,0,0,0,0,0,4.0535088,0,0,1
32,14,10,0,0,1,0,0,0,0,0,0,3.9650183,0,0,1
24,17,0,0,0,0,0,0,0,0,0,0,3.9345608,0,0,1
47,12,27,0,4,0,0,1,0,0,0,0,4.6371546,0,0,1
23,14,1,0,6,0,0,1,0,0,0,0,3.8492239,0,0,1
35,9,18,0,1,0,0,0,0,0,0,0,4.514718,0,0,1
113,15,76,13,7,3,1,1,0,0,0,0,5.1910267,0,0,1
99,15,76,0,7,3,0,1,0,0,0,0,5.1367846,0,0,1
38,20,10,0,0,2,0,1,0,0,0,0,3.9880774,0,1,1
27,20,0,0,0,2,0,1,0,0,0,0,3.7043495,0,0,1
23,4,11,0,2,0,0,0,0,0,0,0,4.023137,1,0,1
23,4,11,0,2,0,0,0,0,0,0,0,3.9033592,1,0,1
20,6,6,0,0,0,0,0,0,0,0,0,3.7841837,0,0,1
20,6,6,0,1,1,0,0,0,0,0,0,3.8841836,0,0,1
38,22,8,0,1,0,0,1,0,0,0,0,3.9907055,0,0,1
84,15,61,0,5,0,0,1,0,0,0,0,5.0733414,0,0,1
84,15,61,0,7,1,0,1,0,0,0,0,5.3087516,0,0,1
46,7,2,28,1,1,1,1,0,0,0,0,4.3545523,0,0,1
28,11,9,0,3,0,0,0,0,0,0,0,4.324863,1,0,1
63,17,38,0,5,1,0,1,0,0,0,0,4.532271,0,0,1
25,6,11,0,0,0,0,0,0,0,0,0,3.749275,1,0,1
26,6,12,0,0,0,0,0,0,0,0,0,3.7633424,1,0,1
62,43,11,0,20,1,0,1,0,0,0,0,4.579997,0,0,1
29,6,15,0,0,1,0,0,0,0,0,0,4.004364,1,0,1
22,6,8,0,4,0,0,0,0,0,0,0,3.7544417,1,0,1
28,19,1,0,0,1,0,0,0,0,0,0,3.8388045,0,0,1
28,20,0,0,0,0,0,0,0,0,0,0,4.2089663,0,0,1
30,10,12,0,0,0,0,1,0,0,0,0,4.281728,0,0,1
51,27,16,0,0,1,0,1,0,0,0,0,4.133141,0,0,1
31,22,1,0,0,2,0,0,0,0,0,0,4.042433,0,0,1
25,18,0,0,0,0,0,0,0,0,0,0,3.8594706,0,0,1
201,32,167,0,52,10,0,3,0,0,1,0,5.095232,0,0,1
201,32,167,0,52,10,0,3,0,0,1,0,5.1421847,0,0,1
184,17,103,40,46,0,1,1,0,0,0,0,5.210918,0,0,1
32,23,1,0,0,1,0,2,0,0,0,0,4.2417293,0,0,1
28,19,1,0,0,1,0,1,0,0,0,0,4.2089663,0,0,1
34,19,7,0,0,1,0,1,0,0,0,0,4.175123,0,0,1
48,8,7,0,0,0,1,0,0,1,0,0,4.3813286,0,0,1
108,14,4,89,4,1,4,1,0,0,1,0,5.1448827,0,0,1
30,21,1,0,0,0,0,1,0,0,0,0,4.056565,0,0,1
36,21,7,0,0,0,0,1,0,0,0,0,4.0441103,0,0,1
101,21,26,45,46,0,1,1,0,0,0,0,4.838601,0,0,1
47,12,27,0,2,0,0,1,0,0,0,0,4.5862956,0,0,1
38,23,7,0,0,2,0,0,0,0,0,0,4.0959687,0,0,1
39,13,18,0,4,0,0,0,0,0,0,0,4.291687,0,0,1
24,13,3,0,4,0,0,0,0,0,0,0,4.0535088,0,0,1
25,13,4,0,4,0,0,0,0,0,0,0,4.003856,0,0,1
34,25,1,0,3,0,0,1,0,0,0,0,3.984234,0,0,1
76,25,1,41,24,1,2,1,0,0,0,0,4.8180814,0,0,1
75,24,1,41,21,1,2,1,0,0,0,0,4.889546,0,0,1
42,14,20,0,15,0,0,1,0,0,0,0,4.338397,0,0,1
50,18,24,0,0,0,0,1,0,0,0,0,4.121077,0,1,1
76,25,1,41,22,1,2,1,0,0,0,0,4.90913,0,0,1
38,30,0,0,9,1,0,1,0,0,0,0,4.3660913,0,0,1
41,13,20,0,0,0,0,0,0,0,0,0,4.0809984,0,0,1
30,21,1,0,0,2,0,1,0,0,0,0,3.9232314,0,0,1
23,14,1,0,0,0,0,1,0,0,0,0,3.5013978,0,0,1
36,15,13,0,1,0,0,0,0,0,0,0,4.115087,0,0,1
39,13,18,0,4,0,0,0,0,0,0,0,4.291687,0,0,1
44,16,1,18,2,0,2,0,0,0,0,0,4.6635327,0,0,1
76,52,16,0,2,6,0,1,0,0,0,0,4.2010574,0,0,1
34,16,10,0,0,0,0,1,0,0,0,0,3.9476132,0,0,1
29,20,1,0,0,1,0,1,0,0,0,0,3.8312762,0,0,1
34,27,0,0,6,1,0,1,0,0,0,0,4.3371754,0,0,1
35,26,1,0,0,0,0,1,0,0,0,0,3.968449,0,0,1
68,10,50,0,0,3,0,0,0,0,0,0,4.3519735,0,0,1
67,10,49,0,0,3,0,0,0,0,0,0,4.3696003,0,0,1
35,26,1,0,0,2,0,1,0,0,0,0,4.1858673,0,0,1
62,43,11,0,21,1,0,1,0,0,0,0,4.681715,0,0,1
35,26,1,0,0,0,0,1,0,0,0,0,4.2645783,0,0,1
54,45,1,0,0,1,0,1,0,0,0,0,4.4541683,0,1,1
39,30,1,0,0,0,0,1,0,0,0,0,3.6988816,0,0,1
38,29,1,0,0,1,0,1,0,0,0,0,4.1684656,0,0,1
33,24,1,0,0,0,0,1,0,0,0,0,4.043802,0,0,1
32,23,1,0,0,0,0,1,0,0,0,0,4.1792293,0,0,1
33,24,1,0,0,0,0,1,0,0,0,0,4.2107644,0,0,1
31,22,1,0,0,0,0,1,0,0,0,0,4.2359815,0,0,1
40,31,1,0,2,0,0,1,0,0,0,0,4.2439427,0,1,1
36,27,1,0,0,0,0,1,0,0,0,0,4.19716,0,0,1
32,23,1,0,0,1,0,1,0,0,0,0,4.2028193,0,0,1
37,28,1,0,0,0,0,1,0,0,0,0,3.905003,0,0,1
40,24,8,0,0,1,0,1,0,0,0,0,4.153702,0,0,1
36,20,8,0,0,1,0,0,0,0,0,0,4.059531,0,0,1
29,20,1,0,0,1,0,0,0,0,0,0,4.1852303,0,0,1
23,8,7,0,1,0,0,0,0,0,0,0,3.9690015,0,0,1
23,8,7,0,2,0,0,0,0,0,0,0,3.9690015,0,0,1
35,19,8,0,0,0,0,1,0,0,0,0,3.9788642,0,0,1
23,8,7,0,0,0,0,0,0,0,0,0,3.882045,0,0,1
38,20,10,0,0,2,0,0,0,0,0,0,4.273729,0,0,1
46,38,0,0,9,1,0,1,0,0,0,0,4.4934735,0,0,1
26,13,5,0,0,0,0,0,0,0,0,0,3.7381494,0,0,1
32,25,0,0,0,1,0,0,0,0,0,0,3.878928,0,0,1
25,16,1,0,0,0,0,1,0,0,0,0,3.6732697,0,0,1
72,35,29,0,7,2,0,0,0,0,0,0,4.4381604,0,0,1
39,15,16,0,15,0,0,1,0,0,0,0,4.2461886,0,0,1
52,19,25,0,3,0,0,1,0,0,0,0,4.640451,0,0,1
27,12,7,0,0,0,0,0,0,0,0,0,3.810081,0,0,1
42,14,20,0,15,0,0,1,0,0,0,0,4.4156613,0,0,1
125,15,53,48,19,1,3,1,0,0,0,0,5.064824,0,0,1
124,15,52,48,24,2,3,1,0,0,0,0,5.1499467,0,1,1
75,24,1,41,25,1,2,1,0,0,0,0,4.8839116,0,0,1
75,24,1,41,24,1,2,1,0,0,0,0,4.851696,0,0,1
75,24,1,41,25,1,2,1,0,0,0,0,4.83191,0,0,1
76,25,1,41,23,1,2,1,0,0,0,0,4.7799683,0,0,1
76,25,1,41,30,1,2,1,0,0,0,0,4.894061,0,0,1
76,25,1,41,23,1,2,1,0,0,0,0,4.7823477,0,0,1
76,25,1,41,23,1,2,1,0,0,0,0,4.8741956,0,0,1
76,25,1,41,26,1,2,1,0,0,0,0,4.8612947,0,0,1
44,26,10,0,0,0,0,1,0,0,0,0,4.3281946,0,0,1
75,24,1,41,25,1,2,1,0,0,0,0,4.8335495,0,0,1
76,25,1,41,24,1,2,1,0,0,0,0,4.93676,0,0,1
75,24,1,41,23,1,2,1,0,0,0,0,4.6509695,0,0,1
76,25,1,41,25,1,2,1,0,0,0,0,4.8099775,0,0,1
55,22,25,0,3,0,0,1,0,0,0,0,4.627106,0,0,1
32,23,1,0,0,2,0,0,0,0,0,0,4.093139,0,0,1
36,23,5,0,0,2,0,0,0,0,0,0,4.0650797,0,0,1
55,22,25,0,3,0,0,1,0,0,0,0,4.720656,0,0,1
47,12,27,0,2,2,0,1,0,0,0,0,4.628849,0,0,1
47,12,27,0,3,0,0,1,0,0,0,0,4.663646,0,0,1
33,24,1,0,0,2,0,1,0,0,0,0,3.8242528,0,0,1
32,23,1,0,0,2,0,0,0,0,0,0,4.093139,0,0,1
40,22,9,0,3,0,1,1,0,0,0,0,4.358695,0,0,1
30,18,4,0,0,0,0,0,0,0,0,0,3.7483943,0,0,1
51,28,11,3,2,0,1,1,0,0,0,0,4.2707796,0,0,1
21,7,6,0,1,0,0,0,0,0,0,0,3.975418,0,0,1
22,11,3,0,1,0,0,0,0,0,0,0,3.6069367,0,0,1
84,15,61,0,5,1,0,1,0,0,0,0,5.157215,0,0,1
46,7,2,28,0,1,1,1,0,0,0,0,4.3110743,0,0,1
46,7,2,28,0,1,1,1,0,0,0,0,4.3110743,0,0,1
46,7,2,28,1,1,1,1,0,0,0,0,4.267596,0,0,1
46,7,2,28,0,1,1,1,0,0,0,0,4.2946634,0,0,1
23,4,11,0,4,0,0,0,0,0,0,0,3.8492239,1,0,1
23,4,11,0,1,0,0,0,0,0,0,0,4.1100936,1,0,1
23,4,11,0,1,0,0,0,0,0,0,0,3.8492239,1,0,1
23,4,11,0,1,0,0,0,0,0,0,0,3.9361804,1,0,1
31,6,17,0,0,1,0,0,0,0,0,0,3.9134007,0,0,1
44,6,30,0,0,1,0,0,0,0,0,0,4.1097937,0,0,1
20,6,6,0,0,0,0,0,0,0,0,0,3.8841836,0,0,1
23,12,3,0,0,0,0,0,0,0,0,0,3.4314134,0,0,1
20,6,6,0,0,0,0,0,0,0,0,0,3.6841838,0,0,1
28,11,9,0,1,0,0,0,0,0,0,0,4.1550455,1,0,1
28,11,9,0,5,0,0,0,0,0,0,0,4.253434,1,0,1
28,11,9,0,1,0,0,0,0,0,0,0,4.253434,1,0,1
41,23,10,0,4,2,0,1,0,0,0,0,4.296338,0,0,1
23,6,9,0,0,0,0,0,0,0,0,0,3.7251043,1,0,1
20,6,6,0,2,0,0,0,0,0,0,0,3.6841838,0,0,1
31,22,1,0,0,2,0,0,0,0,0,0,3.9535656,0,0,1
40,33,0,0,12,1,0,1,0,0,0,0,4.3964396,0,0,1
33,24,1,0,0,0,0,1,0,0,0,0,4.1124277,0,1,1
29,20,1,0,0,0,0,1,0,0,0,0,3.9262724,0,0,1
48,39,1,0,0,0,0,1,0,0,0,0,4.1109023,0,0,1
39,30,1,0,0,0,0,1,0,0,0,0,3.974648,0,0,1
36,27,1,0,0,1,0,1,0,0,0,0,4.252715,0,0,1
32,23,1,0,0,0,0,1,0,0,0,0,4.1136084,0,0,1
52,43,1,0,0,0,0,1,0,0,0,0,4.2410107,0,0,1
30,21,1,0,0,2,0,0,0,0,0,0,4.006239,0,0,1
36,21,7,0,0,2,0,0,0,0,0,0,4.120635,0,0,1
45,16,21,0,4,0,0,1,0,0,0,0,4.239882,0,0,1
48,16,24,0,5,0,0,1,0,0,0,0,4.3792477,0,0,1
119,20,1,89,10,0,6,1,0,1,0,0,5.078084,0,0,1
139,30,48,52,21,4,2,1,0,0,0,0,4.873529,0,0,1
75,24,1,41,25,1,2,1,0,0,0,0,4.8039117,0,0,1
66,15,43,0,4,1,0,1,0,0,0,0,5.023423,0,0,1
245,15,6,229,24,4,2,1,0,0,1,0,5.7250214,0,1,1
75,24,1,41,21,1,2,1,0,0,0,0,4.8048987,0,0,1
88,24,1,54,31,1,3,1,0,0,0,0,4.820354,0,0,1
75,24,1,41,20,1,2,1,0,0,0,0,4.783437,0,0,1
76,25,1,41,29,1,2,1,0,0,0,0,4.82025,0,0,1
50,23,19,0,0,1,0,1,0,0,0,0,4.311272,0,1,1
28,19,1,0,0,0,0,0,0,0,0,0,3.824863,0,0,1
35,19,8,0,0,0,0,0,0,0,0,0,3.9113061,0,0,1
37,7,22,0,0,0,0,0,0,0,0,0,4.2266283,0,0,1
28,12,8,0,2,0,0,0,0,0,0,0,3.8962915,0,0,1
75,24,1,41,18,1,2,1,0,0,0,0,4.8468356,0,0,1
114,24,1,84,28,1,6,1,0,0,1,0,5.333478,0,0,1
75,24,1,41,20,1,2,1,0,0,0,0,4.81664,0,0,1
75,24,1,41,24,1,2,1,0,0,0,0,4.9031396,0,0,1
76,25,1,41,23,1,2,1,0,0,0,0,4.7321334,0,0,1
76,25,1,41,23,1,2,1,0,0,0,0,4.862949,0,0,1
75,24,1,41,26,1,2,1,0,0,0,0,4.8231397,0,0,1
61,24,1,27,19,1,1,1,0,0,0,0,4.6868963,0,0,1
35,22,5,0,0,0,0,1,0,0,0,0,4.183014,0,0,1
119,10,1,99,14,0,6,0,0,1,0,0,5.113082,0,1,1
60,33,19,0,1,3,0,1,0,0,0,0,4.544414,0,0,1
38,29,1,0,0,0,0,1,0,0,0,0,4.0959687,0,0,1
54,22,24,0,0,0,0,1,0,0,0,0,4.0744233,0,1,1
47,21,18,0,0,1,0,1,0,0,0,0,4.3678985,0,1,1
33,24,1,0,0,1,0,1,0,0,0,0,4.0179,0,0,1
32,23,1,0,0,0,0,1,0,0,0,0,4.1167293,0,0,1
83,74,1,0,20,0,0,1,0,0,0,0,4.9337997,0,0,1
33,24,1,0,0,0,0,1,0,0,0,0,4.187889,0,0,1
30,21,1,0,4,0,0,1,0,0,0,0,4.3898983,0,1,1
38,29,1,0,0,0,0,1,0,0,0,0,4.155565,0,1,1
36,27,1,0,0,0,0,1,0,0,0,0,4.252715,0,0,1
39,30,1,0,0,1,0,1,0,0,0,0,4.2504144,0,0,1
37,28,1,0,3,0,0,1,0,0,0,0,4.1416216,0,0,1
41,32,1,0,0,0,0,1,0,0,0,0,4.1226935,0,1,1
44,35,1,0,0,0,0,1,0,0,0,0,4.220129,0,0,1
35,26,1,0,0,0,0,1,0,0,0,0,4.164299,0,0,1
28,19,1,0,0,0,0,1,0,0,0,0,3.9371932,0,0,1
30,21,1,0,1,0,0,1,0,0,0,0,4.189898,0,0,1
31,22,1,0,0,0,0,1,0,0,0,0,4.0022683,0,0,1
41,32,1,0,0,2,0,1,0,0,0,0,4.210734,0,0,1
27,18,1,0,0,0,0,1,0,0,0,0,4.0323033,0,0,1
29,20,1,0,0,1,0,1,0,0,0,0,4.090234,0,0,1
38,29,1,0,4,0,0,1,0,0,0,0,4.31346,0,0,1
26,17,1,0,3,0,0,1,0,0,0,0,4.10391,0,0,1
42,33,1,0,0,0,0,1,0,0,0,0,3.7165902,0,0,1
28,19,1,0,0,0,0,1,0,0,0,0,4.1375375,0,0,1
32,23,1,0,0,0,0,1,0,0,0,0,3.8903196,0,0,1
42,33,1,0,0,0,0,1,0,0,0,0,4.2251854,0,0,1
39,31,0,0,4,0,0,1,0,0,0,0,4.387465,0,0,1
66,11,47,0,4,2,0,1,0,0,0,0,3.673774,0,0,1
37,17,12,0,0,1,0,0,0,0,0,0,3.7098873,0,0,1
75,24,1,41,21,1,2,1,0,0,0,0,4.822366,0,0,1
76,25,1,41,18,1,2,1,0,0,0,0,4.8016987,0,0,1
75,24,1,41,25,1,2,1,0,0,0,0,4.827571,0,0,1
78,24,1,44,26,1,2,1,0,0,0,0,4.872415,0,0,1
62,18,36,0,0,2,0,0,0,0,0,0,4.1792254,0,0,1
23,15,0,0,0,0,0,1,0,0,0,0,3.6753109,0,0,1
20,5,7,0,2,0,0,0,0,0,0,0,3.6841838,1,0,1
18,11,0,0,0,0,0,0,0,0,0,0,3.5724313,0,0,1
45,24,13,0,0,0,0,1,0,0,0,0,4.1277623,0,0,1
50,23,1,18,8,0,1,1,0,0,0,0,4.6712723,0,0,1
89,67,14,0,3,3,0,1,0,0,0,0,4.639808,0,1,1
72,19,45,0,0,3,0,0,0,0,0,0,4.310375,0,0,1
59,16,35,0,0,2,0,0,0,0,0,0,4.308171,0,1,1
22,13,1,0,0,0,0,0,0,0,0,0,3.5726237,0,0,1
131,15,108,0,9,1,0,1,0,0,0,0,5.412539,0,0,1
41,11,22,0,4,2,0,1,0,0,0,0,4.373051,0,0,1
45,16,21,0,3,0,0,1,0,0,0,0,4.123324,0,0,1
45,19,18,0,2,0,0,1,0,0,0,0,4.2312074,0,0,1
76,25,1,41,23,1,2,1,0,0,0,0,4.920377,0,0,1
33,26,0,0,6,0,0,1,0,0,0,0,4.2336397,0,0,1
47,12,27,0,5,0,0,1,0,0,0,0,4.7139554,0,0,1
76,25,1,41,28,1,2,1,0,0,0,0,4.8677454,0,0,1
76,25,1,41,23,1,2,1,0,0,0,0,4.6588726,0,0,1
28,12,8,0,1,0,0,0,0,0,0,0,3.8693314,0,0,1
24,15,1,0,0,0,0,0,0,0,0,0,3.8239348,0,0,1
31,15,8,0,0,0,0,0,0,0,0,0,3.800182,0,0,1
75,24,1,41,28,1,2,1,0,0,0,0,4.857245,0,0,1
43,15,20,0,15,0,0,1,0,0,0,0,4.2397637,0,0,1
42,35,0,0,7,1,0,1,0,0,0,0,4.4336348,0,0,1
25,10,7,0,4,0,0,0,0,0,0,0,3.9434652,1,0,1
22,13,1,0,0,1,0,0,0,0,0,0,3.9705732,0,0,1
29,13,8,0,0,1,0,0,0,0,0,0,4.0212684,0,0,1
41,32,1,0,0,3,0,1,0,0,0,0,4.308295,0,1,1
131,15,108,0,15,1,0,1,0,0,0,0,5.607094,0,0,1
26,19,0,0,0,1,0,1,0,0,0,0,4.0560207,0,0,1
75,24,1,41,26,1,2,1,0,0,0,0,4.824042,0,0,1
41,16,17,0,0,0,0,0,0,0,0,0,4.082804,0,0,1
41,16,17,0,0,0,0,0,0,0,0,0,4.129149,0,0,1
38,16,14,0,0,0,0,0,0,0,0,0,4.155565,0,0,1
35,28,0,0,0,2,0,1,0,0,0,0,4.1287246,0,0,1
37,28,1,0,0,2,0,1,0,0,0,0,4.188523,0,0,1
30,21,1,0,0,0,0,1,0,0,0,0,3.9647353,0,1,1
131,15,108,0,11,2,0,1,0,0,0,0,5.5126386,0,0,1
25,16,1,0,0,1,0,0,0,0,0,0,3.9132698,0,0,1
39,15,16,0,15,0,0,1,0,0,0,0,4.088709,0,0,1
131,15,108,0,11,3,0,1,0,0,0,0,5.5460043,0,0,1
225,30,55,111,24,4,4,1,0,1,0,0,4.91378,0,0,1
50,19,33,0,0,0,0,0,0,0,1,0,4.0390797,0,0,1
48,40,0,0,10,1,0,1,0,0,0,0,4.389461,0,0,1
131,15,108,0,15,2,0,1,0,0,0,0,5.62032,0,0,1
39,15,16,0,15,0,0,1,0,0,0,0,4.265545,0,0,1
39,15,16,0,15,0,0,1,0,0,0,0,3.9897785,0,0,1
72,35,29,0,9,2,0,0,0,0,0,0,4.398511,0,0,1
35,20,7,0,0,2,0,0,0,0,0,0,4.0144386,0,0,1
40,22,10,0,0,1,0,0,0,0,0,0,4.074024,0,0,1
39,15,16,0,15,0,0,1,0,0,0,0,4.2336187,0,0,1
40,33,0,0,4,1,0,1,0,0,0,0,4.306198,0,0,1
52,45,0,0,3,2,0,1,0,0,0,0,4.4626603,0,0,1
54,47,0,0,5,3,0,1,0,0,0,0,4.469222,0,0,1
33,26,0,0,5,1,0,1,0,0,0,0,4.2107644,0,0,1
60,25,20,6,0,0,1,0,0,0,0,0,4.231402,0,0,1
44,14,22,0,0,0,0,0,0,0,0,0,4.027169,0,0,1
51,11,32,0,0,0,0,0,0,0,0,0,3.9370627,0,0,1
41,18,15,0,8,0,0,1,0,0,0,0,4.1411057,0,0,1
186,26,152,0,31,1,0,1,0,0,0,0,5.58886,0,0,1
74,18,48,0,0,0,0,1,0,0,0,0,4.1028647,0,0,1
23,4,11,0,0,0,0,0,0,0,0,0,3.6753109,1,0,1
33,22,4,0,2,0,0,2,0,0,0,0,3.9454648,0,0,1
23,4,11,0,2,0,0,0,0,0,0,0,4.023137,1,0,1
32,22,3,0,4,0,0,2,0,0,0,0,4.1167293,0,0,1
33,22,4,0,4,0,0,2,0,0,0,0,4.0895524,0,0,1
23,4,11,0,1,0,0,0,0,0,0,0,3.7950885,1,0,1
23,4,11,0,1,0,0,0,0,0,0,0,3.8492239,1,0,1
20,6,6,0,1,1,0,0,0,0,0,0,3.7841837,0,0,1
27,16,3,0,0,0,0,0,0,0,0,0,3.8282375,0,0,1
84,15,61,0,8,0,0,1,0,0,0,0,5.1287584,0,0,1
84,15,61,0,7,0,0,1,0,0,0,0,5.143581,0,0,1
84,15,61,0,8,1,0,1,0,0,0,0,5.1256075,0,0,1
40,7,2,22,2,0,1,1,0,0,0,0,4.058695,0,0,1
45,36,1,0,2,0,0,1,0,0,0,0,4.2334266,0,0,1
21,6,7,0,0,1,0,0,0,0,0,0,3.939471,0,0,1
23,8,7,0,0,0,0,1,0,0,0,0,4.0559583,0,0,1
92,73,11,0,11,0,0,2,0,0,0,0,4.8958597,0,0,1
83,23,52,0,8,1,0,1,0,0,0,0,5.364506,0,0,1
24,15,1,0,0,1,0,0,0,0,0,0,3.938722,0,0,1
42,14,20,0,15,0,0,1,0,0,0,0,4.282099,0,0,1
39,15,16,0,15,0,0,1,0,0,0,0,4.182337,0,0,1
33,24,1,0,0,1,0,1,0,0,0,0,3.9831955,0,0,1
75,24,1,41,26,1,2,1,0,0,0,0,4.9363427,0,0,1
29,20,1,0,0,1,0,0,0,0,0,0,3.8833375,0,0,1
35,20,7,0,0,1,0,0,0,0,0,0,3.9357276,0,0,1
133,15,61,48,14,4,3,1,0,0,0,0,5.2048297,0,0,1
76,25,1,41,23,1,2,1,0,0,0,0,4.884128,0,0,1
75,24,1,41,23,1,2,1,0,0,0,0,4.8735023,0,0,1
28,19,1,0,5,0,0,1,0,0,0,0,4.2264743,0,0,1
126,15,54,48,12,1,3,1,0,0,0,0,5.392073,0,0,1
119,15,47,48,15,1,3,1,0,0,0,0,5.150792,0,0,1
75,24,1,41,23,1,2,1,0,0,0,0,4.8016777,0,0,1
42,14,20,0,15,0,0,1,0,0,0,0,4.397688,0,0,1
80,50,26,0,1,3,0,3,0,0,1,0,4.5253935,0,1,1
47,13,26,0,0,0,0,0,0,0,0,0,4.222053,0,0,1
21,13,0,0,0,0,0,0,0,0,0,0,3.88018,0,0,1
26,13,5,0,0,0,0,0,0,0,0,0,3.9021747,0,0,1
36,27,1,0,0,1,0,0,0,0,0,0,4.260067,0,0,1
42,27,7,0,0,1,0,0,0,0,0,0,4.243159,0,0,1
24,15,1,0,0,1,0,0,0,0,0,0,4.022055,0,0,1
30,15,7,0,0,1,0,0,0,0,0,0,4.006239,0,0,1
38,29,1,0,0,1,0,1,0,0,0,0,3.9784846,0,0,1
36,6,22,0,0,0,0,0,0,0,0,1,3.8428574,0,0,1
48,40,0,0,10,1,0,1,0,0,0,0,4.4468546,0,0,1
39,32,0,0,10,1,0,1,0,0,0,0,4.336183,0,0,1
39,19,12,0,2,1,0,1,0,0,0,0,4.284901,0,0,1
35,26,1,0,0,0,0,1,0,0,0,0,4.1287246,0,0,1
32,23,1,0,2,1,0,1,0,0,0,0,4.47641,0,0,1
38,29,1,0,0,1,0,1,0,0,0,0,4.378992,0,1,1
67,58,1,0,0,0,0,1,0,0,0,0,4.169797,0,0,1
38,29,1,0,0,2,0,1,0,0,0,0,4.040709,0,0,1
40,31,1,0,2,1,0,1,0,0,0,0,4.1964393,0,0,1
27,18,1,0,0,0,0,1,0,0,0,0,3.8561964,0,0,1
52,43,1,0,0,0,0,1,0,0,0,0,4.2601733,0,0,1
36,27,1,0,4,1,0,1,0,0,0,0,4.5378447,0,0,1
30,21,1,0,0,0,0,1,0,0,0,0,3.9647353,0,0,1
45,36,1,0,0,0,0,1,0,0,0,0,4.275652,0,1,1
27,18,1,0,0,0,0,1,0,0,0,0,4.134336,0,0,1
27,18,1,0,0,0,0,1,0,0,0,0,4.0323033,0,0,1
34,25,1,0,0,0,0,1,0,0,0,0,4.395999,0,1,1
52,43,1,0,0,0,0,1,0,0,0,0,4.231139,0,1,1
43,34,1,0,0,3,0,1,0,0,0,0,4.2687197,0,0,1
52,28,16,0,0,1,0,1,0,0,0,0,4.236229,0,0,1
47,38,1,0,0,2,0,1,0,0,0,0,4.314915,0,0,1
28,19,1,0,0,0,0,1,0,0,0,0,4.2089663,0,0,1
34,25,1,0,0,0,0,1,0,0,0,0,4.09116,0,0,1
27,18,1,0,0,0,0,1,0,0,0,0,4.2084103,0,0,1
30,21,1,0,3,0,0,1,0,0,0,0,4.323231,0,0,1
32,23,1,0,0,0,0,1,0,0,0,0,4.22641,0,0,1
42,33,1,0,0,0,0,1,0,0,0,0,4.061977,0,0,1
42,33,1,0,0,0,0,1,0,0,0,0,4.2251854,0,0,1
33,24,1,0,0,1,0,1,0,0,0,0,4.2107644,0,0,1
37,28,1,0,0,0,0,1,0,0,0,0,4.37824,0,0,1
25,12,6,0,2,0,0,0,0,0,0,0,4.133661,0,0,1
131,15,108,0,16,3,0,1,0,0,0,0,5.6225376,0,0,1
87,15,64,0,8,2,0,1,0,0,0,0,5.2734194,0,0,1
47,16,23,0,2,1,0,1,0,0,0,0,4.0866375,0,1,1
131,15,108,0,11,4,0,1,0,0,0,0,5.4728456,0,0,1
31,11,12,0,0,0,0,1,0,0,0,0,4.0667844,0,0,1
26,12,6,0,0,0,0,0,0,0,0,0,4.0560207,0,0,1
41,14,19,0,4,1,0,1,0,0,0,0,4.2595143,0,0,1
145,15,6,115,29,1,5,1,0,0,0,0,4.6690025,0,0,1
50,24,18,0,5,1,0,1,0,0,0,0,4.583465,0,0,1
175,15,108,43,24,1,3,1,0,0,0,0,5.680798,0,0,1
47,12,27,0,3,0,0,1,0,0,0,0,4.594601,0,0,1
131,15,108,0,10,3,0,1,0,0,0,0,5.599786,0,0,1
36,28,0,0,0,0,0,0,0,0,0,0,3.9364147,0,0,1
47,12,27,0,4,0,0,1,0,0,0,0,4.7565084,0,0,1
35,26,1,0,0,1,0,0,0,0,0,0,4.1071563,0,0,1
41,26,7,0,0,1,0,0,0,0,0,0,4.192322,0,0,1
48,15,25,0,3,0,0,1,0,0,0,0,4.4154005,0,0,1
55,22,25,0,1,0,0,1,0,0,0,0,4.710562,0,0,1
132,71,24,30,9,9,1,2,0,0,1,0,4.7474165,0,0,1
76,25,1,41,25,1,2,1,0,0,0,0,4.8741956,0,0,1
58,51,0,0,18,1,0,1,0,0,0,0,4.4333396,0,0,1
20,6,6,0,0,0,0,0,0,0,0,0,3.6841838,0,0,1
76,18,50,0,0,0,0,1,0,0,0,0,4.1884604,0,0,1
26,18,0,0,1,0,0,1,0,0,0,0,3.8441064,0,0,1
33,18,7,0,1,0,0,1,0,0,0,0,3.737745,0,0,1
34,19,7,0,2,1,0,1,0,0,0,0,4.1943884,0,0,1
50,43,0,0,18,1,0,1,0,0,0,0,4.3932695,0,0,1
35,27,0,0,0,1,0,1,0,0,0,0,4.125871,0,0,1
39,32,0,0,10,1,0,1,0,0,0,0,4.336183,0,0,1
47,40,0,0,10,1,0,1,0,0,0,0,4.4348187,0,0,1
131,15,108,0,18,2,0,1,0,0,0,0,5.472669,0,0,1
28,11,9,0,2,0,0,0,0,0,0,0,4.324863,1,0,1
131,15,108,0,8,1,0,1,0,0,0,0,5.5560255,0,0,1
39,30,1,0,0,3,0,1,0,0,0,0,4.057856,0,0,1
38,29,1,0,0,3,0,1,0,0,0,0,4.0933404,0,0,1
49,41,0,0,16,1,0,1,0,0,0,0,4.527277,0,0,1
56,49,0,0,16,1,0,1,0,0,0,0,4.532639,0,0,1
31,22,1,0,0,1,0,0,0,0,0,0,4.1069493,0,0,1
38,22,8,0,0,1,0,0,0,0,0,0,4.027808,0,0,1
41,32,1,0,3,0,0,1,0,0,0,0,4.1530623,0,0,1
131,15,108,0,13,1,0,1,0,0,0,0,5.5705304,0,0,1
131,15,108,0,15,1,0,1,0,0,0,0,5.6003027,0,0,1
36,27,1,0,0,1,0,1,0,0,0,0,4.2045116,0,0,1
40,31,1,0,1,1,0,1,0,0,0,0,4.3153114,0,0,1
131,15,108,0,12,1,0,1,0,0,0,0,5.4868546,0,0,1
42,14,20,0,15,0,0,1,0,0,0,0,4.282099,0,0,1
47,12,27,0,3,0,0,1,0,0,0,0,4.6957693,0,0,1
35,26,1,0,0,1,0,1,0,0,0,0,4.2645783,0,0,1
42,20,14,0,2,1,0,1,0,0,0,0,4.4516087,0,0,1
39,20,11,0,1,1,0,1,0,0,0,0,4.214263,0,0,1
75,24,1,41,20,1,2,1,0,0,0,0,4.8350945,0,0,1
76,25,1,41,24,1,2,1,0,0,0,0,4.926827,0,0,1
75,24,1,41,23,1,2,1,0,0,0,0,4.7897234,0,0,1
75,24,1,41,23,1,2,1,0,0,0,0,4.8615475,0,0,1
75,24,1,41,21,1,2,1,0,0,0,0,4.9050293,0,0,1
75,24,1,41,20,1,2,1,0,0,0,0,4.828037,0,0,1
75,24,1,41,22,1,2,1,0,0,0,0,4.8253736,0,0,1
76,25,1,41,27,1,2,1,0,0,0,0,4.9778047,0,0,1
76,25,1,41,21,1,2,1,0,0,0,0,4.8491936,0,0,1
76,25,1,41,29,1,2,1,0,0,0,0,4.82025,0,0,1
36,27,1,0,0,3,0,1,0,0,0,0,4.0441103,0,0,1
67,14,45,0,0,3,0,0,0,0,0,0,4.177114,0,0,1
66,14,44,0,0,3,0,0,0,0,0,0,4.189551,0,0,1
1235,21,17,1214,225,7,31,1,0,0,1,0,5.3902574,0,0,1
25,16,1,0,4,1,0,1,0,0,0,0,4.103465,0,0,1
41,18,15,0,3,1,0,1,0,0,0,0,4.373051,0,0,1
40,31,1,0,3,1,0,1,0,0,0,0,4.1964393,0,0,1
41,19,14,0,5,1,0,1,0,0,0,0,4.305859,0,0,1
41,19,14,0,2,1,0,1,0,0,0,0,4.3819423,0,0,1
75,24,1,41,21,1,2,1,0,0,0,0,4.8835673,0,0,1
75,24,1,41,23,1,2,1,0,0,0,0,4.920299,0,0,1
75,24,1,41,22,1,2,1,0,0,0,0,4.888772,0,0,1
76,25,1,41,22,1,2,1,0,0,0,0,4.887611,0,0,1
76,25,1,41,28,1,2,1,0,0,0,0,4.9255133,0,0,1
42,14,20,0,15,0,0,1,0,0,0,0,4.397688,0,0,1
120,15,48,48,20,2,3,1,0,0,0,0,5.0960784,0,0,1
128,15,56,48,20,1,3,1,0,0,0,0,5.360707,0,0,1
75,24,1,41,26,1,2,1,0,0,0,0,4.9404297,0,0,1
76,25,1,41,22,1,2,1,0,0,0,0,4.7718644,0,0,1
76,25,1,41,27,1,2,1,0,0,0,0,4.941896,0,0,1
39,30,1,0,0,1,0,1,0,0,0,0,4.131055,0,0,1
31,22,1,0,0,2,0,0,0,0,0,0,4.0022683,0,0,1
37,22,7,0,0,2,0,0,0,0,0,0,3.9998617,0,0,1
25,7,10,0,3,0,0,0,0,0,0,0,3.9434652,0,0,1
34,19,7,0,3,0,0,1,0,0,0,0,3.8192446,0,0,1
55,23,15,8,0,0,1,0,0,0,0,0,4.4971924,0,0,1
50,21,21,0,6,0,0,2,0,0,0,0,4.4410768,0,1,1
72,23,41,0,0,16,0,2,0,0,0,0,4.0636926,0,0,1
33,18,7,0,0,0,0,1,0,0,0,0,3.9683404,0,0,1
20,9,3,0,0,0,0,0,0,0,0,0,3.5841837,0,0,1
41,32,1,0,7,1,0,1,0,0,0,0,4.3267064,0,0,1
36,13,15,0,0,0,0,0,0,0,0,0,4.048688,0,0,1
69,38,23,0,4,2,0,2,0,0,0,0,5.0393295,0,0,1
45,20,17,0,0,0,0,1,0,0,0,0,4.1641064,0,0,1
20,6,6,0,0,1,0,0,0,0,0,0,3.8841836,0,0,1
175,15,108,43,18,1,3,1,0,0,0,0,5.4769983,0,0,1
49,24,17,0,3,3,0,1,0,0,0,0,4.293709,0,0,1
175,15,108,43,19,2,3,1,0,0,0,0,5.548447,0,0,1
69,32,29,0,0,0,0,1,0,0,0,0,4.20034,0,0,1
23,4,11,0,2,0,0,0,0,0,0,0,3.7950885,1,0,1
23,4,11,0,2,0,0,0,0,0,0,0,3.9361804,1,0,1
23,4,11,0,2,0,0,0,0,0,0,0,3.9361804,1,0,1
23,4,11,0,2,0,0,0,0,0,0,0,4.023137,1,0,1
32,22,3,0,2,0,0,2,0,0,0,0,3.9528196,0,0,1
33,22,4,0,2,0,0,2,0,0,0,0,3.9306097,0,0,1
28,11,9,0,0,0,0,0,0,0,0,0,4.182006,1,0,1
28,11,9,0,3,0,0,0,0,0,0,0,4.2264743,1,0,1
31,11,12,0,0,0,0,0,0,0,0,0,4.3004975,1,0,1
63,31,24,0,0,0,0,1,0,0,0,0,4.0544953,0,0,1
21,6,7,0,1,1,0,0,0,0,0,0,3.939471,0,0,1
23,8,7,0,1,0,0,1,0,0,0,0,3.882045,0,0,1
28,11,9,0,4,0,0,0,0,0,0,0,4.1550455,1,0,1
55,21,26,0,6,0,0,2,0,0,0,0,4.5127335,0,0,1
28,11,9,0,4,0,0,0,0,0,0,0,4.2089663,1,0,1
83,74,1,0,8,0,0,2,0,0,0,0,4.7845182,0,0,1
83,74,1,0,9,0,0,2,0,0,0,0,4.601541,0,0,1
83,74,1,0,6,0,0,2,0,0,0,0,4.8030195,0,0,1
83,74,1,0,8,0,0,2,0,0,0,0,4.9077177,0,0,1
83,74,1,0,15,0,0,2,0,0,0,0,4.8086147,0,0,1
83,74,1,0,14,0,0,2,0,0,0,0,4.80811,0,0,1
83,74,1,0,7,0,0,2,0,0,0,0,4.7478266,0,0,1
83,74,1,0,8,0,0,2,0,0,0,0,4.892405,0,0,1
83,74,1,0,10,0,0,2,0,0,0,0,4.801505,0,0,1
83,74,1,0,9,0,0,2,0,0,0,0,4.940909,0,0,1
83,74,1,0,10,0,0,2,0,0,0,0,4.859803,0,0,1
83,74,1,0,10,0,0,2,0,0,0,0,4.7990155,0,0,1
83,74,1,0,11,0,0,2,0,0,0,0,4.9062033,0,0,1
83,74,1,0,9,0,0,2,0,0,0,0,4.7134323,0,0,1
83,74,1,0,8,0,0,2,0,0,0,0,4.7299147,0,0,1
83,74,1,0,7,0,0,2,0,0,0,0,4.650238,0,0,1
23,8,7,0,1,0,0,0,0,0,0,0,4.0559583,0,0,1
28,12,9,0,0,1,0,0,0,0,0,0,4.2264743,0,0,1
23,8,7,0,0,0,0,0,0,0,0,0,3.882045,0,0,1
32,17,8,0,0,0,0,1,0,0,0,0,3.9917293,0,0,1
44,23,13,0,1,0,0,1,0,0,0,0,4.1918306,0,0,1
61,24,29,0,7,0,0,0,0,0,0,0,4.3851523,0,0,1
40,9,23,0,4,0,0,1,0,0,0,0,4.4939427,0,0,1
26,9,9,0,3,0,0,1,0,0,0,0,4.209867,0,0,1
27,18,1,0,0,1,0,0,0,0,0,0,3.986188,0,0,1
33,18,7,0,0,1,0,0,0,0,0,0,4.0289464,0,0,1
39,30,1,0,0,2,0,1,0,0,0,0,4.0923424,0,0,1
35,26,1,0,0,2,0,0,0,0,0,0,3.9928706,0,0,1
39,30,1,0,1,2,0,1,0,0,0,0,4.2629843,0,0,1
40,31,1,0,2,1,0,1,0,0,0,0,4.293943,0,0,1
43,34,1,0,0,2,0,1,0,0,0,0,4.2397637,0,1,1
31,22,1,0,1,3,0,1,0,0,0,0,4.2359815,0,0,1
322,19,30,264,126,1,7,0,0,1,0,0,4.7309675,0,0,1
74,19,20,26,0,0,2,0,0,1,0,0,4.1915708,0,0,1
41,25,8,0,0,2,0,1,0,0,0,0,4.4058557,0,0,1
76,30,10,27,0,0,2,0,0,1,0,0,4.560364,0,0,1
51,44,0,0,19,1,0,1,0,0,0,0,4.5099897,0,0,1
59,52,0,0,19,1,0,1,0,0,0,0,4.5371504,0,0,1
65,19,10,27,0,0,2,0,0,1,0,0,4.6149225,0,0,1
23,8,7,0,0,0,0,0,0,0,0,0,3.8279097,0,1,1
105,16,82,0,7,2,0,1,0,0,0,0,4.464626,0,0,1
67,35,24,0,1,3,0,1,0,0,0,0,4.2297373,0,0,1
29,21,0,0,0,0,0,1,0,0,0,0,3.9783335,0,0,1
52,15,29,0,7,0,0,0,0,0,0,0,4.496032,0,0,1
47,40,0,0,10,1,0,1,0,0,0,0,4.4348187,0,0,1
39,32,0,0,10,1,0,1,0,0,0,0,4.336183,0,0,1
40,31,1,0,0,0,0,1,0,0,0,0,4.1561985,0,1,1
41,32,1,0,0,0,0,1,0,0,0,0,4.308295,0,0,1
34,25,1,0,0,2,0,1,0,0,0,0,4.278352,0,0,1
40,31,1,0,5,1,0,1,0,0,0,0,4.2250705,0,0,1
37,28,1,0,0,0,0,1,0,0,0,0,4.303784,0,0,1
48,39,1,0,0,0,0,1,0,0,0,0,4.068421,0,0,1
33,24,1,0,2,0,0,1,0,0,0,0,4.0815325,0,0,1
34,25,1,0,0,0,0,1,0,0,0,0,4.2561493,0,0,1
52,43,1,0,4,0,0,1,0,0,0,0,4.4065127,0,0,1
38,29,1,0,9,0,0,1,0,0,0,0,4.273729,0,0,1
27,10,9,0,1,1,0,0,0,0,0,0,3.9400728,0,0,1
30,6,16,0,0,1,0,0,0,0,0,0,4.056565,1,1,1
79,24,1,45,20,1,2,1,0,0,0,0,4.8000593,0,0,1
49,41,0,0,0,1,0,1,0,0,0,0,4.1191134,0,0,1
103,34,24,37,27,0,1,1,0,0,0,0,4.724922,0,0,1
76,25,1,41,26,1,2,1,0,0,0,0,4.920377,0,0,1
76,25,1,41,20,1,2,1,0,0,0,0,4.8401155,0,0,1
66,34,1,22,3,0,1,1,0,0,0,0,4.812815,0,0,1
28,11,9,0,1,0,0,0,0,0,0,0,4.253434,1,0,1
70,10,52,0,23,4,0,1,0,0,0,0,4.7680798,0,0,1
23,14,1,0,0,0,0,1,0,0,0,0,3.6753109,0,0,1
36,16,12,0,1,1,0,1,0,0,0,0,4.1070175,0,0,1
20,5,7,0,3,0,0,0,0,0,0,0,3.7841837,1,0,1
31,15,8,0,0,1,0,1,0,0,0,0,4.1958165,0,0,1
32,24,0,0,0,0,0,2,0,0,0,0,3.8667293,0,0,1
28,14,6,0,1,0,0,0,0,0,0,0,4.1375375,0,0,1
41,32,1,0,0,1,0,1,0,0,0,0,4.0156116,0,0,1
38,29,1,0,0,1,0,1,0,0,0,0,4.0632024,0,0,1
38,29,1,0,0,1,0,1,0,0,0,0,4.1486,0,0,1
39,30,1,0,0,1,0,1,0,0,0,0,4.143625,0,0,1
38,29,1,0,0,1,0,0,0,0,0,0,3.9880774,0,0,1
38,10,20,0,0,0,1,0,0,1,0,0,4.0632024,0,0,1
131,15,108,0,14,4,0,1,0,0,0,0,5.4852552,0,0,1
38,22,8,0,0,0,0,0,0,0,0,0,4.188331,0,0,1
26,15,3,0,2,0,0,0,0,0,0,0,3.9500637,0,0,1
51,18,25,0,4,0,0,1,0,0,0,0,4.425684,0,0,1
38,15,15,0,4,1,0,0,0,0,0,0,4.188331,0,0,1
100,14,4,83,7,2,4,1,0,0,1,0,5.094339,0,0,1
40,16,16,0,15,0,0,1,0,0,0,0,4.227567,0,0,1
68,22,38,0,6,1,0,1,0,0,0,0,4.4965687,0,0,1
116,15,44,48,13,0,3,1,0,0,0,0,5.074076,0,0,1
76,25,1,41,19,1,2,1,0,0,0,0,4.716054,0,0,1
131,9,23,90,7,1,3,0,0,0,0,0,4.685827,0,0,1
130,9,23,89,7,1,3,0,0,0,0,0,4.694912,0,0,1
518,21,9,480,98,17,1,1,0,0,0,0,5.8947635,0,0,1
20,5,7,0,0,0,0,0,0,0,0,0,3.8841836,1,0,1
75,24,1,41,25,1,2,1,0,0,0,0,4.931696,0,0,1
42,14,20,0,15,0,0,1,0,0,0,0,4.3797145,0,0,1
39,15,16,0,15,0,0,1,0,0,0,0,4.265545,0,0,1
39,15,16,0,15,0,0,1,0,0,0,0,4.316827,0,0,1
42,14,20,0,15,0,0,1,0,0,0,0,4.5108995,0,0,1
42,14,20,0,15,0,0,1,0,0,0,0,4.4632807,0,0,1
42,14,20,0,15,0,0,1,0,0,0,0,4.3797145,0,0,1
39,15,16,0,15,0,0,1,0,0,0,0,4.214263,0,0,1
42,14,20,0,15,0,0,1,0,0,0,0,4.4156613,0,0,1
76,25,1,41,20,1,2,1,0,0,0,0,4.7174044,0,0,1
40,18,14,0,0,1,0,1,0,0,0,0,4.3653116,0,0,1
37,17,12,0,1,1,0,1,0,0,0,0,4.1752734,0,0,1
42,14,20,0,15,0,0,1,0,0,0,0,4.338397,0,0,1
76,25,1,41,26,1,2,1,0,0,0,0,4.877678,0,0,1
75,24,1,41,20,1,2,1,0,0,0,0,4.8035674,0,0,1
76,25,1,41,23,1,2,1,0,0,0,0,4.7606173,0,0,1
76,25,1,41,23,1,2,1,0,0,0,0,4.8918924,0,0,1
34,15,11,0,0,1,0,1,0,0,0,0,4.1462865,0,0,1
18,10,0,0,0,0,0,0,0,0,0,0,3.3921473,0,0,1
61,24,1,27,19,1,1,1,0,0,0,0,4.863206,0,0,1
62,25,1,27,18,1,1,1,0,0,0,0,4.6875944,0,0,1
40,22,10,0,5,2,0,1,0,0,0,0,4.293943,0,0,1
62,34,20,0,0,3,0,1,0,0,0,0,4.278546,0,1,1
28,19,1,0,0,2,0,0,0,0,0,0,4.1375375,0,0,1
34,19,7,0,0,2,0,0,0,0,0,0,4.1973257,0,0,1
31,22,1,0,0,2,0,0,0,0,0,0,4.0022683,0,0,1
37,22,7,0,0,2,0,0,0,0,0,0,3.9998617,0,0,1
72,26,38,0,0,1,0,1,0,0,0,0,4.0702786,0,0,1
69,22,14,0,0,0,1,0,0,1,0,0,4.3045006,0,0,1
31,22,1,0,0,0,0,1,0,0,0,0,4.1714654,0,0,1
41,21,12,0,0,0,0,1,0,0,0,0,4.180365,0,0,1
22,14,0,0,0,0,0,1,0,0,0,0,3.5160277,0,0,1
51,12,31,0,0,0,0,0,0,0,0,1,4.147943,0,0,1
66,21,37,0,4,0,0,0,0,0,0,1,4.8589573,0,0,1
49,11,30,0,3,0,0,0,0,0,0,0,4.3211575,0,0,1
75,24,1,41,23,1,2,1,0,0,0,0,4.8569007,0,0,1
204,28,13,154,11,0,1,2,0,0,0,0,5.2511334,0,0,1
55,23,24,0,0,2,0,0,0,0,0,0,4.0353227,0,0,1
39,15,16,0,15,0,0,1,0,0,0,0,4.088709,0,0,1
76,25,1,41,20,1,2,1,0,0,0,0,4.8616347,0,0,1
75,24,1,41,18,1,2,1,0,0,0,0,4.8604293,0,0,1
36,27,1,0,3,1,0,1,0,0,0,0,3.6824563,0,0,1
27,18,1,0,0,0,0,1,0,0,0,0,3.7821221,0,0,1
49,41,0,0,6,2,0,1,0,0,0,0,4.3057513,0,0,1
39,23,8,0,0,1,0,0,0,0,0,0,4.214263,0,0,1
41,21,12,0,0,1,0,0,0,0,0,0,4.043545,0,0,1
36,27,1,0,0,0,0,1,0,0,0,0,4.0650797,0,0,1
35,26,1,0,0,0,0,1,0,0,0,0,4.321721,0,0,1
33,24,1,0,0,1,0,1,0,0,0,0,3.9683404,0,0,1
76,25,1,41,20,1,2,1,0,0,0,0,4.8511515,0,0,1
47,40,0,0,11,1,0,1,0,0,0,0,4.477372,0,0,1
28,10,10,0,0,0,0,0,0,0,0,0,3.8868394,0,0,1
46,15,23,0,0,0,1,0,0,1,0,0,4.2618423,0,0,1
46,13,26,0,0,1,0,0,0,0,0,0,4.1084843,0,1,1
60,28,24,0,0,1,0,1,0,0,0,0,4.0414004,0,0,1
54,22,24,0,3,0,0,1,0,0,0,0,4.5070343,0,0,1
20,6,6,0,1,0,0,0,0,0,0,0,3.6464393,0,0,1
23,4,11,0,3,0,0,0,0,0,0,0,3.9690015,1,0,1
32,22,3,0,4,0,0,2,0,0,0,0,4.1167293,0,0,1
33,22,4,0,4,0,0,2,0,0,0,0,4.0895524,0,0,1
46,7,2,28,2,1,1,1,0,0,0,0,4.2618423,0,0,1
54,7,2,36,0,0,1,1,0,0,0,0,4.3327765,0,0,1
29,11,10,0,4,0,0,0,0,0,0,0,4.323161,1,0,1
28,11,9,0,4,0,0,0,0,0,0,0,4.3962917,1,0,1
58,39,11,0,6,0,0,1,0,0,0,0,4.5305033,0,0,1
61,13,40,0,0,0,0,1,0,0,0,0,4.20123,0,0,1
53,38,7,0,1,0,0,1,0,0,0,0,4.291336,0,0,1
62,43,11,0,24,1,0,1,0,0,0,0,4.63567,0,0,1
62,43,11,0,21,1,0,1,0,0,0,0,4.746231,0,0,1
62,43,11,0,21,1,0,1,0,0,0,0,4.7340555,0,0,1
62,43,11,0,22,1,0,1,0,0,0,0,4.705391,0,0,1
83,74,1,0,8,0,0,2,0,0,0,0,4.735122,0,0,1
83,74,1,0,16,0,0,2,0,0,0,0,4.651838,0,0,1
83,74,1,0,12,0,0,2,0,0,0,0,4.8381133,0,0,1
83,74,1,0,9,0,0,2,0,0,0,0,4.797113,0,0,1
83,74,1,0,8,0,0,2,0,0,0,0,4.841302,0,0,1
83,74,1,0,12,0,0,2,0,0,0,0,4.9590993,0,0,1
83,74,1,0,7,0,0,2,0,0,0,0,4.780547,0,0,1
83,74,1,0,12,0,0,2,0,0,0,0,4.8386173,0,0,1
83,74,1,0,13,0,0,2,0,0,0,0,4.9152985,0,0,1
83,74,1,0,17,0,0,2,0,0,0,0,4.8280077,0,0,1
83,74,1,0,12,0,0,2,0,0,0,0,4.823616,0,0,1
83,74,1,0,5,0,0,2,0,0,0,0,4.7216353,0,0,1
83,74,1,0,8,0,0,2,0,0,0,0,4.8583217,0,0,1
83,74,1,0,13,0,0,2,0,0,0,0,4.828319,0,0,1
83,74,1,0,8,0,0,2,0,0,0,0,4.75253,0,0,1
83,74,1,0,8,0,0,2,0,0,0,0,4.9062033,0,0,1
83,74,1,0,9,0,0,2,0,0,0,0,4.8610063,0,0,1
83,74,1,0,6,0,0,2,0,0,0,0,4.77072,0,0,1
83,74,1,0,6,0,0,2,0,0,0,0,4.638232,0,0,1
83,74,1,0,7,0,0,2,0,0,0,0,4.65564,0,0,1
83,74,1,0,10,0,0,2,0,0,0,0,4.742232,0,0,1
83,74,1,0,8,0,0,2,0,0,0,0,4.850901,0,0,1
83,74,1,0,8,0,0,2,0,0,0,0,4.75253,0,0,1
83,74,1,0,5,0,0,2,0,0,0,0,4.752337,0,0,1
83,74,1,0,13,0,0,2,0,0,0,0,4.8258295,0,0,1
83,74,1,0,9,0,0,2,0,0,0,0,4.6687393,0,0,1
83,74,1,0,8,0,0,2,0,0,0,0,4.744638,0,0,1
83,74,1,0,9,0,0,2,0,0,0,0,4.9212046,0,0,1
83,74,1,0,10,0,0,2,0,0,0,0,4.8339143,0,0,1
83,74,1,0,9,0,0,2,0,0,0,0,4.770527,0,0,1
83,74,1,0,8,0,0,2,0,0,0,0,4.7734375,0,0,1
83,74,1,0,6,0,0,2,0,0,0,0,4.746935,0,0,1
83,74,1,0,6,0,0,2,0,0,0,0,4.8042226,0,0,1
83,74,1,0,7,0,0,2,0,0,0,0,4.659644,0,0,1
83,74,1,0,10,0,0,2,0,0,0,0,4.7734375,0,0,1
83,74,1,0,6,0,0,2,0,0,0,0,4.7813296,0,0,1
83,74,1,0,7,0,0,2,0,0,0,0,4.7181354,0,0,1
83,74,1,0,7,0,0,2,0,0,0,0,4.7548265,0,0,1
83,74,1,0,10,0,0,2,0,0,0,0,4.895905,0,0,1
83,74,1,0,5,0,0,2,0,0,0,0,4.7845182,0,0,1
83,74,1,0,5,0,0,2,0,0,0,0,4.6884437,0,0,1
83,74,1,0,12,0,0,2,0,0,0,0,4.761625,0,0,1
83,74,1,0,6,0,0,2,0,0,0,0,4.7501235,0,0,1
83,74,1,0,12,0,0,2,0,0,0,0,4.8354287,0,0,1
83,74,1,0,12,0,0,2,0,0,0,0,4.7410283,0,0,1
83,74,1,0,12,0,0,2,0,0,0,0,4.7951274,0,0,1
83,74,1,0,7,0,0,2,0,0,0,0,4.7272305,0,0,1
83,74,1,0,6,0,0,2,0,0,0,0,4.7181354,0,0,1
83,74,1,0,12,0,0,2,0,0,0,0,4.7358212,0,0,1
83,74,1,0,11,0,0,2,0,0,0,0,4.6948233,0,0,1
83,74,1,0,14,0,0,2,0,0,0,0,4.869091,0,0,1
83,74,1,0,10,0,0,2,0,0,0,0,4.8880134,0,0,1
83,74,1,0,11,0,0,2,0,0,0,0,4.894702,0,0,1
83,74,1,0,12,0,0,2,0,0,0,0,4.7378397,0,0,1
83,74,1,0,7,0,0,2,0,0,0,0,4.711532,0,0,1
83,74,1,0,11,0,0,2,0,0,0,0,4.654437,0,0,1
83,74,1,0,4,0,0,2,0,0,0,0,4.6385436,0,0,1
83,74,1,0,17,0,0,2,0,0,0,0,4.847208,0,0,1
83,74,1,0,10,0,0,2,0,0,0,0,4.877715,0,0,1
83,74,1,0,9,0,0,2,0,0,0,0,4.8353953,0,0,1
83,74,1,0,15,0,0,2,0,0,0,0,4.8315077,0,0,1
83,74,1,0,9,0,0,2,0,0,0,0,4.784207,0,0,1
83,74,1,0,8,0,0,2,0,0,0,0,4.819224,0,0,1
83,74,1,0,11,0,0,2,0,0,0,0,4.7011485,0,0,1
83,74,1,0,10,0,0,2,0,0,0,0,4.793142,0,0,1
83,74,1,0,11,0,0,2,0,0,0,0,4.8662133,0,0,1
83,74,1,0,6,0,0,2,0,0,0,0,4.743435,0,0,1
83,74,1,0,4,0,0,2,0,0,0,0,4.743435,0,0,1
83,74,1,0,18,0,0,2,0,0,0,0,4.8580103,0,0,1
83,74,1,0,11,0,0,2,0,0,0,0,4.945301,0,0,1
83,74,1,0,8,0,0,2,0,0,0,0,4.803911,0,0,1
83,74,1,0,14,0,0,2,0,0,0,0,4.7722344,0,0,1
83,74,1,0,9,0,0,2,0,0,0,0,4.806629,0,0,1
83,74,1,0,9,0,0,2,0,0,0,0,4.8172054,0,0,1
83,74,1,0,14,0,0,2,0,0,0,0,4.8580103,0,0,1
83,74,1,0,13,0,0,2,0,0,0,0,4.765125,0,0,1
83,74,1,0,7,0,0,2,0,0,0,0,4.806403,0,0,1
83,74,1,0,6,0,0,2,0,0,0,0,4.780126,0,0,1
83,74,1,0,11,0,0,2,0,0,0,0,4.8548217,0,0,1
83,74,1,0,7,0,0,2,0,0,0,0,4.7939243,0,0,1
83,74,1,0,7,0,0,2,0,0,0,0,4.836599,0,0,1
83,74,1,0,9,0,0,2,0,0,0,0,4.8765116,0,0,1
83,74,1,0,10,0,0,2,0,0,0,0,4.7296367,0,0,1
83,74,1,0,8,0,0,2,0,0,0,0,4.780126,0,0,1
83,74,1,0,6,0,0,2,0,0,0,0,4.7390428,0,0,1
83,74,1,0,3,0,0,2,0,0,0,0,4.7098227,0,0,1
83,74,1,0,14,0,0,2,0,0,0,0,4.8051147,0,0,1
83,74,1,0,6,0,0,2,0,0,0,0,4.6837406,0,0,1
83,74,1,0,9,0,0,2,0,0,0,0,4.810129,0,0,1
83,74,1,0,12,0,0,2,0,0,0,0,4.6884437,0,0,1
83,74,1,0,7,0,0,2,0,0,0,0,4.837103,0,0,1
147,74,1,63,6,0,3,2,0,0,0,0,4.833996,0,0,1
60,20,33,0,0,1,0,0,0,0,0,0,4.3026433,0,0,1
27,18,1,0,0,0,0,0,0,0,0,0,3.7262046,0,0,1
31,22,1,0,0,0,0,0,0,0,0,0,3.735666,0,0,1
38,22,8,0,0,0,0,0,0,0,0,0,3.6626952,0,0,1
40,31,1,0,0,4,0,1,0,0,0,0,4.1750703,0,0,1
34,25,1,0,0,0,0,1,0,0,0,0,4.1607046,0,0,1
35,26,1,0,0,0,0,1,0,0,0,0,3.8861465,0,0,1
41,32,1,0,0,1,0,1,0,0,0,0,4.192322,0,0,1
45,36,1,0,0,3,0,1,0,0,0,0,4.172207,0,0,1
40,31,1,0,0,1,0,1,0,0,0,0,4.177567,0,0,1
39,30,1,0,0,0,0,1,0,0,0,0,4.118485,0,1,1
37,28,1,0,0,0,0,1,0,0,0,0,4.2425766,0,0,1
31,22,1,0,0,0,0,1,0,0,0,0,4.1714654,0,0,1
42,33,1,0,0,0,0,1,0,0,0,0,3.9847124,0,0,1
27,18,1,0,5,0,0,1,0,0,0,0,4.2084103,0,0,1
28,19,1,0,6,0,0,1,0,0,0,0,4.2803946,0,0,1
44,35,1,0,0,2,0,1,0,0,0,0,4.189561,0,1,1
52,19,26,0,4,0,0,0,0,0,0,0,4.1851707,0,0,1
43,29,6,0,0,0,0,0,0,0,0,0,4.088828,0,1,1
45,29,1,6,0,0,1,0,0,0,0,0,4.108768,0,0,1
38,29,1,0,0,0,0,0,0,0,0,0,4.010571,0,0,1
42,34,0,0,0,0,0,1,0,0,0,0,4.0823283,0,0,1
35,27,0,0,0,0,0,1,0,0,0,0,3.9648576,0,0,1
26,18,0,0,0,0,0,1,0,0,0,0,3.7192945,0,0,1
40,32,0,0,0,0,0,1,0,0,0,0,4.053056,0,0,1
40,32,0,0,0,0,0,1,0,0,0,0,4.103056,0,0,1
39,31,0,0,0,0,0,1,0,0,0,0,4.0385,0,0,1
26,19,0,0,0,1,0,0,0,0,0,0,3.7483287,0,0,1
47,38,1,0,0,2,0,1,0,0,0,0,4.113129,0,0,1
30,21,1,0,3,1,0,1,0,0,0,0,4.189898,0,0,1
38,29,1,0,0,2,0,1,0,0,0,0,3.850048,0,0,1
31,22,1,0,0,0,0,1,0,0,0,0,3.9292145,0,0,1
30,21,1,0,0,1,0,1,0,0,0,0,4.047743,0,0,1
28,19,1,0,2,0,0,1,0,0,0,0,3.668987,0,0,1
29,20,1,0,0,1,0,1,0,0,0,0,3.6899016,0,0,1
24,15,1,0,2,1,0,1,0,0,0,0,3.8553886,0,0,1
29,20,1,0,0,0,0,1,0,0,0,0,3.771437,0,0,1
38,29,1,0,0,2,0,1,0,0,0,0,4.1986036,0,0,1
33,24,1,0,0,0,0,1,0,0,0,0,3.9683404,0,0,1
27,18,1,0,0,0,0,1,0,0,0,0,3.810081,0,0,1
28,19,1,0,0,0,0,1,0,0,0,0,3.7709424,0,0,1
25,16,1,0,0,0,0,1,0,0,0,0,3.9132698,0,0,1
131,15,108,0,17,4,0,1,0,0,0,0,5.6073923,0,0,1
27,10,10,0,0,0,0,0,0,0,0,0,3.6060152,0,0,1
68,31,29,0,9,2,0,0,0,0,0,0,4.583715,0,0,1
28,10,10,0,0,0,0,0,0,0,0,0,3.6280854,0,0,1
48,28,12,0,1,0,0,1,0,0,0,0,4.3580074,0,1,1
75,24,1,41,22,1,2,1,0,0,0,0,4.775011,0,0,1
42,14,20,0,15,0,0,1,0,0,0,0,4.350069,0,0,1
51,43,0,0,18,1,0,1,0,0,0,0,4.401955,0,0,1
76,25,1,41,20,1,2,1,0,0,0,0,4.707986,0,0,1
53,13,32,0,0,1,0,0,0,0,0,0,4.1800127,0,0,1
27,18,1,0,0,0,0,0,0,0,0,0,3.912114,0,0,1
59,51,0,0,18,1,0,1,0,0,0,0,4.443764,0,0,1
40,32,0,0,2,0,0,1,0,0,0,0,4.2841835,0,0,1
131,15,108,0,19,5,0,1,0,0,0,0,5.4573326,0,0,1
175,15,108,43,16,2,3,1,0,0,0,0,5.486899,0,0,1
113,15,57,33,7,1,1,0,0,0,0,0,5.1973977,0,0,1
131,15,108,0,12,2,0,1,0,0,0,0,5.472205,0,0,1
39,25,6,0,0,1,0,1,0,0,0,0,4.201693,0,0,1
41,27,6,0,0,2,0,1,0,0,0,0,4.308295,0,0,1
36,22,6,0,0,2,0,1,0,0,0,0,4.260067,0,0,1
40,26,6,0,0,2,0,1,0,0,0,0,4.4464393,0,0,1
34,26,0,0,0,1,0,1,0,0,0,0,3.9735126,0,0,1
43,36,0,0,11,1,0,1,0,0,0,0,4.536389,0,0,1
47,12,27,0,3,2,0,1,0,0,0,0,4.5178003,0,0,1
131,15,108,0,16,1,0,1,0,0,0,0,5.468927,0,0,1
25,16,1,0,0,0,0,1,0,0,0,0,3.7532697,0,0,1
75,24,1,41,21,1,2,1,0,0,0,0,4.798707,0,0,1
53,26,19,0,0,2,0,1,0,0,0,0,4.1385083,0,0,1
75,24,1,41,22,1,2,1,0,0,0,0,4.9255037,0,0,1
75,24,1,41,25,1,2,1,0,0,0,0,4.9154387,0,0,1
76,25,1,41,20,1,2,1,0,0,0,0,4.7920694,0,0,1
54,29,17,0,0,0,0,1,0,0,0,0,4.108705,0,1,1
76,25,1,41,25,1,2,1,0,0,0,0,4.9039936,0,0,1
20,5,7,0,0,0,0,0,0,0,0,0,3.8841836,1,0,1
36,27,1,0,0,0,0,1,0,0,0,0,4.440351,0,0,1
53,12,35,0,0,1,0,0,0,0,1,0,4.341431,0,0,1
51,12,33,0,1,1,0,0,0,0,1,0,4.4495916,0,0,1
60,24,28,0,0,0,0,1,0,0,0,0,4.2760825,0,0,1
40,12,22,0,0,1,0,0,0,0,1,0,4.2750707,0,0,1
23,14,1,0,0,0,0,1,0,0,0,0,3.7294462,0,0,1
37,28,1,0,0,1,0,1,0,0,0,0,4.0369105,0,1,1
36,11,1,15,2,1,1,0,0,0,0,0,4.627987,0,0,1
33,24,1,0,3,2,0,1,0,0,0,0,3.9831955,0,0,1
113,15,76,13,12,0,1,1,0,0,0,0,5.3075604,0,0,1
35,9,18,0,2,0,0,0,0,0,0,0,4.571861,0,0,1
99,15,76,0,12,0,0,1,0,0,0,0,5.2587447,0,0,1
27,10,9,0,0,1,0,0,0,0,0,0,3.8245387,0,0,1
28,10,10,0,0,1,0,0,0,0,0,0,3.794336,0,0,1
40,16,16,0,3,0,0,1,0,0,0,0,4.0841837,0,0,1
55,24,23,0,0,0,0,1,0,0,0,0,4.376662,0,0,1
46,7,2,28,1,1,1,1,0,0,0,0,4.2618423,0,0,1
28,11,9,0,3,0,0,0,0,0,0,0,4.324863,1,0,1
28,11,9,0,3,0,0,0,0,0,0,0,4.253434,1,0,1
28,11,9,0,1,0,0,0,0,0,0,0,3.8962915,1,0,1
42,9,25,0,10,0,0,0,0,0,0,0,4.157215,0,0,1
20,6,6,0,0,0,0,0,0,0,0,0,3.7841837,0,0,1
46,16,22,0,0,0,0,1,0,0,0,0,4.1519623,0,0,1
131,15,108,0,17,2,0,1,0,0,0,0,5.5292335,0,0,1
57,49,0,0,16,1,0,1,0,0,0,0,4.4752746,0,0,1
182,17,1,155,20,1,4,0,0,0,0,0,5.596098,0,0,1
31,22,1,0,0,2,0,0,0,0,0,0,4.0825977,0,0,1
40,22,10,0,0,2,0,0,0,0,0,0,4.1939425,0,0,1
131,15,108,0,10,3,0,1,0,0,0,0,5.4819074,0,0,1
40,12,20,0,0,1,0,0,0,0,0,0,4.1159573,0,1,1
360,22,24,345,43,4,3,0,0,0,1,0,5.8452587,0,0,1
75,24,1,41,23,1,2,1,0,0,0,0,4.7968173,0,0,1
40,16,16,0,0,0,0,1,0,0,0,0,3.9750705,0,0,1
83,74,1,0,8,0,0,2,0,0,0,0,4.783626,0,0,1
83,74,1,0,7,0,0,2,0,0,0,0,4.6391573,0,0,1
83,74,1,0,8,0,0,2,0,0,0,0,4.7983165,0,0,1
83,74,1,0,14,0,0,2,0,0,0,0,4.7739086,0,0,1
83,74,1,0,8,0,0,2,0,0,0,0,4.8718085,0,0,1
83,74,1,0,8,0,0,2,0,0,0,0,4.7995195,0,0,1
83,74,1,0,12,0,0,2,0,0,0,0,4.7995195,0,0,1
83,74,1,0,12,0,0,2,0,0,0,0,4.707837,0,0,1
83,74,1,0,8,0,0,2,0,0,0,0,4.8002186,0,0,1
83,74,1,0,9,0,0,2,0,0,0,0,4.8386173,0,0,1
83,74,1,0,15,0,0,2,0,0,0,0,4.7813296,0,0,1
83,74,1,0,9,0,0,2,0,0,0,0,4.689647,0,0,1
172,74,1,88,26,0,2,2,0,0,0,0,5.151016,0,0,1
83,74,1,0,8,0,0,2,0,0,0,0,4.8489156,0,0,1
83,74,1,0,13,0,0,2,0,0,0,0,4.8887954,0,0,1
83,74,1,0,11,0,0,2,0,0,0,0,4.9030147,0,0,1
83,74,1,0,11,0,0,2,0,0,0,0,4.8433204,0,0,1
83,74,1,0,12,0,0,2,0,0,0,0,4.81522,0,0,1
83,74,1,0,9,0,0,2,0,0,0,0,4.757233,0,0,1
83,74,1,0,12,0,0,2,0,0,0,0,4.9152985,0,0,1
83,74,1,0,5,0,0,2,0,0,0,0,4.788018,0,0,1
83,74,1,0,13,0,0,2,0,0,0,0,4.6737537,0,0,1
83,74,1,0,6,0,0,2,0,0,0,0,4.6908503,0,0,1
170,74,1,86,30,0,2,2,0,0,0,0,5.524093,0,0,1
83,74,1,0,7,0,0,2,0,0,0,0,4.8327107,0,0,1
83,74,1,0,11,0,0,2,0,0,0,0,4.707837,0,0,1
83,74,1,0,14,0,0,2,0,0,0,0,4.889999,0,0,1
83,74,1,0,13,0,0,2,0,0,0,0,4.6955204,0,0,1
83,74,1,0,13,0,0,2,0,0,0,0,4.864699,0,0,1
83,74,1,0,9,0,0,2,0,0,0,0,4.7545156,0,0,1
83,74,1,0,11,0,0,2,0,0,0,0,4.8583217,0,0,1
83,74,1,0,8,0,0,2,0,0,0,0,4.7859993,0,0,1
83,74,1,0,10,0,0,2,0,0,0,0,4.8533072,0,0,1
83,74,1,0,10,0,0,2,0,0,0,0,4.758436,0,0,1
83,74,1,0,13,0,0,2,0,0,0,0,4.787707,0,0,1
83,74,1,0,8,0,0,2,0,0,0,0,4.701039,0,0,1
83,74,1,0,8,0,0,2,0,0,0,0,4.910595,0,0,1
83,74,1,0,10,0,0,2,0,0,0,0,4.882107,0,0,1
83,74,1,0,11,0,0,2,0,0,0,0,4.749812,0,0,1
83,74,1,0,10,0,0,2,0,0,0,0,4.7845182,0,0,1
83,74,1,0,10,0,0,2,0,0,0,0,4.7240415,0,0,1
83,74,1,0,11,0,0,2,0,0,0,0,4.88681,0,0,1
83,74,1,0,15,0,0,2,0,0,0,0,4.801034,0,0,1
83,74,1,0,10,0,0,2,0,0,0,0,4.7833147,0,0,1
83,74,1,0,7,0,0,2,0,0,0,0,4.823616,0,0,1
83,74,1,0,8,0,0,2,0,0,0,0,4.791628,0,0,1
83,74,1,0,10,0,0,2,0,0,0,0,4.8615103,0,0,1
83,74,1,0,7,0,0,2,0,0,0,0,4.897108,0,0,1
83,74,1,0,12,0,0,2,0,0,0,0,4.843009,0,0,1
83,74,1,0,8,0,0,2,0,0,0,0,4.8650103,0,0,1
83,74,1,0,4,0,0,2,0,0,0,0,4.6205463,0,0,1
83,74,1,0,6,0,0,2,0,0,0,0,4.8037186,0,0,1
83,74,1,0,11,0,0,2,0,0,0,0,4.7990155,0,0,1
83,74,1,0,10,0,0,2,0,0,0,0,4.865398,0,0,1
83,74,1,0,11,0,0,2,0,0,0,0,4.814521,0,0,1
83,74,1,0,10,0,0,2,0,0,0,0,4.766017,0,0,1
83,74,1,0,13,0,0,2,0,0,0,0,4.7370243,0,0,1
83,74,1,0,9,0,0,2,0,0,0,0,4.8327107,0,0,1
83,74,1,0,11,0,0,2,0,0,0,0,4.7857213,0,0,1
83,74,1,0,15,0,0,2,0,0,0,0,4.901811,0,0,1
83,74,1,0,14,0,0,2,0,0,0,0,4.761936,0,0,1
83,74,1,0,9,0,0,2,0,0,0,0,4.8359,0,0,1
83,74,1,0,9,0,0,2,0,0,0,0,4.9200015,0,0,1
83,74,1,0,5,0,0,2,0,0,0,0,4.7508225,0,0,1
83,74,1,0,7,0,0,2,0,0,0,0,4.855604,0,0,1
149,74,1,65,21,0,1,2,0,0,0,0,5.095088,0,0,1
83,74,1,0,8,0,0,2,0,0,0,0,4.8449945,0,0,1
83,74,1,0,7,0,0,2,0,0,0,0,4.7674217,0,0,1
83,74,1,0,7,0,0,2,0,0,0,0,4.681529,0,0,1
83,74,1,0,10,0,0,2,0,0,0,0,4.8630247,0,0,1
83,74,1,0,8,0,0,2,0,0,0,0,4.6832366,0,0,1
83,74,1,0,7,0,0,2,0,0,0,0,4.891202,0,0,1
83,74,1,0,7,0,0,2,0,0,0,0,4.8611994,0,0,1
83,74,1,0,12,0,0,2,0,0,0,0,4.873012,0,0,1
83,74,1,0,11,0,0,2,0,0,0,0,4.8319287,0,0,1
83,74,1,0,7,0,0,2,0,0,0,0,4.765824,0,0,1
83,74,1,0,7,0,0,2,0,0,0,0,4.7021255,0,0,1
83,74,1,0,4,0,0,2,0,0,0,0,4.695242,0,0,1
83,74,1,0,10,0,0,2,0,0,0,0,4.7540445,0,0,1
83,74,1,0,7,0,0,2,0,0,0,0,4.824315,0,0,1
83,74,1,0,11,0,0,2,0,0,0,0,4.809818,0,0,1
83,74,1,0,11,0,0,2,0,0,0,0,4.856496,0,0,1
83,74,1,0,5,0,0,2,0,0,0,0,4.7058516,0,0,1
83,74,1,0,9,0,0,2,0,0,0,0,4.7193384,0,0,1
83,74,1,0,7,0,0,2,0,0,0,0,4.7466235,0,0,1
83,74,1,0,13,0,0,2,0,0,0,0,4.8524156,0,0,1
83,74,1,0,10,0,0,2,0,0,0,0,4.8927164,0,0,1
83,74,1,0,5,0,0,2,0,0,0,0,4.8611994,0,0,1
83,74,1,0,10,0,0,2,0,0,0,0,4.814017,0,0,1
83,74,1,0,12,0,0,2,0,0,0,0,4.92319,0,0,1
83,74,1,0,8,0,0,2,0,0,0,0,4.8224125,0,0,1
83,74,1,0,8,0,0,2,0,0,0,0,4.75253,0,0,1
83,74,1,0,10,0,0,2,0,0,0,0,4.745732,0,0,1
83,74,1,0,7,0,0,2,0,0,0,0,4.7604218,0,0,1
83,74,1,0,4,0,0,2,0,0,0,0,4.7764335,0,0,1
83,74,1,0,8,0,0,2,0,0,0,0,4.7675314,0,0,1
83,74,1,0,9,0,0,2,0,0,0,0,4.745732,0,0,1
83,74,1,0,8,0,0,2,0,0,0,0,4.707333,0,0,1
83,74,1,0,10,0,0,2,0,0,0,0,4.742931,0,0,1
83,74,1,0,9,0,0,2,0,0,0,0,4.8354287,0,0,1
83,74,1,0,6,0,0,2,0,0,0,0,4.7892213,0,0,1
83,74,1,0,5,0,0,2,0,0,0,0,4.8054256,0,0,1
83,74,1,0,5,0,0,2,0,0,0,0,4.6165423,0,0,1
83,74,1,0,11,0,0,2,0,0,0,0,4.7021255,0,0,1
83,74,1,0,9,0,0,2,0,0,0,0,4.9297953,0,0,1
83,74,1,0,9,0,0,2,0,0,0,0,4.824819,0,0,1
83,74,1,0,9,0,0,2,0,0,0,0,4.769517,0,0,1
83,74,1,0,8,0,0,2,0,0,0,0,4.802708,0,0,1
83,74,1,0,10,0,0,2,0,0,0,0,4.7193384,0,0,1
83,74,1,0,10,0,0,2,0,0,0,0,4.847712,0,0,1
83,74,1,0,11,0,0,2,0,0,0,0,4.5627546,0,0,1
83,74,1,0,10,0,0,2,0,0,0,0,4.8955936,0,0,1
83,74,1,0,8,0,0,2,0,0,0,0,4.8536186,0,0,1
83,74,1,0,12,0,0,2,0,0,0,0,4.824315,0,0,1
83,74,1,0,9,0,0,2,0,0,0,0,4.8268046,0,0,1
83,74,1,0,12,0,0,2,0,0,0,0,4.722023,0,0,1
83,74,1,0,10,0,0,2,0,0,0,0,4.847712,0,0,1
83,74,1,0,14,0,0,2,0,0,0,0,4.8339143,0,0,1
83,74,1,0,10,0,0,2,0,0,0,0,4.8840923,0,0,1
83,74,1,0,7,0,0,2,0,0,0,0,4.8212094,0,0,1
83,74,1,0,6,0,0,2,0,0,0,0,4.7287445,0,0,1
83,74,1,0,10,0,0,2,0,0,0,0,4.725019,0,0,1
83,74,1,0,8,0,0,2,0,0,0,0,4.7331367,0,0,1
83,74,1,0,7,0,0,2,0,0,0,0,4.676127,0,0,1
83,74,1,0,15,0,0,2,0,0,0,0,4.859492,0,0,1
83,74,1,0,9,0,0,2,0,0,0,0,4.5627546,0,0,1
83,74,1,0,11,0,0,2,0,0,0,0,4.8445234,0,0,1
83,74,1,0,16,0,0,2,0,0,0,0,4.809818,0,0,1
83,74,1,0,9,0,0,2,0,0,0,0,4.775423,0,0,1
83,74,1,0,11,0,0,2,0,0,0,0,4.7860327,0,0,1
83,74,1,0,9,0,0,2,0,0,0,0,4.873012,0,0,1
83,74,1,0,12,0,0,2,0,0,0,0,4.806208,0,0,1
83,74,1,0,8,0,0,2,0,0,0,0,4.676826,0,0,1
83,74,1,0,9,0,0,2,0,0,0,0,4.891202,0,0,1
83,74,1,0,9,0,0,2,0,0,0,0,4.775423,0,0,1
83,74,1,0,7,0,0,2,0,0,0,0,4.841806,0,0,1
83,74,1,0,8,0,0,2,0,0,0,0,4.8461976,0,0,1
83,74,1,0,14,0,0,2,0,0,0,0,4.788018,0,0,1
83,74,1,0,7,0,0,2,0,0,0,0,4.7331367,0,0,1
83,74,1,0,10,0,0,2,0,0,0,0,4.9152985,0,0,1
83,74,1,0,12,0,0,2,0,0,0,0,4.8580103,0,0,1
83,74,1,0,10,0,0,2,0,0,0,0,4.927111,0,0,1
83,74,1,0,12,0,0,2,0,0,0,0,4.8322067,0,0,1
83,74,1,0,6,0,0,2,0,0,0,0,4.7061296,0,0,1
83,74,1,0,7,0,0,2,0,0,0,0,4.8575063,0,0,1
83,74,1,0,10,0,0,2,0,0,0,0,4.8524156,0,0,1
83,74,1,0,12,0,0,2,0,0,0,0,4.8445234,0,0,1
83,74,1,0,9,0,0,2,0,0,0,0,4.8580103,0,0,1
83,74,1,0,13,0,0,2,0,0,0,0,4.9187984,0,0,1
83,74,1,0,9,0,0,2,0,0,0,0,4.859214,0,0,1
83,74,1,0,14,0,0,2,0,0,0,0,4.8883243,0,0,1
83,74,1,0,5,0,0,2,0,0,0,0,4.6643476,0,0,1
83,74,1,0,5,0,0,2,0,0,0,0,4.6350436,0,0,1
83,74,1,0,6,0,0,2,0,0,0,0,4.707333,0,0,1
178,74,1,94,25,0,2,2,0,0,0,0,5.1274467,0,0,1
83,74,1,0,15,0,0,2,0,0,0,0,4.7363253,0,0,1
171,74,1,87,22,0,2,2,0,0,0,0,5.140561,0,0,1
83,74,1,0,5,0,0,2,0,0,0,0,4.778923,0,0,1
83,74,1,0,15,0,0,2,0,0,0,0,4.783821,0,0,1
83,74,1,0,9,0,0,2,0,0,0,0,4.765125,0,0,1
83,74,1,0,6,0,0,2,0,0,0,0,4.8339143,0,0,1
83,74,1,0,5,0,0,2,0,0,0,0,4.7228384,0,0,1
83,74,1,0,8,0,0,2,0,0,0,0,4.7820287,0,0,1
83,74,1,0,10,0,0,2,0,0,0,0,4.913591,0,0,1
83,74,1,0,11,0,0,2,0,0,0,0,4.7813296,0,0,1
83,74,1,0,5,0,0,2,0,0,0,0,4.7449493,0,0,1
83,74,1,0,10,0,0,2,0,0,0,0,4.823927,0,0,1
83,74,1,0,10,0,0,2,0,0,0,0,4.8125353,0,0,1
83,74,1,0,11,0,0,2,0,0,0,0,4.7810183,0,0,1
83,74,1,0,7,0,0,2,0,0,0,0,4.761936,0,0,1
83,74,1,0,12,0,0,2,0,0,0,0,4.8292108,0,0,1
83,74,1,0,11,0,0,2,0,0,0,0,4.838306,0,0,1
83,74,1,0,13,0,0,2,0,0,0,0,4.7510157,0,0,1
83,74,1,0,11,0,0,2,0,0,0,0,4.7739086,0,0,1
83,74,1,0,16,0,0,2,0,0,0,0,4.880121,0,0,1
83,74,1,0,12,0,0,2,0,0,0,0,4.874215,0,0,1
83,74,1,0,6,0,0,2,0,0,0,0,4.7251353,0,0,1
83,74,1,0,7,0,0,2,0,0,0,0,4.8501186,0,0,1
83,74,1,0,9,0,0,2,0,0,0,0,4.8536186,0,0,1
83,74,1,0,9,0,0,2,0,0,0,0,4.9062033,0,0,1
83,74,1,0,9,0,0,2,0,0,0,0,4.802708,0,0,1
83,74,1,0,10,0,0,2,0,0,0,0,4.7813296,0,0,1
83,74,1,0,6,0,0,2,0,0,0,0,4.735122,0,0,1
83,74,1,0,10,0,0,2,0,0,0,0,4.778923,0,0,1
83,74,1,0,9,0,0,2,0,0,0,0,4.8615103,0,0,1
83,74,1,0,11,0,0,2,0,0,0,0,4.846509,0,0,1
83,74,1,0,8,0,0,2,0,0,0,0,4.8671055,0,0,1
83,74,1,0,7,0,0,2,0,0,0,0,4.761936,0,0,1
83,74,1,0,9,0,0,2,0,0,0,0,4.8610063,0,0,1
83,74,1,0,8,0,0,2,0,0,0,0,4.905,0,0,1
83,74,1,0,9,0,0,2,0,0,0,0,4.9212046,0,0,1
83,74,1,0,4,0,0,2,0,0,0,0,4.7466235,0,0,1
83,74,1,0,11,0,0,2,0,0,0,0,4.8054256,0,0,1
83,74,1,0,7,0,0,2,0,0,0,0,4.7402463,0,0,1
83,74,1,0,15,0,0,2,0,0,0,0,4.8359,0,0,1
83,74,1,0,8,0,0,2,0,0,0,0,4.7604218,0,0,1
83,74,1,0,13,0,0,2,0,0,0,0,4.8765116,0,0,1
83,74,1,0,10,0,0,2,0,0,0,0,4.704111,0,0,1
83,74,1,0,12,0,0,2,0,0,0,0,4.8280077,0,0,1
56,17,31,0,0,0,0,0,0,0,0,0,4.0771074,0,0,1
24,15,1,0,0,0,0,0,0,0,0,0,3.8035088,0,0,1
27,15,4,0,0,0,0,0,0,0,0,0,3.7821221,0,0,1
39,15,16,0,15,0,0,1,0,0,0,0,4.182337,0,0,1
39,15,16,0,15,0,0,1,0,0,0,0,4.284901,0,0,1
114,24,1,84,29,1,6,1,0,0,1,0,5.327059,0,0,1
114,24,1,84,28,1,6,1,0,0,1,0,5.2962713,0,0,1
114,24,1,84,26,1,6,1,0,0,1,0,5.2810493,0,0,1
76,25,1,41,26,1,2,1,0,0,0,0,4.824836,0,0,1
44,11,25,0,0,0,0,0,0,0,0,0,3.9053285,0,0,1
68,24,36,0,3,0,0,1,0,0,0,0,4.40786,0,0,1
61,24,29,0,0,0,0,1,0,0,0,0,4.2674894,0,0,1
32,14,10,0,0,0,0,0,0,0,0,0,3.6136086,0,0,1
48,41,0,0,16,1,0,1,0,0,0,0,4.433208,0,0,1
51,10,33,0,3,0,0,0,0,0,0,0,4.1607866,0,0,1
44,10,26,0,0,0,0,0,0,0,0,0,3.9711602,0,0,1
36,24,4,0,0,0,0,1,0,0,0,0,3.7317462,0,0,1
48,39,1,0,0,0,0,1,0,0,0,0,3.8121796,0,0,1
35,26,1,0,0,0,0,1,0,0,0,0,4.3788643,0,0,1
38,29,1,0,0,0,0,1,0,0,0,0,4.2409625,0,0,1
35,26,1,0,0,2,0,1,0,0,0,0,4.0715814,0,0,1
30,21,1,0,4,0,0,1,0,0,0,0,4.148394,0,0,1
27,18,1,0,1,0,0,1,0,0,0,0,4.134336,0,0,1
28,19,1,0,0,0,0,1,0,0,0,0,3.8962915,0,0,1
39,30,1,0,0,0,0,1,0,0,0,0,4.17299,0,0,1
31,22,1,0,4,0,0,1,0,0,0,0,4.3492,0,0,1
41,32,1,0,0,0,0,1,0,0,0,0,4.305859,0,0,1
27,18,1,0,1,0,0,1,0,0,0,0,4.2084103,0,0,1
43,8,27,0,0,0,0,0,0,0,0,0,3.844497,0,0,1
50,8,34,0,3,0,0,0,0,0,0,0,4.068438,0,0,1
56,49,0,0,16,1,0,1,0,0,0,0,4.546119,0,0,1
26,18,0,0,0,1,0,1,0,0,0,0,3.9021747,0,0,1
48,41,0,0,16,1,0,1,0,0,0,0,4.532268,0,0,1
58,50,0,0,17,1,0,1,0,0,0,0,4.4548073,0,0,1
49,42,0,0,17,1,0,1,0,0,0,0,4.404828,0,0,1
178,13,1,155,24,0,4,0,0,0,0,0,5.597211,0,0,1
131,15,108,0,18,1,0,1,0,0,0,0,5.5577264,0,0,1
31,23,0,0,0,0,0,0,0,0,0,0,3.9134007,0,0,1
32,20,5,0,0,0,0,0,0,0,0,0,3.9056392,0,0,1
48,11,4,0,1,0,1,0,0,1,0,0,4.297995,0,0,1
62,35,19,0,0,2,0,1,0,0,0,0,4.2788043,0,1,1
75,24,1,41,21,1,2,1,0,0,0,0,4.8367705,0,0,1
26,18,0,0,0,0,0,0,0,0,0,0,3.7192945,0,0,1
131,15,108,0,14,3,0,1,0,0,0,0,5.5925198,0,0,1
39,14,17,0,0,0,0,0,0,0,0,0,4.006574,0,0,1
43,36,0,0,7,1,0,1,0,0,0,0,4.341865,0,0,1
26,17,1,0,0,0,0,0,0,0,0,0,3.8731406,0,0,1
175,15,108,43,18,4,3,1,0,0,0,0,5.608259,0,0,1
32,16,8,0,0,0,0,0,0,0,0,0,3.9261086,0,0,1
