label,error_rate
0,0.01256281407035176
1,0.034023668639053255
