label,error_rate
0,0.011055276381909548
1,0.03698224852071006
