label,error_rate
0,0.008542713567839196
1,0.03772189349112426
