accuracy,macro_f1,roc_auc,pr_auc,fpr_at_tpr_0_95,confusion_matrix,model,fit_time_s,model_size_kb,infer_ms_per_1k
0.9796529024536206,0.9787955638411627,0.9948537064018317,0.9948991889450225,0.004020100502512563,"[[1973, 17], [51, 1301]]",xgb,13.533,577.27,5.17
0.9661879114302813,0.9645660303747352,0.9857018078558473,0.9874770961695627,0.020603015075376884,"[[1972, 18], [95, 1257]]",linear_svm,0.6241,4.12,1.68
0.966786355475763,0.9652394939663729,0.9865090987481787,0.9876788736214333,0.023618090452261306,"[[1968, 22], [89, 1263]]",lr,3.7871,1.45,0.47
0.978755236385398,0.9778957608715599,0.9935119383901757,0.9935847930374632,0.005527638190954774,"[[1965, 25], [46, 1306]]",lgbm,251.3662,2056.61,26.82
0.9802513464991023,0.9794397276378188,0.9948481311884868,0.9948774758184945,0.0035175879396984926,"[[1970, 20], [46, 1306]]",rf,10.1594,6932.98,22.23
0.9784560143626571,0.9775650492736501,0.9924963203591924,0.9915401371393918,0.007035175879396985,"[[1968, 22], [50, 1302]]",dt,0.7645,26.49,0.88
