label,error_rate
0,0.00163769211388259
1,0.0339513604623164
