label,error_rate
0,0.0032605969400551793
1,0.03654404646660213
