label,error_rate
0,0.006270378730875345
1,0.034607938044530495
