label,error_rate
0,0.00802608477552044
1,0.02105517909002904
