label,error_rate
0,0.009029345372460496
1,0.022991287512100677
