label,error_rate
0,0.008527715073990468
1,0.021297192642787996
