accuracy,macro_f1,roc_auc,pr_auc,fpr_at_tpr_0_95,confusion_matrix,model,fit_time_s,model_size_kb,infer_ms_per_1k
0.9854661904175391,0.9854648142551454,0.9972129896510222,0.99796442385441,0.0,"[[3961, 26], [92, 4040]]",xgb,15.7971,563.79,3.56
0.9798004680379357,0.9798004530226836,0.9911471418120509,0.9944993076037943,0.0005016302984700275,"[[3974, 13], [151, 3981]]",linear_svm,1.0201,4.12,0.98
0.9793077965266659,0.9793075676855858,0.9924593080949677,0.9950685676175945,0.0007524454477050414,"[[3962, 25], [143, 3989]]",lr,3.3249,1.45,0.19
0.9853430225397216,0.9853412212742452,0.996679612904573,0.9976381049707104,0.00025081514923501377,"[[3955, 32], [87, 4045]]",lgbm,226.7164,2057.16,17.7
0.9849735189062693,0.9849716309603356,0.9972697144227938,0.9979379912972332,0.0005016302984700275,"[[3953, 34], [88, 4044]]",rf,12.6861,15629.07,15.2
0.983865008005912,0.9838631974609914,0.9951016384080789,0.9955642952624493,0.0015048908954100827,"[[3951, 36], [95, 4037]]",dt,0.9016,21.81,0.36
